datetime,time_s,LiquidPrecipitationDepth_mm,BldgLight,BldgOcc
1/1/2013 1:00,0,0.8,0.05,0
1/1/2013 2:00,3600,0.6,0.05,0
1/1/2013 3:00,7200,0.1,0.05,0
1/1/2013 4:00,10800,0,0.05,0
1/1/2013 5:00,14400,0.1,0.05,0
1/1/2013 6:00,18000,0.1,0.1,0
1/1/2013 7:00,21600,0.1,0.1,0.1
1/1/2013 8:00,25200,0.1,0.3,0.2
1/1/2013 9:00,28800,0.3,0.9,1
1/1/2013 10:00,32400,0.1,0.9,1
1/1/2013 11:00,36000,0.1,0.9,1
1/1/2013 12:00,39600,0,0.9,1
1/1/2013 13:00,43200,0.1,0.9,0.5
1/1/2013 14:00,46800,0.3,0.9,1
1/1/2013 15:00,50400,0.1,0.9,1
1/1/2013 16:00,54000,1.7,0.9,1
1/1/2013 17:00,57600,1.1,0.9,1
1/1/2013 18:00,61200,0,0.5,0.3
1/1/2013 19:00,64800,0,0.3,0.1
1/1/2013 20:00,68400,0,0.3,0.1
1/1/2013 21:00,72000,0,0.2,0
1/1/2013 22:00,75600,0,0.2,0
1/1/2013 23:00,79200,0,0.1,0
1/2/2013 0:00,82800,0,0.05,0
1/2/2013 1:00,86400,0,0.05,0
1/2/2013 2:00,90000,0,0.05,0
1/2/2013 3:00,93600,2,0.05,0
1/2/2013 4:00,97200,1.4,0.05,0
1/2/2013 5:00,100800,0.2,0.05,0
1/2/2013 6:00,104400,0.2,0.1,0
1/2/2013 7:00,108000,0.6,0.1,0.1
1/2/2013 8:00,111600,1.2,0.3,0.2
1/2/2013 9:00,115200,1.1,0.9,1
1/2/2013 10:00,118800,1.1,0.9,1
1/2/2013 11:00,122400,0.6,0.9,1
1/2/2013 12:00,126000,0.5,0.9,1
1/2/2013 13:00,129600,0.6,0.9,0.5
1/2/2013 14:00,133200,0.2,0.9,1
1/2/2013 15:00,136800,0.1,0.9,1
1/2/2013 16:00,140400,0.2,0.9,1
1/2/2013 17:00,144000,0.2,0.9,1
1/2/2013 18:00,147600,0.3,0.5,0.3
1/2/2013 19:00,151200,0.4,0.3,0.1
1/2/2013 20:00,154800,0.1,0.3,0.1
1/2/2013 21:00,158400,0,0.2,0
1/2/2013 22:00,162000,0.1,0.2,0
1/2/2013 23:00,165600,0,0.1,0
1/3/2013 0:00,169200,0,0.05,0
1/3/2013 1:00,172800,0,0.05,0
1/3/2013 2:00,176400,0,0.05,0
1/3/2013 3:00,180000,0,0.05,0
1/3/2013 4:00,183600,0,0.05,0
1/3/2013 5:00,187200,0,0.05,0
1/3/2013 6:00,190800,0,0.1,0
1/3/2013 7:00,194400,0,0.1,0.1
1/3/2013 8:00,198000,0,0.3,0.2
1/3/2013 9:00,201600,0,0.9,1
1/3/2013 10:00,205200,0.2,0.9,1
1/3/2013 11:00,208800,0.1,0.9,1
1/3/2013 12:00,212400,0.1,0.9,1
1/3/2013 13:00,216000,0,0.9,0.5
1/3/2013 14:00,219600,0.1,0.9,1
1/3/2013 15:00,223200,1.8,0.9,1
1/3/2013 16:00,226800,1.6,0.9,1
1/3/2013 17:00,230400,0.6,0.9,1
1/3/2013 18:00,234000,0.1,0.5,0.3
1/3/2013 19:00,237600,0,0.3,0.1
1/3/2013 20:00,241200,0,0.3,0.1
1/3/2013 21:00,244800,0,0.2,0
1/3/2013 22:00,248400,0,0.2,0
1/3/2013 23:00,252000,0,0.1,0
1/4/2013 0:00,255600,0,0.05,0
1/4/2013 1:00,259200,0,0.05,0
1/4/2013 2:00,262800,0,0.05,0
1/4/2013 3:00,266400,0,0.05,0
1/4/2013 4:00,270000,0,0.05,0
1/4/2013 5:00,273600,0,0.05,0
1/4/2013 6:00,277200,0,0.1,0
1/4/2013 7:00,280800,0,0.1,0.1
1/4/2013 8:00,284400,0,0.3,0.2
1/4/2013 9:00,288000,0,0.9,1
1/4/2013 10:00,291600,0,0.9,1
1/4/2013 11:00,295200,0,0.9,1
1/4/2013 12:00,298800,0,0.9,1
1/4/2013 13:00,302400,0.1,0.9,0.5
1/4/2013 14:00,306000,0.1,0.9,1
1/4/2013 15:00,309600,0.6,0.9,1
1/4/2013 16:00,313200,0.9,0.9,1
1/4/2013 17:00,316800,0.5,0.9,1
1/4/2013 18:00,320400,0.3,0.5,0.3
1/4/2013 19:00,324000,0.5,0.3,0.1
1/4/2013 20:00,327600,0.2,0.3,0.1
1/4/2013 21:00,331200,0.5,0.2,0
1/4/2013 22:00,334800,0.6,0.2,0
1/4/2013 23:00,338400,0.6,0.1,0
1/5/2013 0:00,342000,0.4,0.05,0
1/5/2013 1:00,345600,0.2,0.05,0
1/5/2013 2:00,349200,0.1,0.05,0
1/5/2013 3:00,352800,0,0.05,0
1/5/2013 4:00,356400,0.1,0.05,0
1/5/2013 5:00,360000,0.1,0.05,0
1/5/2013 6:00,363600,0.1,0.1,0
1/5/2013 7:00,367200,0,0.1,0.1
1/5/2013 8:00,370800,0,0.3,0.2
1/5/2013 9:00,374400,0.1,0.9,1
1/5/2013 10:00,378000,0.1,0.9,1
1/5/2013 11:00,381600,0.3,0.9,1
1/5/2013 12:00,385200,0.1,0.9,1
1/5/2013 13:00,388800,0.1,0.9,0.5
1/5/2013 14:00,392400,0,0.9,1
1/5/2013 15:00,396000,0.4,0.9,1
1/5/2013 16:00,399600,1.6,0.9,1
1/5/2013 17:00,403200,1.3,0.9,1
1/5/2013 18:00,406800,0.1,0.5,0.3
1/5/2013 19:00,410400,0,0.3,0.1
1/5/2013 20:00,414000,0,0.3,0.1
1/5/2013 21:00,417600,0,0.2,0
1/5/2013 22:00,421200,0,0.2,0
1/5/2013 23:00,424800,0,0.1,0
1/6/2013 0:00,428400,0,0.05,0
1/6/2013 1:00,432000,0,0.05,0
1/6/2013 2:00,435600,0,0.05,0
1/6/2013 3:00,439200,0,0.05,0
1/6/2013 4:00,442800,0,0.05,0
1/6/2013 5:00,446400,0,0.05,0
1/6/2013 6:00,450000,0,0.05,0
1/6/2013 7:00,453600,0,0.1,0.1
1/6/2013 8:00,457200,0,0.1,0.1
1/6/2013 9:00,460800,0,0.3,0.3
1/6/2013 10:00,464400,0,0.3,0.3
1/6/2013 11:00,468000,0,0.3,0.3
1/6/2013 12:00,471600,0,0.3,0.3
1/6/2013 13:00,475200,0,0.15,0.1
1/6/2013 14:00,478800,0,0.15,0.1
1/6/2013 15:00,482400,0,0.15,0.1
1/6/2013 16:00,486000,0,0.15,0.1
1/6/2013 17:00,489600,0,0.15,0.1
1/6/2013 18:00,493200,0,0.05,0
1/6/2013 19:00,496800,0,0.05,0
1/6/2013 20:00,500400,0,0.05,0
1/6/2013 21:00,504000,0,0.05,0
1/6/2013 22:00,507600,0,0.05,0
1/6/2013 23:00,511200,0,0.05,0
1/7/2013 0:00,514800,0,0.05,0
1/7/2013 1:00,518400,0,0,0
1/7/2013 2:00,522000,0,0,0
1/7/2013 3:00,525600,0,0,0
1/7/2013 4:00,529200,0,0,0
1/7/2013 5:00,532800,0,0,0
1/7/2013 6:00,536400,0,0,0
1/7/2013 7:00,540000,0,0,0
1/7/2013 8:00,543600,0,0,0
1/7/2013 9:00,547200,0,0,0
1/7/2013 10:00,550800,0,0,0
1/7/2013 11:00,554400,0,0,0
1/7/2013 12:00,558000,0,0,0
1/7/2013 13:00,561600,0,0,0
1/7/2013 14:00,565200,0,0,0
1/7/2013 15:00,568800,0,0,0
1/7/2013 16:00,572400,0,0,0
1/7/2013 17:00,576000,0,0,0
1/7/2013 18:00,579600,0,0,0
1/7/2013 19:00,583200,0,0,0
1/7/2013 20:00,586800,0,0,0
1/7/2013 21:00,590400,0,0,0
1/7/2013 22:00,594000,0,0,0
1/7/2013 23:00,597600,0,0,0
1/8/2013 0:00,601200,0,0,0
1/8/2013 1:00,604800,0,0.05,0
1/8/2013 2:00,608400,0,0.05,0
1/8/2013 3:00,612000,0,0.05,0
1/8/2013 4:00,615600,0,0.05,0
1/8/2013 5:00,619200,0,0.05,0
1/8/2013 6:00,622800,0,0.1,0
1/8/2013 7:00,626400,0,0.1,0.1
1/8/2013 8:00,630000,0,0.3,0.2
1/8/2013 9:00,633600,0,0.9,1
1/8/2013 10:00,637200,0,0.9,1
1/8/2013 11:00,640800,0,0.9,1
1/8/2013 12:00,644400,0,0.9,1
1/8/2013 13:00,648000,0,0.9,0.5
1/8/2013 14:00,651600,0,0.9,1
1/8/2013 15:00,655200,0.2,0.9,1
1/8/2013 16:00,658800,0.1,0.9,1
1/8/2013 17:00,662400,0.2,0.9,1
1/8/2013 18:00,666000,1.4,0.5,0.3
1/8/2013 19:00,669600,0.4,0.3,0.1
1/8/2013 20:00,673200,0,0.3,0.1
1/8/2013 21:00,676800,0,0.2,0
1/8/2013 22:00,680400,0,0.2,0
1/8/2013 23:00,684000,0,0.1,0
1/9/2013 0:00,687600,0,0.05,0
1/9/2013 1:00,691200,0,0.05,0
1/9/2013 2:00,694800,0,0.05,0
1/9/2013 3:00,698400,0,0.05,0
1/9/2013 4:00,702000,0,0.05,0
1/9/2013 5:00,705600,0,0.05,0
1/9/2013 6:00,709200,0,0.1,0
1/9/2013 7:00,712800,0,0.1,0.1
1/9/2013 8:00,716400,0,0.3,0.2
1/9/2013 9:00,720000,0,0.9,1
1/9/2013 10:00,723600,0,0.9,1
1/9/2013 11:00,727200,0.1,0.9,1
1/9/2013 12:00,730800,0.3,0.9,1
1/9/2013 13:00,734400,0.2,0.9,0.5
1/9/2013 14:00,738000,0.2,0.9,1
1/9/2013 15:00,741600,1.6,0.9,1
1/9/2013 16:00,745200,2.1,0.9,1
1/9/2013 17:00,748800,6,0.9,1
1/9/2013 18:00,752400,1.2,0.5,0.3
1/9/2013 19:00,756000,0.2,0.3,0.1
1/9/2013 20:00,759600,0,0.3,0.1
1/9/2013 21:00,763200,0,0.2,0
1/9/2013 22:00,766800,0,0.2,0
1/9/2013 23:00,770400,0,0.1,0
1/10/2013 0:00,774000,0,0.05,0
1/10/2013 1:00,777600,0,0.05,0
1/10/2013 2:00,781200,0,0.05,0
1/10/2013 3:00,784800,0,0.05,0
1/10/2013 4:00,788400,0,0.05,0
1/10/2013 5:00,792000,0,0.05,0
1/10/2013 6:00,795600,0,0.1,0
1/10/2013 7:00,799200,0,0.1,0.1
1/10/2013 8:00,802800,0,0.3,0.2
1/10/2013 9:00,806400,0,0.9,1
1/10/2013 10:00,810000,0,0.9,1
1/10/2013 11:00,813600,0,0.9,1
1/10/2013 12:00,817200,0,0.9,1
1/10/2013 13:00,820800,0,0.9,0.5
1/10/2013 14:00,824400,0,0.9,1
1/10/2013 15:00,828000,0,0.9,1
1/10/2013 16:00,831600,0,0.9,1
1/10/2013 17:00,835200,0,0.9,1
1/10/2013 18:00,838800,0,0.5,0.3
1/10/2013 19:00,842400,0,0.3,0.1
1/10/2013 20:00,846000,0,0.3,0.1
1/10/2013 21:00,849600,0,0.2,0
1/10/2013 22:00,853200,0,0.2,0
1/10/2013 23:00,856800,0.4,0.1,0
1/11/2013 0:00,860400,0.4,0.05,0
1/11/2013 1:00,864000,0.5,0.05,0
1/11/2013 2:00,867600,0.1,0.05,0
1/11/2013 3:00,871200,0,0.05,0
1/11/2013 4:00,874800,0,0.05,0
1/11/2013 5:00,878400,0,0.05,0
1/11/2013 6:00,882000,0,0.1,0
1/11/2013 7:00,885600,0,0.1,0.1
1/11/2013 8:00,889200,0,0.3,0.2
1/11/2013 9:00,892800,0,0.9,1
1/11/2013 10:00,896400,0,0.9,1
1/11/2013 11:00,900000,0,0.9,1
1/11/2013 12:00,903600,0,0.9,1
1/11/2013 13:00,907200,0,0.9,0.5
1/11/2013 14:00,910800,0,0.9,1
1/11/2013 15:00,914400,0.1,0.9,1
1/11/2013 16:00,918000,0.1,0.9,1
1/11/2013 17:00,921600,0.3,0.9,1
1/11/2013 18:00,925200,0.1,0.5,0.3
1/11/2013 19:00,928800,0,0.3,0.1
1/11/2013 20:00,932400,0,0.3,0.1
1/11/2013 21:00,936000,0,0.2,0
1/11/2013 22:00,939600,0,0.2,0
1/11/2013 23:00,943200,0,0.1,0
1/12/2013 0:00,946800,0,0.05,0
1/12/2013 1:00,950400,0,0.05,0
1/12/2013 2:00,954000,0,0.05,0
1/12/2013 3:00,957600,0,0.05,0
1/12/2013 4:00,961200,0.1,0.05,0
1/12/2013 5:00,964800,0.1,0.05,0
1/12/2013 6:00,968400,0,0.1,0
1/12/2013 7:00,972000,0,0.1,0.1
1/12/2013 8:00,975600,0,0.3,0.2
1/12/2013 9:00,979200,0,0.9,1
1/12/2013 10:00,982800,0,0.9,1
1/12/2013 11:00,986400,0,0.9,1
1/12/2013 12:00,990000,0,0.9,1
1/12/2013 13:00,993600,0,0.9,0.5
1/12/2013 14:00,997200,0,0.9,1
1/12/2013 15:00,1000800,0,0.9,1
1/12/2013 16:00,1004400,0,0.9,1
1/12/2013 17:00,1008000,0,0.9,1
1/12/2013 18:00,1011600,0,0.5,0.3
1/12/2013 19:00,1015200,0,0.3,0.1
1/12/2013 20:00,1018800,0,0.3,0.1
1/12/2013 21:00,1022400,0,0.2,0
1/12/2013 22:00,1026000,0,0.2,0
1/12/2013 23:00,1029600,0,0.1,0
1/13/2013 0:00,1033200,0,0.05,0
1/13/2013 1:00,1036800,0,0.05,0
1/13/2013 2:00,1040400,0,0.05,0
1/13/2013 3:00,1044000,0,0.05,0
1/13/2013 4:00,1047600,0,0.05,0
1/13/2013 5:00,1051200,0,0.05,0
1/13/2013 6:00,1054800,0,0.05,0
1/13/2013 7:00,1058400,0,0.1,0.1
1/13/2013 8:00,1062000,0,0.1,0.1
1/13/2013 9:00,1065600,0,0.3,0.3
1/13/2013 10:00,1069200,0,0.3,0.3
1/13/2013 11:00,1072800,0,0.3,0.3
1/13/2013 12:00,1076400,0,0.3,0.3
1/13/2013 13:00,1080000,0,0.15,0.1
1/13/2013 14:00,1083600,0.1,0.15,0.1
1/13/2013 15:00,1087200,0.3,0.15,0.1
1/13/2013 16:00,1090800,0.1,0.15,0.1
1/13/2013 17:00,1094400,0,0.15,0.1
1/13/2013 18:00,1098000,0,0.05,0
1/13/2013 19:00,1101600,0.6,0.05,0
1/13/2013 20:00,1105200,0.1,0.05,0
1/13/2013 21:00,1108800,0,0.05,0
1/13/2013 22:00,1112400,0,0.05,0
1/13/2013 23:00,1116000,0,0.05,0
1/14/2013 0:00,1119600,0,0.05,0
1/14/2013 1:00,1123200,0,0,0
1/14/2013 2:00,1126800,0,0,0
1/14/2013 3:00,1130400,0,0,0
1/14/2013 4:00,1134000,0,0,0
1/14/2013 5:00,1137600,0,0,0
1/14/2013 6:00,1141200,0,0,0
1/14/2013 7:00,1144800,0,0,0
1/14/2013 8:00,1148400,0,0,0
1/14/2013 9:00,1152000,0,0,0
1/14/2013 10:00,1155600,0,0,0
1/14/2013 11:00,1159200,0,0,0
1/14/2013 12:00,1162800,0,0,0
1/14/2013 13:00,1166400,0.1,0,0
1/14/2013 14:00,1170000,0.1,0,0
1/14/2013 15:00,1173600,0.1,0,0
1/14/2013 16:00,1177200,0.1,0,0
1/14/2013 17:00,1180800,0,0,0
1/14/2013 18:00,1184400,0,0,0
1/14/2013 19:00,1188000,0,0,0
1/14/2013 20:00,1191600,0,0,0
1/14/2013 21:00,1195200,0,0,0
1/14/2013 22:00,1198800,0,0,0
1/14/2013 23:00,1202400,0,0,0
1/15/2013 0:00,1206000,0,0,0
1/15/2013 1:00,1209600,0,0.05,0
1/15/2013 2:00,1213200,0,0.05,0
1/15/2013 3:00,1216800,0,0.05,0
1/15/2013 4:00,1220400,0,0.05,0
1/15/2013 5:00,1224000,0,0.05,0
1/15/2013 6:00,1227600,0,0.1,0
1/15/2013 7:00,1231200,0,0.1,0.1
1/15/2013 8:00,1234800,0,0.3,0.2
1/15/2013 9:00,1238400,0,0.9,1
1/15/2013 10:00,1242000,0,0.9,1
1/15/2013 11:00,1245600,0,0.9,1
1/15/2013 12:00,1249200,0,0.9,1
1/15/2013 13:00,1252800,0.1,0.9,0.5
1/15/2013 14:00,1256400,0.1,0.9,1
1/15/2013 15:00,1260000,0.2,0.9,1
1/15/2013 16:00,1263600,0.1,0.9,1
1/15/2013 17:00,1267200,0.4,0.9,1
1/15/2013 18:00,1270800,0.2,0.5,0.3
1/15/2013 19:00,1274400,0,0.3,0.1
1/15/2013 20:00,1278000,0,0.3,0.1
1/15/2013 21:00,1281600,0,0.2,0
1/15/2013 22:00,1285200,0,0.2,0
1/15/2013 23:00,1288800,0,0.1,0
1/16/2013 0:00,1292400,0,0.05,0
1/16/2013 1:00,1296000,0,0.05,0
1/16/2013 2:00,1299600,0,0.05,0
1/16/2013 3:00,1303200,0,0.05,0
1/16/2013 4:00,1306800,0,0.05,0
1/16/2013 5:00,1310400,0.1,0.05,0
1/16/2013 6:00,1314000,0,0.1,0
1/16/2013 7:00,1317600,0,0.1,0.1
1/16/2013 8:00,1321200,0,0.3,0.2
1/16/2013 9:00,1324800,0,0.9,1
1/16/2013 10:00,1328400,0,0.9,1
1/16/2013 11:00,1332000,0,0.9,1
1/16/2013 12:00,1335600,0,0.9,1
1/16/2013 13:00,1339200,0,0.9,0.5
1/16/2013 14:00,1342800,0.1,0.9,1
1/16/2013 15:00,1346400,0.2,0.9,1
1/16/2013 16:00,1350000,0.1,0.9,1
1/16/2013 17:00,1353600,0,0.9,1
1/16/2013 18:00,1357200,0,0.5,0.3
1/16/2013 19:00,1360800,0,0.3,0.1
1/16/2013 20:00,1364400,0,0.3,0.1
1/16/2013 21:00,1368000,0,0.2,0
1/16/2013 22:00,1371600,0,0.2,0
1/16/2013 23:00,1375200,0,0.1,0
1/17/2013 0:00,1378800,0,0.05,0
1/17/2013 1:00,1382400,0,0.05,0
1/17/2013 2:00,1386000,0,0.05,0
1/17/2013 3:00,1389600,0,0.05,0
1/17/2013 4:00,1393200,0,0.05,0
1/17/2013 5:00,1396800,0,0.05,0
1/17/2013 6:00,1400400,0,0.1,0
1/17/2013 7:00,1404000,0,0.1,0.1
1/17/2013 8:00,1407600,0,0.3,0.2
1/17/2013 9:00,1411200,0,0.9,1
1/17/2013 10:00,1414800,0,0.9,1
1/17/2013 11:00,1418400,0,0.9,1
1/17/2013 12:00,1422000,0,0.9,1
1/17/2013 13:00,1425600,0,0.9,0.5
1/17/2013 14:00,1429200,0,0.9,1
1/17/2013 15:00,1432800,0,0.9,1
1/17/2013 16:00,1436400,0,0.9,1
1/17/2013 17:00,1440000,0,0.9,1
1/17/2013 18:00,1443600,0,0.5,0.3
1/17/2013 19:00,1447200,0,0.3,0.1
1/17/2013 20:00,1450800,0,0.3,0.1
1/17/2013 21:00,1454400,0,0.2,0
1/17/2013 22:00,1458000,0,0.2,0
1/17/2013 23:00,1461600,0,0.1,0
1/18/2013 0:00,1465200,0,0.05,0
1/18/2013 1:00,1468800,0,0.05,0
1/18/2013 2:00,1472400,0,0.05,0
1/18/2013 3:00,1476000,0,0.05,0
1/18/2013 4:00,1479600,0,0.05,0
1/18/2013 5:00,1483200,0,0.05,0
1/18/2013 6:00,1486800,0,0.1,0
1/18/2013 7:00,1490400,0,0.1,0.1
1/18/2013 8:00,1494000,0,0.3,0.2
1/18/2013 9:00,1497600,0,0.9,1
1/18/2013 10:00,1501200,0.1,0.9,1
1/18/2013 11:00,1504800,0.2,0.9,1
1/18/2013 12:00,1508400,0.1,0.9,1
1/18/2013 13:00,1512000,0.4,0.9,0.5
1/18/2013 14:00,1515600,0.2,0.9,1
1/18/2013 15:00,1519200,0,0.9,1
1/18/2013 16:00,1522800,0.3,0.9,1
1/18/2013 17:00,1526400,0.2,0.9,1
1/18/2013 18:00,1530000,0.2,0.5,0.3
1/18/2013 19:00,1533600,0.3,0.3,0.1
1/18/2013 20:00,1537200,0.3,0.3,0.1
1/18/2013 21:00,1540800,0.6,0.2,0
1/18/2013 22:00,1544400,1.4,0.2,0
1/18/2013 23:00,1548000,1.5,0.1,0
1/19/2013 0:00,1551600,0.9,0.05,0
1/19/2013 1:00,1555200,1.1,0.05,0
1/19/2013 2:00,1558800,1.2,0.05,0
1/19/2013 3:00,1562400,1.2,0.05,0
1/19/2013 4:00,1566000,1.1,0.05,0
1/19/2013 5:00,1569600,0.7,0.05,0
1/19/2013 6:00,1573200,1.5,0.1,0
1/19/2013 7:00,1576800,2.2,0.1,0.1
1/19/2013 8:00,1580400,2.3,0.3,0.2
1/19/2013 9:00,1584000,2.2,0.9,1
1/19/2013 10:00,1587600,2,0.9,1
1/19/2013 11:00,1591200,2.1,0.9,1
1/19/2013 12:00,1594800,2.6,0.9,1
1/19/2013 13:00,1598400,2.3,0.9,0.5
1/19/2013 14:00,1602000,2,0.9,1
1/19/2013 15:00,1605600,2.1,0.9,1
1/19/2013 16:00,1609200,2,0.9,1
1/19/2013 17:00,1612800,2.3,0.9,1
1/19/2013 18:00,1616400,1.5,0.5,0.3
1/19/2013 19:00,1620000,1.1,0.3,0.1
1/19/2013 20:00,1623600,0.9,0.3,0.1
1/19/2013 21:00,1627200,0.9,0.2,0
1/19/2013 22:00,1630800,1.3,0.2,0
1/19/2013 23:00,1634400,0.6,0.1,0
1/20/2013 0:00,1638000,1.1,0.05,0
1/20/2013 1:00,1641600,1.1,0.05,0
1/20/2013 2:00,1645200,1.1,0.05,0
1/20/2013 3:00,1648800,0.8,0.05,0
1/20/2013 4:00,1652400,0.5,0.05,0
1/20/2013 5:00,1656000,0.4,0.05,0
1/20/2013 6:00,1659600,0.2,0.05,0
1/20/2013 7:00,1663200,0.1,0.1,0.1
1/20/2013 8:00,1666800,0.1,0.1,0.1
1/20/2013 9:00,1670400,0.2,0.3,0.3
1/20/2013 10:00,1674000,0.2,0.3,0.3
1/20/2013 11:00,1677600,0.6,0.3,0.3
1/20/2013 12:00,1681200,2.3,0.3,0.3
1/20/2013 13:00,1684800,1.7,0.15,0.1
1/20/2013 14:00,1688400,1.2,0.15,0.1
1/20/2013 15:00,1692000,1.5,0.15,0.1
1/20/2013 16:00,1695600,1.4,0.15,0.1
1/20/2013 17:00,1699200,3.6,0.15,0.1
1/20/2013 18:00,1702800,5.3,0.05,0
1/20/2013 19:00,1706400,1.5,0.05,0
1/20/2013 20:00,1710000,0.9,0.05,0
1/20/2013 21:00,1713600,0.8,0.05,0
1/20/2013 22:00,1717200,0.9,0.05,0
1/20/2013 23:00,1720800,1,0.05,0
1/21/2013 0:00,1724400,1.1,0.05,0
1/21/2013 1:00,1728000,1,0,0
1/21/2013 2:00,1731600,0.6,0,0
1/21/2013 3:00,1735200,1.5,0,0
1/21/2013 4:00,1738800,1,0,0
1/21/2013 5:00,1742400,0.5,0,0
1/21/2013 6:00,1746000,0.3,0,0
1/21/2013 7:00,1749600,0.2,0,0
1/21/2013 8:00,1753200,0.1,0,0
1/21/2013 9:00,1756800,0.1,0,0
1/21/2013 10:00,1760400,0.1,0,0
1/21/2013 11:00,1764000,0.1,0,0
1/21/2013 12:00,1767600,0.1,0,0
1/21/2013 13:00,1771200,0.2,0,0
1/21/2013 14:00,1774800,0.1,0,0
1/21/2013 15:00,1778400,1.4,0,0
1/21/2013 16:00,1782000,0.5,0,0
1/21/2013 17:00,1785600,0.1,0,0
1/21/2013 18:00,1789200,0.1,0,0
1/21/2013 19:00,1792800,0,0,0
1/21/2013 20:00,1796400,0,0,0
1/21/2013 21:00,1800000,0,0,0
1/21/2013 22:00,1803600,0,0,0
1/21/2013 23:00,1807200,0,0,0
1/22/2013 0:00,1810800,0.1,0,0
1/22/2013 1:00,1814400,1.1,0.05,0
1/22/2013 2:00,1818000,0.9,0.05,0
1/22/2013 3:00,1821600,0,0.05,0
1/22/2013 4:00,1825200,0,0.05,0
1/22/2013 5:00,1828800,0.2,0.05,0
1/22/2013 6:00,1832400,0.4,0.1,0
1/22/2013 7:00,1836000,0.2,0.1,0.1
1/22/2013 8:00,1839600,0.1,0.3,0.2
1/22/2013 9:00,1843200,0,0.9,1
1/22/2013 10:00,1846800,0.1,0.9,1
1/22/2013 11:00,1850400,0.2,0.9,1
1/22/2013 12:00,1854000,0.2,0.9,1
1/22/2013 13:00,1857600,0.3,0.9,0.5
1/22/2013 14:00,1861200,0.4,0.9,1
1/22/2013 15:00,1864800,0.6,0.9,1
1/22/2013 16:00,1868400,0.5,0.9,1
1/22/2013 17:00,1872000,0.3,0.9,1
1/22/2013 18:00,1875600,0.1,0.5,0.3
1/22/2013 19:00,1879200,0.1,0.3,0.1
1/22/2013 20:00,1882800,0.1,0.3,0.1
1/22/2013 21:00,1886400,0.1,0.2,0
1/22/2013 22:00,1890000,0.2,0.2,0
1/22/2013 23:00,1893600,0.3,0.1,0
1/23/2013 0:00,1897200,0.3,0.05,0
1/23/2013 1:00,1900800,0.2,0.05,0
1/23/2013 2:00,1904400,0,0.05,0
1/23/2013 3:00,1908000,0.5,0.05,0
1/23/2013 4:00,1911600,1,0.05,0
1/23/2013 5:00,1915200,0.1,0.05,0
1/23/2013 6:00,1918800,0.1,0.1,0
1/23/2013 7:00,1922400,0.1,0.1,0.1
1/23/2013 8:00,1926000,0.1,0.3,0.2
1/23/2013 9:00,1929600,0.1,0.9,1
1/23/2013 10:00,1933200,0.1,0.9,1
1/23/2013 11:00,1936800,0.5,0.9,1
1/23/2013 12:00,1940400,1.8,0.9,1
1/23/2013 13:00,1944000,2,0.9,0.5
1/23/2013 14:00,1947600,2,0.9,1
1/23/2013 15:00,1951200,0.2,0.9,1
1/23/2013 16:00,1954800,0.1,0.9,1
1/23/2013 17:00,1958400,0,0.9,1
1/23/2013 18:00,1962000,0,0.5,0.3
1/23/2013 19:00,1965600,0,0.3,0.1
1/23/2013 20:00,1969200,0,0.3,0.1
1/23/2013 21:00,1972800,0,0.2,0
1/23/2013 22:00,1976400,0,0.2,0
1/23/2013 23:00,1980000,0,0.1,0
1/24/2013 0:00,1983600,0,0.05,0
1/24/2013 1:00,1987200,0,0.05,0
1/24/2013 2:00,1990800,0,0.05,0
1/24/2013 3:00,1994400,0,0.05,0
1/24/2013 4:00,1998000,0,0.05,0
1/24/2013 5:00,2001600,0,0.05,0
1/24/2013 6:00,2005200,0,0.1,0
1/24/2013 7:00,2008800,0,0.1,0.1
1/24/2013 8:00,2012400,0,0.3,0.2
1/24/2013 9:00,2016000,0.1,0.9,1
1/24/2013 10:00,2019600,0.1,0.9,1
1/24/2013 11:00,2023200,0.1,0.9,1
1/24/2013 12:00,2026800,0.1,0.9,1
1/24/2013 13:00,2030400,0.1,0.9,0.5
1/24/2013 14:00,2034000,0.1,0.9,1
1/24/2013 15:00,2037600,0.9,0.9,1
1/24/2013 16:00,2041200,0.2,0.9,1
1/24/2013 17:00,2044800,0.1,0.9,1
1/24/2013 18:00,2048400,0.1,0.5,0.3
1/24/2013 19:00,2052000,0,0.3,0.1
1/24/2013 20:00,2055600,0,0.3,0.1
1/24/2013 21:00,2059200,0,0.2,0
1/24/2013 22:00,2062800,0,0.2,0
1/24/2013 23:00,2066400,0,0.1,0
1/25/2013 0:00,2070000,0,0.05,0
1/25/2013 1:00,2073600,0,0.05,0
1/25/2013 2:00,2077200,0,0.05,0
1/25/2013 3:00,2080800,0,0.05,0
1/25/2013 4:00,2084400,0,0.05,0
1/25/2013 5:00,2088000,0,0.05,0
1/25/2013 6:00,2091600,0,0.1,0
1/25/2013 7:00,2095200,0,0.1,0.1
1/25/2013 8:00,2098800,0,0.3,0.2
1/25/2013 9:00,2102400,0,0.9,1
1/25/2013 10:00,2106000,0,0.9,1
1/25/2013 11:00,2109600,0,0.9,1
1/25/2013 12:00,2113200,0,0.9,1
1/25/2013 13:00,2116800,0,0.9,0.5
1/25/2013 14:00,2120400,0,0.9,1
1/25/2013 15:00,2124000,0,0.9,1
1/25/2013 16:00,2127600,0,0.9,1
1/25/2013 17:00,2131200,0,0.9,1
1/25/2013 18:00,2134800,0,0.5,0.3
1/25/2013 19:00,2138400,0,0.3,0.1
1/25/2013 20:00,2142000,0,0.3,0.1
1/25/2013 21:00,2145600,0,0.2,0
1/25/2013 22:00,2149200,0.1,0.2,0
1/25/2013 23:00,2152800,0.1,0.1,0
1/26/2013 0:00,2156400,0.2,0.05,0
1/26/2013 1:00,2160000,0.1,0.05,0
1/26/2013 2:00,2163600,0.1,0.05,0
1/26/2013 3:00,2167200,0.1,0.05,0
1/26/2013 4:00,2170800,0.1,0.05,0
1/26/2013 5:00,2174400,0,0.05,0
1/26/2013 6:00,2178000,0,0.1,0
1/26/2013 7:00,2181600,0,0.1,0.1
1/26/2013 8:00,2185200,0,0.3,0.2
1/26/2013 9:00,2188800,0,0.9,1
1/26/2013 10:00,2192400,0,0.9,1
1/26/2013 11:00,2196000,0,0.9,1
1/26/2013 12:00,2199600,0,0.9,1
1/26/2013 13:00,2203200,0,0.9,0.5
1/26/2013 14:00,2206800,0,0.9,1
1/26/2013 15:00,2210400,0,0.9,1
1/26/2013 16:00,2214000,0,0.9,1
1/26/2013 17:00,2217600,0,0.9,1
1/26/2013 18:00,2221200,0,0.5,0.3
1/26/2013 19:00,2224800,0,0.3,0.1
1/26/2013 20:00,2228400,0,0.3,0.1
1/26/2013 21:00,2232000,0,0.2,0
1/26/2013 22:00,2235600,0,0.2,0
1/26/2013 23:00,2239200,0,0.1,0
1/27/2013 0:00,2242800,0,0.05,0
1/27/2013 1:00,2246400,0,0.05,0
1/27/2013 2:00,2250000,0,0.05,0
1/27/2013 3:00,2253600,0,0.05,0
1/27/2013 4:00,2257200,0,0.05,0
1/27/2013 5:00,2260800,0,0.05,0
1/27/2013 6:00,2264400,0,0.05,0
1/27/2013 7:00,2268000,0,0.1,0.1
1/27/2013 8:00,2271600,0,0.1,0.1
1/27/2013 9:00,2275200,0,0.3,0.3
1/27/2013 10:00,2278800,0,0.3,0.3
1/27/2013 11:00,2282400,0,0.3,0.3
1/27/2013 12:00,2286000,0,0.3,0.3
1/27/2013 13:00,2289600,0,0.15,0.1
1/27/2013 14:00,2293200,0,0.15,0.1
1/27/2013 15:00,2296800,0.1,0.15,0.1
1/27/2013 16:00,2300400,0.1,0.15,0.1
1/27/2013 17:00,2304000,0.1,0.15,0.1
1/27/2013 18:00,2307600,0.1,0.05,0
1/27/2013 19:00,2311200,0,0.05,0
1/27/2013 20:00,2314800,0,0.05,0
1/27/2013 21:00,2318400,0,0.05,0
1/27/2013 22:00,2322000,0,0.05,0
1/27/2013 23:00,2325600,0,0.05,0
1/28/2013 0:00,2329200,0,0.05,0
1/28/2013 1:00,2332800,0,0,0
1/28/2013 2:00,2336400,0,0,0
1/28/2013 3:00,2340000,0,0,0
1/28/2013 4:00,2343600,0,0,0
1/28/2013 5:00,2347200,0,0,0
1/28/2013 6:00,2350800,0,0,0
1/28/2013 7:00,2354400,0,0,0
1/28/2013 8:00,2358000,0,0,0
1/28/2013 9:00,2361600,0,0,0
1/28/2013 10:00,2365200,0,0,0
1/28/2013 11:00,2368800,0.1,0,0
1/28/2013 12:00,2372400,0.1,0,0
1/28/2013 13:00,2376000,0.1,0,0
1/28/2013 14:00,2379600,0.2,0,0
1/28/2013 15:00,2383200,0.1,0,0
1/28/2013 16:00,2386800,0.1,0,0
1/28/2013 17:00,2390400,0.1,0,0
1/28/2013 18:00,2394000,0,0,0
1/28/2013 19:00,2397600,0,0,0
1/28/2013 20:00,2401200,0,0,0
1/28/2013 21:00,2404800,0,0,0
1/28/2013 22:00,2408400,0,0,0
1/28/2013 23:00,2412000,0,0,0
1/29/2013 0:00,2415600,0,0,0
1/29/2013 1:00,2419200,0,0.05,0
1/29/2013 2:00,2422800,0,0.05,0
1/29/2013 3:00,2426400,0,0.05,0
1/29/2013 4:00,2430000,0,0.05,0
1/29/2013 5:00,2433600,0,0.05,0
1/29/2013 6:00,2437200,0,0.1,0
1/29/2013 7:00,2440800,0,0.1,0.1
1/29/2013 8:00,2444400,0,0.3,0.2
1/29/2013 9:00,2448000,0,0.9,1
1/29/2013 10:00,2451600,0,0.9,1
1/29/2013 11:00,2455200,0,0.9,1
1/29/2013 12:00,2458800,0.1,0.9,1
1/29/2013 13:00,2462400,0.1,0.9,0.5
1/29/2013 14:00,2466000,0.1,0.9,1
1/29/2013 15:00,2469600,0.1,0.9,1
1/29/2013 16:00,2473200,0.1,0.9,1
1/29/2013 17:00,2476800,0,0.9,1
1/29/2013 18:00,2480400,0,0.5,0.3
1/29/2013 19:00,2484000,0,0.3,0.1
1/29/2013 20:00,2487600,0,0.3,0.1
1/29/2013 21:00,2491200,0,0.2,0
1/29/2013 22:00,2494800,0,0.2,0
1/29/2013 23:00,2498400,0,0.1,0
1/30/2013 0:00,2502000,0,0.05,0
1/30/2013 1:00,2505600,0,0.05,0
1/30/2013 2:00,2509200,0,0.05,0
1/30/2013 3:00,2512800,0,0.05,0
1/30/2013 4:00,2516400,0,0.05,0
1/30/2013 5:00,2520000,0,0.05,0
1/30/2013 6:00,2523600,0,0.1,0
1/30/2013 7:00,2527200,0,0.1,0.1
1/30/2013 8:00,2530800,0,0.3,0.2
1/30/2013 9:00,2534400,0,0.9,1
1/30/2013 10:00,2538000,0,0.9,1
1/30/2013 11:00,2541600,0,0.9,1
1/30/2013 12:00,2545200,0,0.9,1
1/30/2013 13:00,2548800,0,0.9,0.5
1/30/2013 14:00,2552400,0,0.9,1
1/30/2013 15:00,2556000,0,0.9,1
1/30/2013 16:00,2559600,0,0.9,1
1/30/2013 17:00,2563200,0,0.9,1
1/30/2013 18:00,2566800,0,0.5,0.3
1/30/2013 19:00,2570400,0,0.3,0.1
1/30/2013 20:00,2574000,0,0.3,0.1
1/30/2013 21:00,2577600,0,0.2,0
1/30/2013 22:00,2581200,0,0.2,0
1/30/2013 23:00,2584800,0,0.1,0
1/31/2013 0:00,2588400,0,0.05,0
1/31/2013 1:00,2592000,0,0.05,0
1/31/2013 2:00,2595600,0,0.05,0
1/31/2013 3:00,2599200,0,0.05,0
1/31/2013 4:00,2602800,0,0.05,0
1/31/2013 5:00,2606400,0,0.05,0
1/31/2013 6:00,2610000,0,0.1,0
1/31/2013 7:00,2613600,0,0.1,0.1
1/31/2013 8:00,2617200,0,0.3,0.2
1/31/2013 9:00,2620800,0,0.9,1
1/31/2013 10:00,2624400,0,0.9,1
1/31/2013 11:00,2628000,0.1,0.9,1
1/31/2013 12:00,2631600,0.1,0.9,1
1/31/2013 13:00,2635200,0,0.9,0.5
1/31/2013 14:00,2638800,0.1,0.9,1
1/31/2013 15:00,2642400,0.1,0.9,1
1/31/2013 16:00,2646000,0.2,0.9,1
1/31/2013 17:00,2649600,0.1,0.9,1
1/31/2013 18:00,2653200,0,0.5,0.3
1/31/2013 19:00,2656800,0,0.3,0.1
1/31/2013 20:00,2660400,0,0.3,0.1
1/31/2013 21:00,2664000,0,0.2,0
1/31/2013 22:00,2667600,0,0.2,0
1/31/2013 23:00,2671200,0,0.1,0
2/1/2013 0:00,2674800,0,0.05,0
2/1/2011 1:00,2678400,0.2,0.05,0
2/1/2011 2:00,2682000,0.2,0.05,0
2/1/2011 3:00,2685600,0.1,0.05,0
2/1/2011 4:00,2689200,0.1,0.05,0
2/1/2011 5:00,2692800,0.1,0.05,0
2/1/2011 6:00,2696400,0.2,0.1,0
2/1/2011 7:00,2700000,0.1,0.1,0.1
2/1/2011 8:00,2703600,0.1,0.3,0.2
2/1/2011 9:00,2707200,0.1,0.9,1
2/1/2011 10:00,2710800,0.1,0.9,1
2/1/2011 11:00,2714400,0.1,0.9,1
2/1/2011 12:00,2718000,0.1,0.9,1
2/1/2011 13:00,2721600,0.1,0.9,0.5
2/1/2011 14:00,2725200,0.3,0.9,1
2/1/2011 15:00,2728800,0.2,0.9,1
2/1/2011 16:00,2732400,0.2,0.9,1
2/1/2011 17:00,2736000,0.1,0.9,1
2/1/2011 18:00,2739600,0.1,0.5,0.3
2/1/2011 19:00,2743200,0.1,0.3,0.1
2/1/2011 20:00,2746800,0,0.3,0.1
2/1/2011 21:00,2750400,0,0.2,0
2/1/2011 22:00,2754000,0,0.2,0
2/1/2011 23:00,2757600,0,0.1,0
2/2/2011 0:00,2761200,0,0.05,0
2/2/2011 1:00,2764800,0.1,0.05,0
2/2/2011 2:00,2768400,0.1,0.05,0
2/2/2011 3:00,2772000,0,0.05,0
2/2/2011 4:00,2775600,0,0.05,0
2/2/2011 5:00,2779200,0,0.05,0
2/2/2011 6:00,2782800,0,0.1,0
2/2/2011 7:00,2786400,0.1,0.1,0.1
2/2/2011 8:00,2790000,0.1,0.3,0.2
2/2/2011 9:00,2793600,0.1,0.9,1
2/2/2011 10:00,2797200,0.1,0.9,1
2/2/2011 11:00,2800800,0.1,0.9,1
2/2/2011 12:00,2804400,0.2,0.9,1
2/2/2011 13:00,2808000,0.5,0.9,0.5
2/2/2011 14:00,2811600,0.8,0.9,1
2/2/2011 15:00,2815200,0.5,0.9,1
2/2/2011 16:00,2818800,0.6,0.9,1
2/2/2011 17:00,2822400,0.2,0.9,1
2/2/2011 18:00,2826000,0.2,0.5,0.3
2/2/2011 19:00,2829600,0.1,0.3,0.1
2/2/2011 20:00,2833200,0,0.3,0.1
2/2/2011 21:00,2836800,0.1,0.2,0
2/2/2011 22:00,2840400,0.1,0.2,0
2/2/2011 23:00,2844000,0.2,0.1,0
2/3/2011 0:00,2847600,0.2,0.05,0
2/3/2011 1:00,2851200,0.3,0.05,0
2/3/2011 2:00,2854800,0.4,0.05,0
2/3/2011 3:00,2858400,0.1,0.05,0
2/3/2011 4:00,2862000,0.1,0.05,0
2/3/2011 5:00,2865600,0.1,0.05,0
2/3/2011 6:00,2869200,0.3,0.05,0
2/3/2011 7:00,2872800,0.1,0.1,0.1
2/3/2011 8:00,2876400,0.2,0.1,0.1
2/3/2011 9:00,2880000,0.1,0.3,0.3
2/3/2011 10:00,2883600,0.1,0.3,0.3
2/3/2011 11:00,2887200,0.1,0.3,0.3
2/3/2011 12:00,2890800,0.1,0.3,0.3
2/3/2011 13:00,2894400,0.1,0.15,0.1
2/3/2011 14:00,2898000,0.1,0.15,0.1
2/3/2011 15:00,2901600,0.2,0.15,0.1
2/3/2011 16:00,2905200,0.2,0.15,0.1
2/3/2011 17:00,2908800,0.3,0.15,0.1
2/3/2011 18:00,2912400,0.1,0.05,0
2/3/2011 19:00,2916000,0,0.05,0
2/3/2011 20:00,2919600,0,0.05,0
2/3/2011 21:00,2923200,0,0.05,0
2/3/2011 22:00,2926800,0,0.05,0
2/3/2011 23:00,2930400,0,0.05,0
2/4/2011 0:00,2934000,0.1,0.05,0
2/4/2011 1:00,2937600,0.1,0,0
2/4/2011 2:00,2941200,0,0,0
2/4/2011 3:00,2944800,0,0,0
2/4/2011 4:00,2948400,0,0,0
2/4/2011 5:00,2952000,0,0,0
2/4/2011 6:00,2955600,0,0,0
2/4/2011 7:00,2959200,0,0,0
2/4/2011 8:00,2962800,0,0,0
2/4/2011 9:00,2966400,0,0,0
2/4/2011 10:00,2970000,0,0,0
2/4/2011 11:00,2973600,0,0,0
2/4/2011 12:00,2977200,0,0,0
2/4/2011 13:00,2980800,0,0,0
2/4/2011 14:00,2984400,0,0,0
2/4/2011 15:00,2988000,0,0,0
2/4/2011 16:00,2991600,0.1,0,0
2/4/2011 17:00,2995200,0,0,0
2/4/2011 18:00,2998800,0,0,0
2/4/2011 19:00,3002400,0,0,0
2/4/2011 20:00,3006000,0,0,0
2/4/2011 21:00,3009600,0,0,0
2/4/2011 22:00,3013200,0,0,0
2/4/2011 23:00,3016800,0,0,0
2/5/2011 0:00,3020400,0,0,0
2/5/2011 1:00,3024000,0,0.05,0
2/5/2011 2:00,3027600,0,0.05,0
2/5/2011 3:00,3031200,0,0.05,0
2/5/2011 4:00,3034800,0,0.05,0
2/5/2011 5:00,3038400,0,0.05,0
2/5/2011 6:00,3042000,0,0.1,0
2/5/2011 7:00,3045600,0,0.1,0.1
2/5/2011 8:00,3049200,0,0.3,0.2
2/5/2011 9:00,3052800,0,0.9,1
2/5/2011 10:00,3056400,0,0.9,1
2/5/2011 11:00,3060000,0,0.9,1
2/5/2011 12:00,3063600,0,0.9,1
2/5/2011 13:00,3067200,0,0.9,0.5
2/5/2011 14:00,3070800,0,0.9,1
2/5/2011 15:00,3074400,0,0.9,1
2/5/2011 16:00,3078000,0,0.9,1
2/5/2011 17:00,3081600,0,0.9,1
2/5/2011 18:00,3085200,0,0.5,0.3
2/5/2011 19:00,3088800,0,0.3,0.1
2/5/2011 20:00,3092400,0,0.3,0.1
2/5/2011 21:00,3096000,0,0.2,0
2/5/2011 22:00,3099600,0,0.2,0
2/5/2011 23:00,3103200,0,0.1,0
2/6/2011 0:00,3106800,0,0.05,0
2/6/2011 1:00,3110400,0,0.05,0
2/6/2011 2:00,3114000,0,0.05,0
2/6/2011 3:00,3117600,0,0.05,0
2/6/2011 4:00,3121200,0,0.05,0
2/6/2011 5:00,3124800,0,0.05,0
2/6/2011 6:00,3128400,0,0.1,0
2/6/2011 7:00,3132000,0,0.1,0.1
2/6/2011 8:00,3135600,0,0.3,0.2
2/6/2011 9:00,3139200,0,0.9,1
2/6/2011 10:00,3142800,0,0.9,1
2/6/2011 11:00,3146400,0,0.9,1
2/6/2011 12:00,3150000,0,0.9,1
2/6/2011 13:00,3153600,0,0.9,0.5
2/6/2011 14:00,3157200,0,0.9,1
2/6/2011 15:00,3160800,0,0.9,1
2/6/2011 16:00,3164400,0,0.9,1
2/6/2011 17:00,3168000,0,0.9,1
2/6/2011 18:00,3171600,0,0.5,0.3
2/6/2011 19:00,3175200,0,0.3,0.1
2/6/2011 20:00,3178800,0,0.3,0.1
2/6/2011 21:00,3182400,0,0.2,0
2/6/2011 22:00,3186000,0,0.2,0
2/6/2011 23:00,3189600,0,0.1,0
2/7/2011 0:00,3193200,0,0.05,0
2/7/2011 1:00,3196800,0,0.05,0
2/7/2011 2:00,3200400,0,0.05,0
2/7/2011 3:00,3204000,0,0.05,0
2/7/2011 4:00,3207600,0,0.05,0
2/7/2011 5:00,3211200,0,0.05,0
2/7/2011 6:00,3214800,0,0.1,0
2/7/2011 7:00,3218400,0,0.1,0.1
2/7/2011 8:00,3222000,0,0.3,0.2
2/7/2011 9:00,3225600,0,0.9,1
2/7/2011 10:00,3229200,0,0.9,1
2/7/2011 11:00,3232800,0,0.9,1
2/7/2011 12:00,3236400,0,0.9,1
2/7/2011 13:00,3240000,0,0.9,0.5
2/7/2011 14:00,3243600,0,0.9,1
2/7/2011 15:00,3247200,0,0.9,1
2/7/2011 16:00,3250800,0,0.9,1
2/7/2011 17:00,3254400,0,0.9,1
2/7/2011 18:00,3258000,0,0.5,0.3
2/7/2011 19:00,3261600,0,0.3,0.1
2/7/2011 20:00,3265200,0,0.3,0.1
2/7/2011 21:00,3268800,0,0.2,0
2/7/2011 22:00,3272400,0,0.2,0
2/7/2011 23:00,3276000,0,0.1,0
2/8/2011 0:00,3279600,0,0.05,0
2/8/2011 1:00,3283200,0,0.05,0
2/8/2011 2:00,3286800,0,0.05,0
2/8/2011 3:00,3290400,0,0.05,0
2/8/2011 4:00,3294000,0,0.05,0
2/8/2011 5:00,3297600,0,0.05,0
2/8/2011 6:00,3301200,0,0.1,0
2/8/2011 7:00,3304800,0,0.1,0.1
2/8/2011 8:00,3308400,0,0.3,0.2
2/8/2011 9:00,3312000,0,0.9,1
2/8/2011 10:00,3315600,0,0.9,1
2/8/2011 11:00,3319200,0,0.9,1
2/8/2011 12:00,3322800,0,0.9,1
2/8/2011 13:00,3326400,0,0.9,0.5
2/8/2011 14:00,3330000,0,0.9,1
2/8/2011 15:00,3333600,0.1,0.9,1
2/8/2011 16:00,3337200,0.1,0.9,1
2/8/2011 17:00,3340800,0,0.9,1
2/8/2011 18:00,3344400,0.1,0.5,0.3
2/8/2011 19:00,3348000,0,0.3,0.1
2/8/2011 20:00,3351600,0,0.3,0.1
2/8/2011 21:00,3355200,0,0.2,0
2/8/2011 22:00,3358800,0,0.2,0
2/8/2011 23:00,3362400,0,0.1,0
2/9/2011 0:00,3366000,0,0.05,0
2/9/2011 1:00,3369600,0,0.05,0
2/9/2011 2:00,3373200,0,0.05,0
2/9/2011 3:00,3376800,0,0.05,0
2/9/2011 4:00,3380400,0,0.05,0
2/9/2011 5:00,3384000,0,0.05,0
2/9/2011 6:00,3387600,0,0.1,0
2/9/2011 7:00,3391200,0,0.1,0.1
2/9/2011 8:00,3394800,0,0.3,0.2
2/9/2011 9:00,3398400,0,0.9,1
2/9/2011 10:00,3402000,0,0.9,1
2/9/2011 11:00,3405600,0,0.9,1
2/9/2011 12:00,3409200,0,0.9,1
2/9/2011 13:00,3412800,0,0.9,0.5
2/9/2011 14:00,3416400,0.1,0.9,1
2/9/2011 15:00,3420000,0,0.9,1
2/9/2011 16:00,3423600,0,0.9,1
2/9/2011 17:00,3427200,0,0.9,1
2/9/2011 18:00,3430800,0,0.5,0.3
2/9/2011 19:00,3434400,0,0.3,0.1
2/9/2011 20:00,3438000,0,0.3,0.1
2/9/2011 21:00,3441600,0,0.2,0
2/9/2011 22:00,3445200,0,0.2,0
2/9/2011 23:00,3448800,0,0.1,0
2/10/2011 0:00,3452400,0,0.05,0
2/10/2011 1:00,3456000,0,0.05,0
2/10/2011 2:00,3459600,0,0.05,0
2/10/2011 3:00,3463200,0,0.05,0
2/10/2011 4:00,3466800,0,0.05,0
2/10/2011 5:00,3470400,0,0.05,0
2/10/2011 6:00,3474000,0,0.05,0
2/10/2011 7:00,3477600,0,0.1,0.1
2/10/2011 8:00,3481200,0,0.1,0.1
2/10/2011 9:00,3484800,0,0.3,0.3
2/10/2011 10:00,3488400,0,0.3,0.3
2/10/2011 11:00,3492000,0,0.3,0.3
2/10/2011 12:00,3495600,0,0.3,0.3
2/10/2011 13:00,3499200,0,0.15,0.1
2/10/2011 14:00,3502800,0,0.15,0.1
2/10/2011 15:00,3506400,0,0.15,0.1
2/10/2011 16:00,3510000,0,0.15,0.1
2/10/2011 17:00,3513600,0,0.15,0.1
2/10/2011 18:00,3517200,0,0.05,0
2/10/2011 19:00,3520800,0,0.05,0
2/10/2011 20:00,3524400,0,0.05,0
2/10/2011 21:00,3528000,0,0.05,0
2/10/2011 22:00,3531600,0,0.05,0
2/10/2011 23:00,3535200,0,0.05,0
2/11/2011 0:00,3538800,0,0.05,0
2/11/2011 1:00,3542400,0,0,0
2/11/2011 2:00,3546000,0,0,0
2/11/2011 3:00,3549600,0,0,0
2/11/2011 4:00,3553200,0,0,0
2/11/2011 5:00,3556800,0,0,0
2/11/2011 6:00,3560400,0,0,0
2/11/2011 7:00,3564000,0,0,0
2/11/2011 8:00,3567600,0,0,0
2/11/2011 9:00,3571200,0,0,0
2/11/2011 10:00,3574800,0,0,0
2/11/2011 11:00,3578400,0,0,0
2/11/2011 12:00,3582000,0,0,0
2/11/2011 13:00,3585600,0,0,0
2/11/2011 14:00,3589200,0.1,0,0
2/11/2011 15:00,3592800,0,0,0
2/11/2011 16:00,3596400,0,0,0
2/11/2011 17:00,3600000,0,0,0
2/11/2011 18:00,3603600,0,0,0
2/11/2011 19:00,3607200,0,0,0
2/11/2011 20:00,3610800,0,0,0
2/11/2011 21:00,3614400,0,0,0
2/11/2011 22:00,3618000,0,0,0
2/11/2011 23:00,3621600,0,0,0
2/12/2011 0:00,3625200,0,0,0
2/12/2011 1:00,3628800,0,0.05,0
2/12/2011 2:00,3632400,0,0.05,0
2/12/2011 3:00,3636000,0,0.05,0
2/12/2011 4:00,3639600,0,0.05,0
2/12/2011 5:00,3643200,0,0.05,0
2/12/2011 6:00,3646800,0,0.1,0
2/12/2011 7:00,3650400,0,0.1,0.1
2/12/2011 8:00,3654000,0,0.3,0.2
2/12/2011 9:00,3657600,0,0.9,1
2/12/2011 10:00,3661200,0,0.9,1
2/12/2011 11:00,3664800,0,0.9,1
2/12/2011 12:00,3668400,0,0.9,1
2/12/2011 13:00,3672000,0,0.9,0.5
2/12/2011 14:00,3675600,0,0.9,1
2/12/2011 15:00,3679200,0,0.9,1
2/12/2011 16:00,3682800,0.1,0.9,1
2/12/2011 17:00,3686400,0,0.9,1
2/12/2011 18:00,3690000,0,0.5,0.3
2/12/2011 19:00,3693600,0,0.3,0.1
2/12/2011 20:00,3697200,0,0.3,0.1
2/12/2011 21:00,3700800,0,0.2,0
2/12/2011 22:00,3704400,0,0.2,0
2/12/2011 23:00,3708000,0,0.1,0
2/13/2011 0:00,3711600,0,0.05,0
2/13/2011 1:00,3715200,0,0.05,0
2/13/2011 2:00,3718800,0,0.05,0
2/13/2011 3:00,3722400,0,0.05,0
2/13/2011 4:00,3726000,0,0.05,0
2/13/2011 5:00,3729600,0,0.05,0
2/13/2011 6:00,3733200,0,0.1,0
2/13/2011 7:00,3736800,0,0.1,0.1
2/13/2011 8:00,3740400,0,0.3,0.2
2/13/2011 9:00,3744000,0,0.9,1
2/13/2011 10:00,3747600,0,0.9,1
2/13/2011 11:00,3751200,0,0.9,1
2/13/2011 12:00,3754800,0,0.9,1
2/13/2011 13:00,3758400,0,0.9,0.5
2/13/2011 14:00,3762000,0,0.9,1
2/13/2011 15:00,3765600,0,0.9,1
2/13/2011 16:00,3769200,0,0.9,1
2/13/2011 17:00,3772800,0,0.9,1
2/13/2011 18:00,3776400,0,0.5,0.3
2/13/2011 19:00,3780000,0,0.3,0.1
2/13/2011 20:00,3783600,0,0.3,0.1
2/13/2011 21:00,3787200,0,0.2,0
2/13/2011 22:00,3790800,0,0.2,0
2/13/2011 23:00,3794400,0,0.1,0
2/14/2011 0:00,3798000,0,0.05,0
2/14/2011 1:00,3801600,0,0.05,0
2/14/2011 2:00,3805200,0,0.05,0
2/14/2011 3:00,3808800,0,0.05,0
2/14/2011 4:00,3812400,0,0.05,0
2/14/2011 5:00,3816000,0,0.05,0
2/14/2011 6:00,3819600,0,0.1,0
2/14/2011 7:00,3823200,0,0.1,0.1
2/14/2011 8:00,3826800,0,0.3,0.2
2/14/2011 9:00,3830400,0,0.9,1
2/14/2011 10:00,3834000,0,0.9,1
2/14/2011 11:00,3837600,0,0.9,1
2/14/2011 12:00,3841200,0,0.9,1
2/14/2011 13:00,3844800,0,0.9,0.5
2/14/2011 14:00,3848400,0,0.9,1
2/14/2011 15:00,3852000,0,0.9,1
2/14/2011 16:00,3855600,0,0.9,1
2/14/2011 17:00,3859200,0,0.9,1
2/14/2011 18:00,3862800,0,0.5,0.3
2/14/2011 19:00,3866400,0,0.3,0.1
2/14/2011 20:00,3870000,0,0.3,0.1
2/14/2011 21:00,3873600,0,0.2,0
2/14/2011 22:00,3877200,0,0.2,0
2/14/2011 23:00,3880800,0,0.1,0
2/15/2011 0:00,3884400,0,0.05,0
2/15/2011 1:00,3888000,0,0.05,0
2/15/2011 2:00,3891600,0,0.05,0
2/15/2011 3:00,3895200,0,0.05,0
2/15/2011 4:00,3898800,0,0.05,0
2/15/2011 5:00,3902400,0,0.05,0
2/15/2011 6:00,3906000,0,0.1,0
2/15/2011 7:00,3909600,0,0.1,0.1
2/15/2011 8:00,3913200,0,0.3,0.2
2/15/2011 9:00,3916800,0,0.9,1
2/15/2011 10:00,3920400,0,0.9,1
2/15/2011 11:00,3924000,0.1,0.9,1
2/15/2011 12:00,3927600,0.1,0.9,1
2/15/2011 13:00,3931200,0.1,0.9,0.5
2/15/2011 14:00,3934800,0.1,0.9,1
2/15/2011 15:00,3938400,0.3,0.9,1
2/15/2011 16:00,3942000,1,0.9,1
2/15/2011 17:00,3945600,0.1,0.9,1
2/15/2011 18:00,3949200,0.2,0.5,0.3
2/15/2011 19:00,3952800,0,0.3,0.1
2/15/2011 20:00,3956400,0,0.3,0.1
2/15/2011 21:00,3960000,0,0.2,0
2/15/2011 22:00,3963600,0,0.2,0
2/15/2011 23:00,3967200,0,0.1,0
2/16/2011 0:00,3970800,0,0.05,0
2/16/2011 1:00,3974400,0,0.05,0
2/16/2011 2:00,3978000,0,0.05,0
2/16/2011 3:00,3981600,0.1,0.05,0
2/16/2011 4:00,3985200,0.6,0.05,0
2/16/2011 5:00,3988800,0.6,0.05,0
2/16/2011 6:00,3992400,0,0.1,0
2/16/2011 7:00,3996000,0,0.1,0.1
2/16/2011 8:00,3999600,0,0.3,0.2
2/16/2011 9:00,4003200,0,0.9,1
2/16/2011 10:00,4006800,0,0.9,1
2/16/2011 11:00,4010400,0,0.9,1
2/16/2011 12:00,4014000,0.1,0.9,1
2/16/2011 13:00,4017600,0.2,0.9,0.5
2/16/2011 14:00,4021200,0.2,0.9,1
2/16/2011 15:00,4024800,0.7,0.9,1
2/16/2011 16:00,4028400,0.6,0.9,1
2/16/2011 17:00,4032000,0.1,0.9,1
2/16/2011 18:00,4035600,0.1,0.5,0.3
2/16/2011 19:00,4039200,0.1,0.3,0.1
2/16/2011 20:00,4042800,0.1,0.3,0.1
2/16/2011 21:00,4046400,0,0.2,0
2/16/2011 22:00,4050000,0,0.2,0
2/16/2011 23:00,4053600,0,0.1,0
2/17/2011 0:00,4057200,0.1,0.05,0
2/17/2011 1:00,4060800,0.1,0.05,0
2/17/2011 2:00,4064400,0,0.05,0
2/17/2011 3:00,4068000,0,0.05,0
2/17/2011 4:00,4071600,0.2,0.05,0
2/17/2011 5:00,4075200,0,0.05,0
2/17/2011 6:00,4078800,0,0.05,0
2/17/2011 7:00,4082400,0,0.1,0.1
2/17/2011 8:00,4086000,0,0.1,0.1
2/17/2011 9:00,4089600,0,0.3,0.3
2/17/2011 10:00,4093200,0.1,0.3,0.3
2/17/2011 11:00,4096800,0,0.3,0.3
2/17/2011 12:00,4100400,0.1,0.3,0.3
2/17/2011 13:00,4104000,0.2,0.15,0.1
2/17/2011 14:00,4107600,1.3,0.15,0.1
2/17/2011 15:00,4111200,0.2,0.15,0.1
2/17/2011 16:00,4114800,0.1,0.15,0.1
2/17/2011 17:00,4118400,0,0.15,0.1
2/17/2011 18:00,4122000,0,0.05,0
2/17/2011 19:00,4125600,0,0.05,0
2/17/2011 20:00,4129200,0,0.05,0
2/17/2011 21:00,4132800,0,0.05,0
2/17/2011 22:00,4136400,0,0.05,0
2/17/2011 23:00,4140000,0,0.05,0
2/18/2011 0:00,4143600,0,0.05,0
2/18/2011 1:00,4147200,0,0,0
2/18/2011 2:00,4150800,0,0,0
2/18/2011 3:00,4154400,0.1,0,0
2/18/2011 4:00,4158000,0,0,0
2/18/2011 5:00,4161600,0,0,0
2/18/2011 6:00,4165200,0,0,0
2/18/2011 7:00,4168800,0,0,0
2/18/2011 8:00,4172400,0,0,0
2/18/2011 9:00,4176000,0.1,0,0
2/18/2011 10:00,4179600,0.1,0,0
2/18/2011 11:00,4183200,0.1,0,0
2/18/2011 12:00,4186800,0.9,0,0
2/18/2011 13:00,4190400,2.2,0,0
2/18/2011 14:00,4194000,0.6,0,0
2/18/2011 15:00,4197600,0,0,0
2/18/2011 16:00,4201200,0,0,0
2/18/2011 17:00,4204800,0.2,0,0
2/18/2011 18:00,4208400,0.2,0,0
2/18/2011 19:00,4212000,0,0,0
2/18/2011 20:00,4215600,0,0,0
2/18/2011 21:00,4219200,0,0,0
2/18/2011 22:00,4222800,0,0,0
2/18/2011 23:00,4226400,0,0,0
2/19/2011 0:00,4230000,0,0,0
2/19/2011 1:00,4233600,0,0.05,0
2/19/2011 2:00,4237200,0.2,0.05,0
2/19/2011 3:00,4240800,0,0.05,0
2/19/2011 4:00,4244400,0,0.05,0
2/19/2011 5:00,4248000,0,0.05,0
2/19/2011 6:00,4251600,0.1,0.1,0
2/19/2011 7:00,4255200,0.7,0.1,0.1
2/19/2011 8:00,4258800,2.1,0.3,0.2
2/19/2011 9:00,4262400,0.4,0.9,1
2/19/2011 10:00,4266000,0,0.9,1
2/19/2011 11:00,4269600,0,0.9,1
2/19/2011 12:00,4273200,0,0.9,1
2/19/2011 13:00,4276800,0,0.9,0.5
2/19/2011 14:00,4280400,0.1,0.9,1
2/19/2011 15:00,4284000,0.2,0.9,1
2/19/2011 16:00,4287600,0.8,0.9,1
2/19/2011 17:00,4291200,0.2,0.9,1
2/19/2011 18:00,4294800,0.1,0.5,0.3
2/19/2011 19:00,4298400,0.1,0.3,0.1
2/19/2011 20:00,4302000,0.1,0.3,0.1
2/19/2011 21:00,4305600,0,0.2,0
2/19/2011 22:00,4309200,0,0.2,0
2/19/2011 23:00,4312800,0,0.1,0
2/20/2011 0:00,4316400,0,0.05,0
2/20/2011 1:00,4320000,0.3,0.05,0
2/20/2011 2:00,4323600,0.3,0.05,0
2/20/2011 3:00,4327200,0,0.05,0
2/20/2011 4:00,4330800,0,0.05,0
2/20/2011 5:00,4334400,0,0.05,0
2/20/2011 6:00,4338000,0.1,0.1,0
2/20/2011 7:00,4341600,0,0.1,0.1
2/20/2011 8:00,4345200,0,0.3,0.2
2/20/2011 9:00,4348800,0,0.9,1
2/20/2011 10:00,4352400,0,0.9,1
2/20/2011 11:00,4356000,0,0.9,1
2/20/2011 12:00,4359600,0,0.9,1
2/20/2011 13:00,4363200,0,0.9,0.5
2/20/2011 14:00,4366800,0,0.9,1
2/20/2011 15:00,4370400,0,0.9,1
2/20/2011 16:00,4374000,0,0.9,1
2/20/2011 17:00,4377600,0,0.9,1
2/20/2011 18:00,4381200,0,0.5,0.3
2/20/2011 19:00,4384800,0,0.3,0.1
2/20/2011 20:00,4388400,0,0.3,0.1
2/20/2011 21:00,4392000,0,0.2,0
2/20/2011 22:00,4395600,0,0.2,0
2/20/2011 23:00,4399200,0,0.1,0
2/21/2011 0:00,4402800,0,0.05,0
2/21/2011 1:00,4406400,0,0.05,0
2/21/2011 2:00,4410000,0,0.05,0
2/21/2011 3:00,4413600,0,0.05,0
2/21/2011 4:00,4417200,0,0.05,0
2/21/2011 5:00,4420800,0,0.05,0
2/21/2011 6:00,4424400,0,0.1,0
2/21/2011 7:00,4428000,0,0.1,0.1
2/21/2011 8:00,4431600,0,0.3,0.2
2/21/2011 9:00,4435200,0,0.9,1
2/21/2011 10:00,4438800,0,0.9,1
2/21/2011 11:00,4442400,0,0.9,1
2/21/2011 12:00,4446000,0,0.9,1
2/21/2011 13:00,4449600,0,0.9,0.5
2/21/2011 14:00,4453200,0,0.9,1
2/21/2011 15:00,4456800,0,0.9,1
2/21/2011 16:00,4460400,0,0.9,1
2/21/2011 17:00,4464000,0,0.9,1
2/21/2011 18:00,4467600,0,0.5,0.3
2/21/2011 19:00,4471200,0,0.3,0.1
2/21/2011 20:00,4474800,0,0.3,0.1
2/21/2011 21:00,4478400,0,0.2,0
2/21/2011 22:00,4482000,0,0.2,0
2/21/2011 23:00,4485600,0,0.1,0
2/22/2011 0:00,4489200,0,0.05,0
2/22/2011 1:00,4492800,0,0.05,0
2/22/2011 2:00,4496400,0,0.05,0
2/22/2011 3:00,4500000,0,0.05,0
2/22/2011 4:00,4503600,0,0.05,0
2/22/2011 5:00,4507200,0,0.05,0
2/22/2011 6:00,4510800,0,0.1,0
2/22/2011 7:00,4514400,0,0.1,0.1
2/22/2011 8:00,4518000,0,0.3,0.2
2/22/2011 9:00,4521600,0,0.9,1
2/22/2011 10:00,4525200,0,0.9,1
2/22/2011 11:00,4528800,0,0.9,1
2/22/2011 12:00,4532400,0.1,0.9,1
2/22/2011 13:00,4536000,0.2,0.9,0.5
2/22/2011 14:00,4539600,0,0.9,1
2/22/2011 15:00,4543200,0.1,0.9,1
2/22/2011 16:00,4546800,1.2,0.9,1
2/22/2011 17:00,4550400,0.2,0.9,1
2/22/2011 18:00,4554000,0.2,0.5,0.3
2/22/2011 19:00,4557600,0.1,0.3,0.1
2/22/2011 20:00,4561200,0,0.3,0.1
2/22/2011 21:00,4564800,0,0.2,0
2/22/2011 22:00,4568400,0,0.2,0
2/22/2011 23:00,4572000,0,0.1,0
2/23/2011 0:00,4575600,0,0.05,0
2/23/2011 1:00,4579200,0,0.05,0
2/23/2011 2:00,4582800,0,0.05,0
2/23/2011 3:00,4586400,0,0.05,0
2/23/2011 4:00,4590000,0,0.05,0
2/23/2011 5:00,4593600,0.1,0.05,0
2/23/2011 6:00,4597200,0.2,0.1,0
2/23/2011 7:00,4600800,0.2,0.1,0.1
2/23/2011 8:00,4604400,0,0.3,0.2
2/23/2011 9:00,4608000,0,0.9,1
2/23/2011 10:00,4611600,0,0.9,1
2/23/2011 11:00,4615200,0.1,0.9,1
2/23/2011 12:00,4618800,0.2,0.9,1
2/23/2011 13:00,4622400,0.1,0.9,0.5
2/23/2011 14:00,4626000,0.1,0.9,1
2/23/2011 15:00,4629600,0.2,0.9,1
2/23/2011 16:00,4633200,0.1,0.9,1
2/23/2011 17:00,4636800,0.1,0.9,1
2/23/2011 18:00,4640400,0,0.5,0.3
2/23/2011 19:00,4644000,0,0.3,0.1
2/23/2011 20:00,4647600,0,0.3,0.1
2/23/2011 21:00,4651200,0,0.2,0
2/23/2011 22:00,4654800,0,0.2,0
2/23/2011 23:00,4658400,0,0.1,0
2/24/2011 0:00,4662000,0,0.05,0
2/24/2011 1:00,4665600,0,0.05,0
2/24/2011 2:00,4669200,0,0.05,0
2/24/2011 3:00,4672800,0,0.05,0
2/24/2011 4:00,4676400,0,0.05,0
2/24/2011 5:00,4680000,0,0.05,0
2/24/2011 6:00,4683600,0,0.05,0
2/24/2011 7:00,4687200,0,0.1,0.1
2/24/2011 8:00,4690800,0,0.1,0.1
2/24/2011 9:00,4694400,0,0.3,0.3
2/24/2011 10:00,4698000,0,0.3,0.3
2/24/2011 11:00,4701600,0,0.3,0.3
2/24/2011 12:00,4705200,0,0.3,0.3
2/24/2011 13:00,4708800,0,0.15,0.1
2/24/2011 14:00,4712400,0,0.15,0.1
2/24/2011 15:00,4716000,0.1,0.15,0.1
2/24/2011 16:00,4719600,0,0.15,0.1
2/24/2011 17:00,4723200,0.1,0.15,0.1
2/24/2011 18:00,4726800,0.1,0.05,0
2/24/2011 19:00,4730400,0,0.05,0
2/24/2011 20:00,4734000,0.1,0.05,0
2/24/2011 21:00,4737600,0,0.05,0
2/24/2011 22:00,4741200,0,0.05,0
2/24/2011 23:00,4744800,0,0.05,0
2/25/2011 0:00,4748400,0,0.05,0
2/25/2011 1:00,4752000,0,0,0
2/25/2011 2:00,4755600,0,0,0
2/25/2011 3:00,4759200,0,0,0
2/25/2011 4:00,4762800,0,0,0
2/25/2011 5:00,4766400,0,0,0
2/25/2011 6:00,4770000,0,0,0
2/25/2011 7:00,4773600,0,0,0
2/25/2011 8:00,4777200,0,0,0
2/25/2011 9:00,4780800,0,0,0
2/25/2011 10:00,4784400,0,0,0
2/25/2011 11:00,4788000,0.1,0,0
2/25/2011 12:00,4791600,0.1,0,0
2/25/2011 13:00,4795200,0.1,0,0
2/25/2011 14:00,4798800,0.6,0,0
2/25/2011 15:00,4802400,0.1,0,0
2/25/2011 16:00,4806000,0.2,0,0
2/25/2011 17:00,4809600,0.2,0,0
2/25/2011 18:00,4813200,0.3,0,0
2/25/2011 19:00,4816800,0.1,0,0
2/25/2011 20:00,4820400,0,0,0
2/25/2011 21:00,4824000,0,0,0
2/25/2011 22:00,4827600,0,0,0
2/25/2011 23:00,4831200,0,0,0
2/26/2011 0:00,4834800,0,0,0
2/26/2011 1:00,4838400,0,0.05,0
2/26/2011 2:00,4842000,0,0.05,0
2/26/2011 3:00,4845600,0,0.05,0
2/26/2011 4:00,4849200,0,0.05,0
2/26/2011 5:00,4852800,0,0.05,0
2/26/2011 6:00,4856400,0,0.1,0
2/26/2011 7:00,4860000,0,0.1,0.1
2/26/2011 8:00,4863600,0,0.3,0.2
2/26/2011 9:00,4867200,0,0.9,1
2/26/2011 10:00,4870800,0,0.9,1
2/26/2011 11:00,4874400,0,0.9,1
2/26/2011 12:00,4878000,0.2,0.9,1
2/26/2011 13:00,4881600,0.1,0.9,0.5
2/26/2011 14:00,4885200,0.1,0.9,1
2/26/2011 15:00,4888800,0.2,0.9,1
2/26/2011 16:00,4892400,0.1,0.9,1
2/26/2011 17:00,4896000,0.3,0.9,1
2/26/2011 18:00,4899600,0.1,0.5,0.3
2/26/2011 19:00,4903200,0.1,0.3,0.1
2/26/2011 20:00,4906800,0.1,0.3,0.1
2/26/2011 21:00,4910400,0,0.2,0
2/26/2011 22:00,4914000,0,0.2,0
2/26/2011 23:00,4917600,0,0.1,0
2/27/2011 0:00,4921200,0,0.05,0
2/27/2011 1:00,4924800,0,0.05,0
2/27/2011 2:00,4928400,0,0.05,0
2/27/2011 3:00,4932000,0,0.05,0
2/27/2011 4:00,4935600,0.1,0.05,0
2/27/2011 5:00,4939200,0.2,0.05,0
2/27/2011 6:00,4942800,0.4,0.1,0
2/27/2011 7:00,4946400,0.8,0.1,0.1
2/27/2011 8:00,4950000,1,0.3,0.2
2/27/2011 9:00,4953600,0.7,0.9,1
2/27/2011 10:00,4957200,0.1,0.9,1
2/27/2011 11:00,4960800,0,0.9,1
2/27/2011 12:00,4964400,0.2,0.9,1
2/27/2011 13:00,4968000,0.3,0.9,0.5
2/27/2011 14:00,4971600,0.2,0.9,1
2/27/2011 15:00,4975200,0,0.9,1
2/27/2011 16:00,4978800,0,0.9,1
2/27/2011 17:00,4982400,0,0.9,1
2/27/2011 18:00,4986000,0,0.5,0.3
2/27/2011 19:00,4989600,0,0.3,0.1
2/27/2011 20:00,4993200,0,0.3,0.1
2/27/2011 21:00,4996800,0,0.2,0
2/27/2011 22:00,5000400,0,0.2,0
2/27/2011 23:00,5004000,0,0.1,0
2/28/2011 0:00,5007600,0,0.05,0
2/28/2011 1:00,5011200,0,0.05,0
2/28/2011 2:00,5014800,0,0.05,0
2/28/2011 3:00,5018400,0,0.05,0
2/28/2011 4:00,5022000,0,0.05,0
2/28/2011 5:00,5025600,0,0.05,0
2/28/2011 6:00,5029200,0,0.1,0
2/28/2011 7:00,5032800,0,0.1,0.1
2/28/2011 8:00,5036400,0,0.3,0.2
2/28/2011 9:00,5040000,0,0.9,1
2/28/2011 10:00,5043600,0,0.9,1
2/28/2011 11:00,5047200,0,0.9,1
2/28/2011 12:00,5050800,0,0.9,1
2/28/2011 13:00,5054400,0,0.9,0.5
2/28/2011 14:00,5058000,0,0.9,1
2/28/2011 15:00,5061600,0,0.9,1
2/28/2011 16:00,5065200,0,0.9,1
2/28/2011 17:00,5068800,0,0.9,1
2/28/2011 18:00,5072400,0,0.5,0.3
2/28/2011 19:00,5076000,0,0.3,0.1
2/28/2011 20:00,5079600,0,0.3,0.1
2/28/2011 21:00,5083200,0,0.2,0
2/28/2011 22:00,5086800,0,0.2,0
2/28/2011 23:00,5090400,0,0.1,0
3/1/2011 0:00,5094000,0,0.05,0
3/1/2021 1:00,5097600,0,0.05,0
3/1/2021 2:00,5101200,0,0.05,0
3/1/2021 3:00,5104800,0,0.05,0
3/1/2021 4:00,5108400,0,0.05,0
3/1/2021 5:00,5112000,0,0.05,0
3/1/2021 6:00,5115600,0,0.1,0
3/1/2021 7:00,5119200,0,0.1,0.1
3/1/2021 8:00,5122800,0,0.3,0.2
3/1/2021 9:00,5126400,0,0.9,1
3/1/2021 10:00,5130000,0,0.9,1
3/1/2021 11:00,5133600,0,0.9,1
3/1/2021 12:00,5137200,0,0.9,1
3/1/2021 13:00,5140800,0,0.9,0.5
3/1/2021 14:00,5144400,0,0.9,1
3/1/2021 15:00,5148000,0,0.9,1
3/1/2021 16:00,5151600,0,0.9,1
3/1/2021 17:00,5155200,0,0.9,1
3/1/2021 18:00,5158800,0,0.5,0.3
3/1/2021 19:00,5162400,0,0.3,0.1
3/1/2021 20:00,5166000,0,0.3,0.1
3/1/2021 21:00,5169600,0,0.2,0
3/1/2021 22:00,5173200,0,0.2,0
3/1/2021 23:00,5176800,0,0.1,0
3/2/2021 0:00,5180400,0,0.05,0
3/2/2021 1:00,5184000,0,0.05,0
3/2/2021 2:00,5187600,0,0.05,0
3/2/2021 3:00,5191200,0,0.05,0
3/2/2021 4:00,5194800,0,0.05,0
3/2/2021 5:00,5198400,0,0.05,0
3/2/2021 6:00,5202000,0,0.1,0
3/2/2021 7:00,5205600,0,0.1,0.1
3/2/2021 8:00,5209200,0,0.3,0.2
3/2/2021 9:00,5212800,0,0.9,1
3/2/2021 10:00,5216400,0,0.9,1
3/2/2021 11:00,5220000,0,0.9,1
3/2/2021 12:00,5223600,0,0.9,1
3/2/2021 13:00,5227200,0,0.9,0.5
3/2/2021 14:00,5230800,0,0.9,1
3/2/2021 15:00,5234400,0,0.9,1
3/2/2021 16:00,5238000,0,0.9,1
3/2/2021 17:00,5241600,0,0.9,1
3/2/2021 18:00,5245200,0,0.5,0.3
3/2/2021 19:00,5248800,0,0.3,0.1
3/2/2021 20:00,5252400,0,0.3,0.1
3/2/2021 21:00,5256000,0,0.2,0
3/2/2021 22:00,5259600,0,0.2,0
3/2/2021 23:00,5263200,0,0.1,0
3/3/2021 0:00,5266800,0,0.05,0
3/3/2021 1:00,5270400,0,0.05,0
3/3/2021 2:00,5274000,0,0.05,0
3/3/2021 3:00,5277600,0,0.05,0
3/3/2021 4:00,5281200,0,0.05,0
3/3/2021 5:00,5284800,0,0.05,0
3/3/2021 6:00,5288400,0,0.05,0
3/3/2021 7:00,5292000,0,0.1,0.1
3/3/2021 8:00,5295600,0,0.1,0.1
3/3/2021 9:00,5299200,0,0.3,0.3
3/3/2021 10:00,5302800,0,0.3,0.3
3/3/2021 11:00,5306400,0,0.3,0.3
3/3/2021 12:00,5310000,0,0.3,0.3
3/3/2021 13:00,5313600,0,0.15,0.1
3/3/2021 14:00,5317200,0,0.15,0.1
3/3/2021 15:00,5320800,0,0.15,0.1
3/3/2021 16:00,5324400,0,0.15,0.1
3/3/2021 17:00,5328000,0,0.15,0.1
3/3/2021 18:00,5331600,0,0.05,0
3/3/2021 19:00,5335200,0,0.05,0
3/3/2021 20:00,5338800,0,0.05,0
3/3/2021 21:00,5342400,0,0.05,0
3/3/2021 22:00,5346000,0,0.05,0
3/3/2021 23:00,5349600,0,0.05,0
3/4/2021 0:00,5353200,0,0.05,0
3/4/2021 1:00,5356800,0,0,0
3/4/2021 2:00,5360400,0,0,0
3/4/2021 3:00,5364000,0,0,0
3/4/2021 4:00,5367600,0,0,0
3/4/2021 5:00,5371200,0,0,0
3/4/2021 6:00,5374800,0,0,0
3/4/2021 7:00,5378400,0,0,0
3/4/2021 8:00,5382000,0,0,0
3/4/2021 9:00,5385600,0,0,0
3/4/2021 10:00,5389200,0,0,0
3/4/2021 11:00,5392800,0.1,0,0
3/4/2021 12:00,5396400,0.1,0,0
3/4/2021 13:00,5400000,0.2,0,0
3/4/2021 14:00,5403600,0.1,0,0
3/4/2021 15:00,5407200,0.1,0,0
3/4/2021 16:00,5410800,0,0,0
3/4/2021 17:00,5414400,0.3,0,0
3/4/2021 18:00,5418000,0,0,0
3/4/2021 19:00,5421600,0,0,0
3/4/2021 20:00,5425200,0,0,0
3/4/2021 21:00,5428800,0,0,0
3/4/2021 22:00,5432400,0,0,0
3/4/2021 23:00,5436000,0,0,0
3/5/2021 0:00,5439600,0,0,0
3/5/2021 1:00,5443200,0,0.05,0
3/5/2021 2:00,5446800,0,0.05,0
3/5/2021 3:00,5450400,0,0.05,0
3/5/2021 4:00,5454000,0,0.05,0
3/5/2021 5:00,5457600,0,0.05,0
3/5/2021 6:00,5461200,0,0.1,0
3/5/2021 7:00,5464800,0.1,0.1,0.1
3/5/2021 8:00,5468400,0.1,0.3,0.2
3/5/2021 9:00,5472000,0.1,0.9,1
3/5/2021 10:00,5475600,0.1,0.9,1
3/5/2021 11:00,5479200,0.1,0.9,1
3/5/2021 12:00,5482800,0.1,0.9,1
3/5/2021 13:00,5486400,0,0.9,0.5
3/5/2021 14:00,5490000,0.1,0.9,1
3/5/2021 15:00,5493600,0,0.9,1
3/5/2021 16:00,5497200,0,0.9,1
3/5/2021 17:00,5500800,0,0.9,1
3/5/2021 18:00,5504400,0,0.5,0.3
3/5/2021 19:00,5508000,0,0.3,0.1
3/5/2021 20:00,5511600,0,0.3,0.1
3/5/2021 21:00,5515200,0,0.2,0
3/5/2021 22:00,5518800,0,0.2,0
3/5/2021 23:00,5522400,0,0.1,0
3/6/2021 0:00,5526000,0,0.05,0
3/6/2021 1:00,5529600,0,0.05,0
3/6/2021 2:00,5533200,0,0.05,0
3/6/2021 3:00,5536800,0,0.05,0
3/6/2021 4:00,5540400,0,0.05,0
3/6/2021 5:00,5544000,0,0.05,0
3/6/2021 6:00,5547600,0,0.1,0
3/6/2021 7:00,5551200,0,0.1,0.1
3/6/2021 8:00,5554800,0.1,0.3,0.2
3/6/2021 9:00,5558400,0.2,0.9,1
3/6/2021 10:00,5562000,0.2,0.9,1
3/6/2021 11:00,5565600,0.1,0.9,1
3/6/2021 12:00,5569200,0,0.9,1
3/6/2021 13:00,5572800,0,0.9,0.5
3/6/2021 14:00,5576400,0.1,0.9,1
3/6/2021 15:00,5580000,0.3,0.9,1
3/6/2021 16:00,5583600,0.1,0.9,1
3/6/2021 17:00,5587200,0.1,0.9,1
3/6/2021 18:00,5590800,0,0.5,0.3
3/6/2021 19:00,5594400,0.1,0.3,0.1
3/6/2021 20:00,5598000,0,0.3,0.1
3/6/2021 21:00,5601600,0.1,0.2,0
3/6/2021 22:00,5605200,0.1,0.2,0
3/6/2021 23:00,5608800,0.5,0.1,0
3/7/2021 0:00,5612400,1,0.05,0
3/7/2021 1:00,5616000,0.6,0.05,0
3/7/2021 2:00,5619600,0.6,0.05,0
3/7/2021 3:00,5623200,0.6,0.05,0
3/7/2021 4:00,5626800,0.7,0.05,0
3/7/2021 5:00,5630400,0.3,0.05,0
3/7/2021 6:00,5634000,0.1,0.1,0
3/7/2021 7:00,5637600,0.2,0.1,0.1
3/7/2021 8:00,5641200,0.6,0.3,0.2
3/7/2021 9:00,5644800,1.2,0.9,1
3/7/2021 10:00,5648400,1.8,0.9,1
3/7/2021 11:00,5652000,1.8,0.9,1
3/7/2021 12:00,5655600,3.3,0.9,1
3/7/2021 13:00,5659200,1.8,0.9,0.5
3/7/2021 14:00,5662800,0.2,0.9,1
3/7/2021 15:00,5666400,3,0.9,1
3/7/2021 16:00,5670000,3.4,0.9,1
3/7/2021 17:00,5673600,4.5,0.9,1
3/7/2021 18:00,5677200,3.7,0.5,0.3
3/7/2021 19:00,5680800,2.7,0.3,0.1
3/7/2021 20:00,5684400,1.5,0.3,0.1
3/7/2021 21:00,5688000,1,0.2,0
3/7/2021 22:00,5691600,0.4,0.2,0
3/7/2021 23:00,5695200,0.2,0.1,0
3/8/2021 0:00,5698800,0.1,0.05,0
3/8/2021 1:00,5702400,0.1,0.05,0
3/8/2021 2:00,5706000,0.2,0.05,0
3/8/2021 3:00,5709600,0,0.05,0
3/8/2021 4:00,5713200,0,0.05,0
3/8/2021 5:00,5716800,0,0.05,0
3/8/2021 6:00,5720400,0,0.1,0
3/8/2021 7:00,5724000,0,0.1,0.1
3/8/2021 8:00,5727600,0,0.3,0.2
3/8/2021 9:00,5731200,0,0.9,1
3/8/2021 10:00,5734800,0,0.9,1
3/8/2021 11:00,5738400,0,0.9,1
3/8/2021 12:00,5742000,0.1,0.9,1
3/8/2021 13:00,5745600,0.1,0.9,0.5
3/8/2021 14:00,5749200,0.1,0.9,1
3/8/2021 15:00,5752800,0,0.9,1
3/8/2021 16:00,5756400,0,0.9,1
3/8/2021 17:00,5760000,0,0.9,1
3/8/2021 18:00,5763600,0,0.5,0.3
3/8/2021 19:00,5767200,0,0.3,0.1
3/8/2021 20:00,5770800,0,0.3,0.1
3/8/2021 21:00,5774400,0,0.2,0
3/8/2021 22:00,5778000,0,0.2,0
3/8/2021 23:00,5781600,0,0.1,0
3/9/2021 0:00,5785200,0,0.05,0
3/9/2021 1:00,5788800,0,0.05,0
3/9/2021 2:00,5792400,0,0.05,0
3/9/2021 3:00,5796000,0,0.05,0
3/9/2021 4:00,5799600,0,0.05,0
3/9/2021 5:00,5803200,0,0.05,0
3/9/2021 6:00,5806800,0,0.1,0
3/9/2021 7:00,5810400,0,0.1,0.1
3/9/2021 8:00,5814000,0,0.3,0.2
3/9/2021 9:00,5817600,0,0.9,1
3/9/2021 10:00,5821200,0,0.9,1
3/9/2021 11:00,5824800,0,0.9,1
3/9/2021 12:00,5828400,0,0.9,1
3/9/2021 13:00,5832000,0,0.9,0.5
3/9/2021 14:00,5835600,0.1,0.9,1
3/9/2021 15:00,5839200,0,0.9,1
3/9/2021 16:00,5842800,0,0.9,1
3/9/2021 17:00,5846400,0,0.9,1
3/9/2021 18:00,5850000,0,0.5,0.3
3/9/2021 19:00,5853600,0,0.3,0.1
3/9/2021 20:00,5857200,0,0.3,0.1
3/9/2021 21:00,5860800,0,0.2,0
3/9/2021 22:00,5864400,0,0.2,0
3/9/2021 23:00,5868000,0,0.1,0
3/10/2021 0:00,5871600,0,0.05,0
3/10/2021 1:00,5875200,0,0.05,0
3/10/2021 2:00,5878800,0,0.05,0
3/10/2021 3:00,5882400,0,0.05,0
3/10/2021 4:00,5886000,0,0.05,0
3/10/2021 5:00,5889600,0,0.05,0
3/10/2021 6:00,5893200,0,0.05,0
3/10/2021 7:00,5896800,0,0.1,0.1
3/10/2021 8:00,5900400,0,0.1,0.1
3/10/2021 9:00,5904000,0,0.3,0.3
3/10/2021 10:00,5907600,0,0.3,0.3
3/10/2021 11:00,5911200,0,0.3,0.3
3/10/2021 12:00,5914800,0,0.3,0.3
3/10/2021 13:00,5918400,0,0.15,0.1
3/10/2021 14:00,5922000,0,0.15,0.1
3/10/2021 15:00,5925600,0,0.15,0.1
3/10/2021 16:00,5929200,0,0.15,0.1
3/10/2021 17:00,5932800,0,0.15,0.1
3/10/2021 18:00,5936400,0,0.05,0
3/10/2021 19:00,5940000,0,0.05,0
3/10/2021 20:00,5943600,0,0.05,0
3/10/2021 21:00,5947200,0,0.05,0
3/10/2021 22:00,5950800,0,0.05,0
3/10/2021 23:00,5954400,0,0.05,0
3/11/2021 0:00,5958000,0,0.05,0
3/11/2021 1:00,5961600,0,0,0
3/11/2021 2:00,5965200,0,0,0
3/11/2021 3:00,5968800,0,0,0
3/11/2021 4:00,5972400,0,0,0
3/11/2021 5:00,5976000,0,0,0
3/11/2021 6:00,5979600,0,0,0
3/11/2021 7:00,5983200,0,0,0
3/11/2021 8:00,5986800,0,0,0
3/11/2021 9:00,5990400,0,0,0
3/11/2021 10:00,5994000,0,0,0
3/11/2021 11:00,5997600,0,0,0
3/11/2021 12:00,6001200,0,0,0
3/11/2021 13:00,6004800,0.1,0,0
3/11/2021 14:00,6008400,0.1,0,0
3/11/2021 15:00,6012000,0.1,0,0
3/11/2021 16:00,6015600,0.3,0,0
3/11/2021 17:00,6019200,0.1,0,0
3/11/2021 18:00,6022800,0,0,0
3/11/2021 19:00,6026400,0.1,0,0
3/11/2021 20:00,6030000,0.1,0,0
3/11/2021 21:00,6033600,0.1,0,0
3/11/2021 22:00,6037200,0,0,0
3/11/2021 23:00,6040800,0,0,0
3/12/2021 0:00,6044400,0,0,0
3/12/2021 1:00,6048000,0,0.05,0
3/12/2021 2:00,6051600,0,0.05,0
3/12/2021 3:00,6055200,0,0.05,0
3/12/2021 4:00,6058800,0.1,0.05,0
3/12/2021 5:00,6062400,0.2,0.05,0
3/12/2021 6:00,6066000,0.3,0.1,0
3/12/2021 7:00,6069600,0.5,0.1,0.1
3/12/2021 8:00,6073200,0.5,0.3,0.2
3/12/2021 9:00,6076800,0.3,0.9,1
3/12/2021 10:00,6080400,0.1,0.9,1
3/12/2021 11:00,6084000,0.3,0.9,1
3/12/2021 12:00,6087600,0.7,0.9,1
3/12/2021 13:00,6091200,2.9,0.9,0.5
3/12/2021 14:00,6094800,2.1,0.9,1
3/12/2021 15:00,6098400,3.6,0.9,1
3/12/2021 16:00,6102000,3.5,0.9,1
3/12/2021 17:00,6105600,0.3,0.9,1
3/12/2021 18:00,6109200,0.1,0.5,0.3
3/12/2021 19:00,6112800,0.2,0.3,0.1
3/12/2021 20:00,6116400,0.1,0.3,0.1
3/12/2021 21:00,6120000,0,0.2,0
3/12/2021 22:00,6123600,0,0.2,0
3/12/2021 23:00,6127200,0.2,0.1,0
3/13/2021 0:00,6130800,0.1,0.05,0
3/13/2021 1:00,6134400,0,0.05,0
3/13/2021 2:00,6138000,0,0.05,0
3/13/2021 3:00,6141600,0,0.05,0
3/13/2021 4:00,6145200,0.1,0.05,0
3/13/2021 5:00,6148800,0.1,0.05,0
3/13/2021 6:00,6152400,0.1,0.1,0
3/13/2021 7:00,6156000,0.2,0.1,0.1
3/13/2021 8:00,6159600,0.3,0.3,0.2
3/13/2021 9:00,6163200,0.2,0.9,1
3/13/2021 10:00,6166800,0.1,0.9,1
3/13/2021 11:00,6170400,0.1,0.9,1
3/13/2021 12:00,6174000,0.1,0.9,1
3/13/2021 13:00,6177600,0.3,0.9,0.5
3/13/2021 14:00,6181200,0.3,0.9,1
3/13/2021 15:00,6184800,0.4,0.9,1
3/13/2021 16:00,6188400,0.4,0.9,1
3/13/2021 17:00,6192000,0.1,0.9,1
3/13/2021 18:00,6195600,0.1,0.5,0.3
3/13/2021 19:00,6199200,0.1,0.3,0.1
3/13/2021 20:00,6202800,0,0.3,0.1
3/13/2021 21:00,6206400,0.1,0.2,0
3/13/2021 22:00,6210000,0.2,0.2,0
3/13/2021 23:00,6213600,0.7,0.1,0
3/14/2021 0:00,6217200,0.5,0.05,0
3/14/2021 1:00,6220800,0.1,0.05,0
3/14/2021 2:00,6224400,0.2,0.05,0
3/14/2021 3:00,6228000,1.2,0.05,0
3/14/2021 4:00,6231600,0.6,0.05,0
3/14/2021 5:00,6235200,0.1,0.05,0
3/14/2021 6:00,6238800,0,0.1,0
3/14/2021 7:00,6242400,0.3,0.1,0.1
3/14/2021 8:00,6246000,0.9,0.3,0.2
3/14/2021 9:00,6249600,0.2,0.9,1
3/14/2021 10:00,6253200,0,0.9,1
3/14/2021 11:00,6256800,0,0.9,1
3/14/2021 12:00,6260400,0.1,0.9,1
3/14/2021 13:00,6264000,0.2,0.9,0.5
3/14/2021 14:00,6267600,0.8,0.9,1
3/14/2021 15:00,6271200,1,0.9,1
3/14/2021 16:00,6274800,0.6,0.9,1
3/14/2021 17:00,6278400,0.6,0.9,1
3/14/2021 18:00,6282000,0.2,0.5,0.3
3/14/2021 19:00,6285600,0,0.3,0.1
3/14/2021 20:00,6289200,0,0.3,0.1
3/14/2021 21:00,6292800,0,0.2,0
3/14/2021 22:00,6296400,0,0.2,0
3/14/2021 23:00,6300000,0,0.1,0
3/15/2021 0:00,6303600,0,0.05,0
3/15/2021 1:00,6307200,0,0.05,0
3/15/2021 2:00,6310800,0,0.05,0
3/15/2021 3:00,6314400,0,0.05,0
3/15/2021 4:00,6318000,0.1,0.05,0
3/15/2021 5:00,6321600,0.3,0.05,0
3/15/2021 6:00,6325200,0.1,0.1,0
3/15/2021 7:00,6328800,0,0.1,0.1
3/15/2021 8:00,6332400,0.1,0.3,0.2
3/15/2021 9:00,6336000,0.1,0.9,1
3/15/2021 10:00,6339600,0.1,0.9,1
3/15/2021 11:00,6343200,0.2,0.9,1
3/15/2021 12:00,6346800,0.2,0.9,1
3/15/2021 13:00,6350400,0.2,0.9,0.5
3/15/2021 14:00,6354000,0.1,0.9,1
3/15/2021 15:00,6357600,0.1,0.9,1
3/15/2021 16:00,6361200,0.1,0.9,1
3/15/2021 17:00,6364800,0.6,0.9,1
3/15/2021 18:00,6368400,0.4,0.5,0.3
3/15/2021 19:00,6372000,0.2,0.3,0.1
3/15/2021 20:00,6375600,0,0.3,0.1
3/15/2021 21:00,6379200,0,0.2,0
3/15/2021 22:00,6382800,0,0.2,0
3/15/2021 23:00,6386400,0,0.1,0
3/16/2021 0:00,6390000,0,0.05,0
3/16/2021 1:00,6393600,0,0.05,0
3/16/2021 2:00,6397200,0,0.05,0
3/16/2021 3:00,6400800,0.1,0.05,0
3/16/2021 4:00,6404400,0.1,0.05,0
3/16/2021 5:00,6408000,0.1,0.05,0
3/16/2021 6:00,6411600,0.1,0.1,0
3/16/2021 7:00,6415200,0.1,0.1,0.1
3/16/2021 8:00,6418800,0.1,0.3,0.2
3/16/2021 9:00,6422400,0.1,0.9,1
3/16/2021 10:00,6426000,0.3,0.9,1
3/16/2021 11:00,6429600,0.9,0.9,1
3/16/2021 12:00,6433200,1.1,0.9,1
3/16/2021 13:00,6436800,0.4,0.9,0.5
3/16/2021 14:00,6440400,2,0.9,1
3/16/2021 15:00,6444000,2.5,0.9,1
3/16/2021 16:00,6447600,0.3,0.9,1
3/16/2021 17:00,6451200,0.2,0.9,1
3/16/2021 18:00,6454800,0.1,0.5,0.3
3/16/2021 19:00,6458400,0.1,0.3,0.1
3/16/2021 20:00,6462000,0.2,0.3,0.1
3/16/2021 21:00,6465600,0.6,0.2,0
3/16/2021 22:00,6469200,0.5,0.2,0
3/16/2021 23:00,6472800,0.2,0.1,0
3/17/2021 0:00,6476400,0.9,0.05,0
3/17/2021 1:00,6480000,0.1,0.05,0
3/17/2021 2:00,6483600,0,0.05,0
3/17/2021 3:00,6487200,0,0.05,0
3/17/2021 4:00,6490800,0,0.05,0
3/17/2021 5:00,6494400,0.4,0.05,0
3/17/2021 6:00,6498000,1,0.05,0
3/17/2021 7:00,6501600,1.2,0.1,0.1
3/17/2021 8:00,6505200,0.1,0.1,0.1
3/17/2021 9:00,6508800,0,0.3,0.3
3/17/2021 10:00,6512400,0.1,0.3,0.3
3/17/2021 11:00,6516000,0.1,0.3,0.3
3/17/2021 12:00,6519600,0.1,0.3,0.3
3/17/2021 13:00,6523200,0.2,0.15,0.1
3/17/2021 14:00,6526800,0.5,0.15,0.1
3/17/2021 15:00,6530400,0.2,0.15,0.1
3/17/2021 16:00,6534000,0.1,0.15,0.1
3/17/2021 17:00,6537600,1.4,0.15,0.1
3/17/2021 18:00,6541200,0.2,0.05,0
3/17/2021 19:00,6544800,1.3,0.05,0
3/17/2021 20:00,6548400,0.3,0.05,0
3/17/2021 21:00,6552000,0,0.05,0
3/17/2021 22:00,6555600,0.2,0.05,0
3/17/2021 23:00,6559200,0.1,0.05,0
3/18/2021 0:00,6562800,0.9,0.05,0
3/18/2021 1:00,6566400,1.1,0,0
3/18/2021 2:00,6570000,0,0,0
3/18/2021 3:00,6573600,0,0,0
3/18/2021 4:00,6577200,0.1,0,0
3/18/2021 5:00,6580800,0.5,0,0
3/18/2021 6:00,6584400,0.2,0,0
3/18/2021 7:00,6588000,0.3,0,0
3/18/2021 8:00,6591600,0.2,0,0
3/18/2021 9:00,6595200,0.5,0,0
3/18/2021 10:00,6598800,0.2,0,0
3/18/2021 11:00,6602400,0.1,0,0
3/18/2021 12:00,6606000,0.3,0,0
3/18/2021 13:00,6609600,0.3,0,0
3/18/2021 14:00,6613200,1,0,0
3/18/2021 15:00,6616800,0.5,0,0
3/18/2021 16:00,6620400,2.4,0,0
3/18/2021 17:00,6624000,0.3,0,0
3/18/2021 18:00,6627600,0.2,0,0
3/18/2021 19:00,6631200,0.9,0,0
3/18/2021 20:00,6634800,1.1,0,0
3/18/2021 21:00,6638400,0.7,0,0
3/18/2021 22:00,6642000,0,0,0
3/18/2021 23:00,6645600,0,0,0
3/19/2021 0:00,6649200,0,0,0
3/19/2021 1:00,6652800,0,0.05,0
3/19/2021 2:00,6656400,0,0.05,0
3/19/2021 3:00,6660000,0.5,0.05,0
3/19/2021 4:00,6663600,1.1,0.05,0
3/19/2021 5:00,6667200,1,0.05,0
3/19/2021 6:00,6670800,0.4,0.1,0
3/19/2021 7:00,6674400,0.8,0.1,0.1
3/19/2021 8:00,6678000,0.5,0.3,0.2
3/19/2021 9:00,6681600,0.1,0.9,1
3/19/2021 10:00,6685200,0.1,0.9,1
3/19/2021 11:00,6688800,0.1,0.9,1
3/19/2021 12:00,6692400,0.1,0.9,1
3/19/2021 13:00,6696000,0.3,0.9,0.5
3/19/2021 14:00,6699600,0.3,0.9,1
3/19/2021 15:00,6703200,0.2,0.9,1
3/19/2021 16:00,6706800,1.8,0.9,1
3/19/2021 17:00,6710400,1.2,0.9,1
3/19/2021 18:00,6714000,0.2,0.5,0.3
3/19/2021 19:00,6717600,0.1,0.3,0.1
3/19/2021 20:00,6721200,0,0.3,0.1
3/19/2021 21:00,6724800,0,0.2,0
3/19/2021 22:00,6728400,0,0.2,0
3/19/2021 23:00,6732000,0,0.1,0
3/20/2021 0:00,6735600,0,0.05,0
3/20/2021 1:00,6739200,0,0.05,0
3/20/2021 2:00,6742800,0,0.05,0
3/20/2021 3:00,6746400,0,0.05,0
3/20/2021 4:00,6750000,0.2,0.05,0
3/20/2021 5:00,6753600,0.2,0.05,0
3/20/2021 6:00,6757200,0.3,0.1,0
3/20/2021 7:00,6760800,0.3,0.1,0.1
3/20/2021 8:00,6764400,0.2,0.3,0.2
3/20/2021 9:00,6768000,0.2,0.9,1
3/20/2021 10:00,6771600,0.1,0.9,1
3/20/2021 11:00,6775200,0,0.9,1
3/20/2021 12:00,6778800,0,0.9,1
3/20/2021 13:00,6782400,0,0.9,0.5
3/20/2021 14:00,6786000,0,0.9,1
3/20/2021 15:00,6789600,0.3,0.9,1
3/20/2021 16:00,6793200,1.5,0.9,1
3/20/2021 17:00,6796800,0.8,0.9,1
3/20/2021 18:00,6800400,0,0.5,0.3
3/20/2021 19:00,6804000,0.1,0.3,0.1
3/20/2021 20:00,6807600,0,0.3,0.1
3/20/2021 21:00,6811200,0,0.2,0
3/20/2021 22:00,6814800,0,0.2,0
3/20/2021 23:00,6818400,0,0.1,0
3/21/2021 0:00,6822000,0,0.05,0
3/21/2021 1:00,6825600,0.1,0.05,0
3/21/2021 2:00,6829200,0.1,0.05,0
3/21/2021 3:00,6832800,0,0.05,0
3/21/2021 4:00,6836400,0,0.05,0
3/21/2021 5:00,6840000,0,0.05,0
3/21/2021 6:00,6843600,0,0.1,0
3/21/2021 7:00,6847200,0,0.1,0.1
3/21/2021 8:00,6850800,0,0.3,0.2
3/21/2021 9:00,6854400,0,0.9,1
3/21/2021 10:00,6858000,0,0.9,1
3/21/2021 11:00,6861600,0,0.9,1
3/21/2021 12:00,6865200,0.1,0.9,1
3/21/2021 13:00,6868800,0.1,0.9,0.5
3/21/2021 14:00,6872400,0,0.9,1
3/21/2021 15:00,6876000,0.1,0.9,1
3/21/2021 16:00,6879600,0.1,0.9,1
3/21/2021 17:00,6883200,0.3,0.9,1
3/21/2021 18:00,6886800,0.3,0.5,0.3
3/21/2021 19:00,6890400,0,0.3,0.1
3/21/2021 20:00,6894000,0,0.3,0.1
3/21/2021 21:00,6897600,0,0.2,0
3/21/2021 22:00,6901200,0.1,0.2,0
3/21/2021 23:00,6904800,0.2,0.1,0
3/22/2021 0:00,6908400,0.1,0.05,0
3/22/2021 1:00,6912000,0.1,0.05,0
3/22/2021 2:00,6915600,0.1,0.05,0
3/22/2021 3:00,6919200,0.1,0.05,0
3/22/2021 4:00,6922800,0.1,0.05,0
3/22/2021 5:00,6926400,0.1,0.05,0
3/22/2021 6:00,6930000,0,0.1,0
3/22/2021 7:00,6933600,0,0.1,0.1
3/22/2021 8:00,6937200,0,0.3,0.2
3/22/2021 9:00,6940800,0,0.9,1
3/22/2021 10:00,6944400,0,0.9,1
3/22/2021 11:00,6948000,0.1,0.9,1
3/22/2021 12:00,6951600,0.1,0.9,1
3/22/2021 13:00,6955200,0.5,0.9,0.5
3/22/2021 14:00,6958800,0.4,0.9,1
3/22/2021 15:00,6962400,0.2,0.9,1
3/22/2021 16:00,6966000,0.1,0.9,1
3/22/2021 17:00,6969600,0.3,0.9,1
3/22/2021 18:00,6973200,0.4,0.5,0.3
3/22/2021 19:00,6976800,0.3,0.3,0.1
3/22/2021 20:00,6980400,0.3,0.3,0.1
3/22/2021 21:00,6984000,0.8,0.2,0
3/22/2021 22:00,6987600,1.5,0.2,0
3/22/2021 23:00,6991200,0.8,0.1,0
3/23/2021 0:00,6994800,0.4,0.05,0
3/23/2021 1:00,6998400,0.3,0.05,0
3/23/2021 2:00,7002000,0.2,0.05,0
3/23/2021 3:00,7005600,0.1,0.05,0
3/23/2021 4:00,7009200,0,0.05,0
3/23/2021 5:00,7012800,0,0.05,0
3/23/2021 6:00,7016400,0,0.1,0
3/23/2021 7:00,7020000,0,0.1,0.1
3/23/2021 8:00,7023600,0.2,0.3,0.2
3/23/2021 9:00,7027200,0.2,0.9,1
3/23/2021 10:00,7030800,0.3,0.9,1
3/23/2021 11:00,7034400,0.1,0.9,1
3/23/2021 12:00,7038000,0.1,0.9,1
3/23/2021 13:00,7041600,0.3,0.9,0.5
3/23/2021 14:00,7045200,1.3,0.9,1
3/23/2021 15:00,7048800,0.9,0.9,1
3/23/2021 16:00,7052400,0.4,0.9,1
3/23/2021 17:00,7056000,1.1,0.9,1
3/23/2021 18:00,7059600,1.1,0.5,0.3
3/23/2021 19:00,7063200,0.7,0.3,0.1
3/23/2021 20:00,7066800,0.4,0.3,0.1
3/23/2021 21:00,7070400,0.9,0.2,0
3/23/2021 22:00,7074000,2.1,0.2,0
3/23/2021 23:00,7077600,2.9,0.1,0
3/24/2021 0:00,7081200,1.8,0.05,0
3/24/2021 1:00,7084800,0.8,0.05,0
3/24/2021 2:00,7088400,0.3,0.05,0
3/24/2021 3:00,7092000,0.3,0.05,0
3/24/2021 4:00,7095600,1,0.05,0
3/24/2021 5:00,7099200,1.2,0.05,0
3/24/2021 6:00,7102800,0.8,0.05,0
3/24/2021 7:00,7106400,0.7,0.1,0.1
3/24/2021 8:00,7110000,0.9,0.1,0.1
3/24/2021 9:00,7113600,0.6,0.3,0.3
3/24/2021 10:00,7117200,0.3,0.3,0.3
3/24/2021 11:00,7120800,0.4,0.3,0.3
3/24/2021 12:00,7124400,1,0.3,0.3
3/24/2021 13:00,7128000,1.5,0.15,0.1
3/24/2021 14:00,7131600,1.7,0.15,0.1
3/24/2021 15:00,7135200,0.2,0.15,0.1
3/24/2021 16:00,7138800,0.8,0.15,0.1
3/24/2021 17:00,7142400,1.2,0.15,0.1
3/24/2021 18:00,7146000,1.6,0.05,0
3/24/2021 19:00,7149600,1.4,0.05,0
3/24/2021 20:00,7153200,1.2,0.05,0
3/24/2021 21:00,7156800,1.8,0.05,0
3/24/2021 22:00,7160400,2.5,0.05,0
3/24/2021 23:00,7164000,2.5,0.05,0
3/25/2021 0:00,7167600,2.3,0.05,0
3/25/2021 1:00,7171200,1.4,0,0
3/25/2021 2:00,7174800,0.9,0,0
3/25/2021 3:00,7178400,0.1,0,0
3/25/2021 4:00,7182000,0.2,0,0
3/25/2021 5:00,7185600,0.6,0,0
3/25/2021 6:00,7189200,1,0,0
3/25/2021 7:00,7192800,1.3,0,0
3/25/2021 8:00,7196400,0.2,0,0
3/25/2021 9:00,7200000,0.1,0,0
3/25/2021 10:00,7203600,0.2,0,0
3/25/2021 11:00,7207200,0.2,0,0
3/25/2021 12:00,7210800,0.7,0,0
3/25/2021 13:00,7214400,1.5,0,0
3/25/2021 14:00,7218000,1.8,0,0
3/25/2021 15:00,7221600,1.1,0,0
3/25/2021 16:00,7225200,1.9,0,0
3/25/2021 17:00,7228800,2.7,0,0
3/25/2021 18:00,7232400,2.3,0,0
3/25/2021 19:00,7236000,1,0,0
3/25/2021 20:00,7239600,1,0,0
3/25/2021 21:00,7243200,0.8,0,0
3/25/2021 22:00,7246800,0.9,0,0
3/25/2021 23:00,7250400,0.9,0,0
3/26/2021 0:00,7254000,0.6,0,0
3/26/2021 1:00,7257600,1,0.05,0
3/26/2021 2:00,7261200,2.3,0.05,0
3/26/2021 3:00,7264800,0.6,0.05,0
3/26/2021 4:00,7268400,1.9,0.05,0
3/26/2021 5:00,7272000,1.2,0.05,0
3/26/2021 6:00,7275600,0.3,0.1,0
3/26/2021 7:00,7279200,0.2,0.1,0.1
3/26/2021 8:00,7282800,0.2,0.3,0.2
3/26/2021 9:00,7286400,0.1,0.9,1
3/26/2021 10:00,7290000,0.1,0.9,1
3/26/2021 11:00,7293600,0.1,0.9,1
3/26/2021 12:00,7297200,0.1,0.9,1
3/26/2021 13:00,7300800,0.1,0.9,0.5
3/26/2021 14:00,7304400,0.1,0.9,1
3/26/2021 15:00,7308000,0.1,0.9,1
3/26/2021 16:00,7311600,0,0.9,1
3/26/2021 17:00,7315200,0.1,0.9,1
3/26/2021 18:00,7318800,0,0.5,0.3
3/26/2021 19:00,7322400,0,0.3,0.1
3/26/2021 20:00,7326000,0,0.3,0.1
3/26/2021 21:00,7329600,0,0.2,0
3/26/2021 22:00,7333200,0,0.2,0
3/26/2021 23:00,7336800,0.1,0.1,0
3/27/2021 0:00,7340400,0.1,0.05,0
3/27/2021 1:00,7344000,0.5,0.05,0
3/27/2021 2:00,7347600,0.2,0.05,0
3/27/2021 3:00,7351200,0,0.05,0
3/27/2021 4:00,7354800,0,0.05,0
3/27/2021 5:00,7358400,1,0.05,0
3/27/2021 6:00,7362000,2.7,0.1,0
3/27/2021 7:00,7365600,1.1,0.1,0.1
3/27/2021 8:00,7369200,0.8,0.3,0.2
3/27/2021 9:00,7372800,0.5,0.9,1
3/27/2021 10:00,7376400,0.3,0.9,1
3/27/2021 11:00,7380000,0.3,0.9,1
3/27/2021 12:00,7383600,0.1,0.9,1
3/27/2021 13:00,7387200,0.1,0.9,0.5
3/27/2021 14:00,7390800,0.1,0.9,1
3/27/2021 15:00,7394400,3.5,0.9,1
3/27/2021 16:00,7398000,3.5,0.9,1
3/27/2021 17:00,7401600,1.5,0.9,1
3/27/2021 18:00,7405200,0.6,0.5,0.3
3/27/2021 19:00,7408800,0.4,0.3,0.1
3/27/2021 20:00,7412400,0.1,0.3,0.1
3/27/2021 21:00,7416000,0.1,0.2,0
3/27/2021 22:00,7419600,0,0.2,0
3/27/2021 23:00,7423200,0,0.1,0
3/28/2021 0:00,7426800,0,0.05,0
3/28/2021 1:00,7430400,0,0.05,0
3/28/2021 2:00,7434000,0,0.05,0
3/28/2021 3:00,7437600,0,0.05,0
3/28/2021 4:00,7441200,0,0.05,0
3/28/2021 5:00,7444800,0,0.05,0
3/28/2021 6:00,7448400,0,0.1,0
3/28/2021 7:00,7452000,0,0.1,0.1
3/28/2021 8:00,7455600,0,0.3,0.2
3/28/2021 9:00,7459200,0,0.9,1
3/28/2021 10:00,7462800,0,0.9,1
3/28/2021 11:00,7466400,0.1,0.9,1
3/28/2021 12:00,7470000,0.1,0.9,1
3/28/2021 13:00,7473600,0.1,0.9,0.5
3/28/2021 14:00,7477200,0.1,0.9,1
3/28/2021 15:00,7480800,0,0.9,1
3/28/2021 16:00,7484400,0.1,0.9,1
3/28/2021 17:00,7488000,0.1,0.9,1
3/28/2021 18:00,7491600,0.2,0.5,0.3
3/28/2021 19:00,7495200,0.1,0.3,0.1
3/28/2021 20:00,7498800,0,0.3,0.1
3/28/2021 21:00,7502400,0.1,0.2,0
3/28/2021 22:00,7506000,0.3,0.2,0
3/28/2021 23:00,7509600,0,0.1,0
3/29/2021 0:00,7513200,0,0.05,0
3/29/2021 1:00,7516800,0,0.05,0
3/29/2021 2:00,7520400,0.1,0.05,0
3/29/2021 3:00,7524000,0,0.05,0
3/29/2021 4:00,7527600,0,0.05,0
3/29/2021 5:00,7531200,0,0.05,0
3/29/2021 6:00,7534800,0,0.1,0
3/29/2021 7:00,7538400,0,0.1,0.1
3/29/2021 8:00,7542000,0,0.3,0.2
3/29/2021 9:00,7545600,0,0.9,1
3/29/2021 10:00,7549200,0,0.9,1
3/29/2021 11:00,7552800,0,0.9,1
3/29/2021 12:00,7556400,0.1,0.9,1
3/29/2021 13:00,7560000,0.1,0.9,0.5
3/29/2021 14:00,7563600,0.1,0.9,1
3/29/2021 15:00,7567200,1.3,0.9,1
3/29/2021 16:00,7570800,0.8,0.9,1
3/29/2021 17:00,7574400,0.1,0.9,1
3/29/2021 18:00,7578000,0.6,0.5,0.3
3/29/2021 19:00,7581600,0.6,0.3,0.1
3/29/2021 20:00,7585200,0.1,0.3,0.1
3/29/2021 21:00,7588800,0,0.2,0
3/29/2021 22:00,7592400,0,0.2,0
3/29/2021 23:00,7596000,0,0.1,0
3/30/2021 0:00,7599600,0,0.05,0
3/30/2021 1:00,7603200,0,0.05,0
3/30/2021 2:00,7606800,0,0.05,0
3/30/2021 3:00,7610400,0,0.05,0
3/30/2021 4:00,7614000,0,0.05,0
3/30/2021 5:00,7617600,0,0.05,0
3/30/2021 6:00,7621200,0.1,0.1,0
3/30/2021 7:00,7624800,0.2,0.1,0.1
3/30/2021 8:00,7628400,0.1,0.3,0.2
3/30/2021 9:00,7632000,0,0.9,1
3/30/2021 10:00,7635600,0,0.9,1
3/30/2021 11:00,7639200,0,0.9,1
3/30/2021 12:00,7642800,0,0.9,1
3/30/2021 13:00,7646400,0,0.9,0.5
3/30/2021 14:00,7650000,0.1,0.9,1
3/30/2021 15:00,7653600,0.2,0.9,1
3/30/2021 16:00,7657200,0,0.9,1
3/30/2021 17:00,7660800,0.3,0.9,1
3/30/2021 18:00,7664400,0.9,0.5,0.3
3/30/2021 19:00,7668000,0,0.3,0.1
3/30/2021 20:00,7671600,0,0.3,0.1
3/30/2021 21:00,7675200,0.1,0.2,0
3/30/2021 22:00,7678800,0,0.2,0
3/30/2021 23:00,7682400,0,0.1,0
3/31/2021 0:00,7686000,0,0.05,0
3/31/2021 1:00,7689600,0.2,0.05,0
3/31/2021 2:00,7693200,1.2,0.05,0
3/31/2021 3:00,7696800,2.3,0.05,0
3/31/2021 4:00,7700400,2.9,0.05,0
3/31/2021 5:00,7704000,1.9,0.05,0
3/31/2021 6:00,7707600,0.9,0.05,0
3/31/2021 7:00,7711200,0.1,0.1,0.1
3/31/2021 8:00,7714800,0,0.1,0.1
3/31/2021 9:00,7718400,0,0.3,0.3
3/31/2021 10:00,7722000,0,0.3,0.3
3/31/2021 11:00,7725600,0,0.3,0.3
3/31/2021 12:00,7729200,0.1,0.3,0.3
3/31/2021 13:00,7732800,0,0.15,0.1
3/31/2021 14:00,7736400,0,0.15,0.1
3/31/2021 15:00,7740000,0,0.15,0.1
3/31/2021 16:00,7743600,0,0.15,0.1
3/31/2021 17:00,7747200,0,0.15,0.1
3/31/2021 18:00,7750800,0,0.05,0
3/31/2021 19:00,7754400,0,0.05,0
3/31/2021 20:00,7758000,0.1,0.05,0
3/31/2021 21:00,7761600,0,0.05,0
3/31/2021 22:00,7765200,0,0.05,0
3/31/2021 23:00,7768800,0,0.05,0
4/1/2021 0:00,7772400,0,0.05,0
4/1/2023 1:00,7776000,0.1,0,0
4/1/2023 2:00,7779600,0.4,0,0
4/1/2023 3:00,7783200,0.3,0,0
4/1/2023 4:00,7786800,0.3,0,0
4/1/2023 5:00,7790400,0.4,0,0
4/1/2023 6:00,7794000,0.2,0,0
4/1/2023 7:00,7797600,0.4,0,0
4/1/2023 8:00,7801200,0.2,0,0
4/1/2023 9:00,7804800,0.2,0,0
4/1/2023 10:00,7808400,0.3,0,0
4/1/2023 11:00,7812000,0.2,0,0
4/1/2023 12:00,7815600,0.3,0,0
4/1/2023 13:00,7819200,0.2,0,0
4/1/2023 14:00,7822800,0.2,0,0
4/1/2023 15:00,7826400,0.4,0,0
4/1/2023 16:00,7830000,1.2,0,0
4/1/2023 17:00,7833600,4.6,0,0
4/1/2023 18:00,7837200,1.3,0,0
4/1/2023 19:00,7840800,0.3,0,0
4/1/2023 20:00,7844400,0.7,0,0
4/1/2023 21:00,7848000,1.5,0,0
4/1/2023 22:00,7851600,0.1,0,0
4/1/2023 23:00,7855200,0.2,0,0
4/2/2023 0:00,7858800,0,0,0
4/2/2023 1:00,7862400,0,0.05,0
4/2/2023 2:00,7866000,0,0.05,0
4/2/2023 3:00,7869600,2.1,0.05,0
4/2/2023 4:00,7873200,1.6,0.05,0
4/2/2023 5:00,7876800,0.7,0.05,0
4/2/2023 6:00,7880400,0.7,0.1,0
4/2/2023 7:00,7884000,0.3,0.1,0.1
4/2/2023 8:00,7887600,0.6,0.3,0.2
4/2/2023 9:00,7891200,0.7,0.9,1
4/2/2023 10:00,7894800,0.1,0.9,1
4/2/2023 11:00,7898400,0.1,0.9,1
4/2/2023 12:00,7902000,0.2,0.9,1
4/2/2023 13:00,7905600,0.2,0.9,0.5
4/2/2023 14:00,7909200,0.2,0.9,1
4/2/2023 15:00,7912800,0.1,0.9,1
4/2/2023 16:00,7916400,0.5,0.9,1
4/2/2023 17:00,7920000,1.7,0.9,1
4/2/2023 18:00,7923600,0.5,0.5,0.3
4/2/2023 19:00,7927200,0,0.3,0.1
4/2/2023 20:00,7930800,0,0.3,0.1
4/2/2023 21:00,7934400,0,0.2,0
4/2/2023 22:00,7938000,0,0.2,0
4/2/2023 23:00,7941600,0,0.1,0
4/3/2023 0:00,7945200,0,0.05,0
4/3/2023 1:00,7948800,0,0.05,0
4/3/2023 2:00,7952400,0,0.05,0
4/3/2023 3:00,7956000,0.3,0.05,0
4/3/2023 4:00,7959600,1.6,0.05,0
4/3/2023 5:00,7963200,2,0.05,0
4/3/2023 6:00,7966800,1.3,0.1,0
4/3/2023 7:00,7970400,0.2,0.1,0.1
4/3/2023 8:00,7974000,0.1,0.3,0.2
4/3/2023 9:00,7977600,0.1,0.9,1
4/3/2023 10:00,7981200,0.1,0.9,1
4/3/2023 11:00,7984800,0.1,0.9,1
4/3/2023 12:00,7988400,0.2,0.9,1
4/3/2023 13:00,7992000,0.1,0.9,0.5
4/3/2023 14:00,7995600,0.1,0.9,1
4/3/2023 15:00,7999200,0.9,0.9,1
4/3/2023 16:00,8002800,0.5,0.9,1
4/3/2023 17:00,8006400,0.1,0.9,1
4/3/2023 18:00,8010000,0,0.5,0.3
4/3/2023 19:00,8013600,0,0.3,0.1
4/3/2023 20:00,8017200,0,0.3,0.1
4/3/2023 21:00,8020800,0,0.2,0
4/3/2023 22:00,8024400,0,0.2,0
4/3/2023 23:00,8028000,0,0.1,0
4/4/2023 0:00,8031600,0,0.05,0
4/4/2023 1:00,8035200,0,0.05,0
4/4/2023 2:00,8038800,0,0.05,0
4/4/2023 3:00,8042400,0,0.05,0
4/4/2023 4:00,8046000,0,0.05,0
4/4/2023 5:00,8049600,0.1,0.05,0
4/4/2023 6:00,8053200,0,0.1,0
4/4/2023 7:00,8056800,0,0.1,0.1
4/4/2023 8:00,8060400,0,0.3,0.2
4/4/2023 9:00,8064000,0,0.9,1
4/4/2023 10:00,8067600,0,0.9,1
4/4/2023 11:00,8071200,0,0.9,1
4/4/2023 12:00,8074800,0.1,0.9,1
4/4/2023 13:00,8078400,0,0.9,0.5
4/4/2023 14:00,8082000,0,0.9,1
4/4/2023 15:00,8085600,0,0.9,1
4/4/2023 16:00,8089200,0,0.9,1
4/4/2023 17:00,8092800,0,0.9,1
4/4/2023 18:00,8096400,0.2,0.5,0.3
4/4/2023 19:00,8100000,0,0.3,0.1
4/4/2023 20:00,8103600,0,0.3,0.1
4/4/2023 21:00,8107200,0,0.2,0
4/4/2023 22:00,8110800,0,0.2,0
4/4/2023 23:00,8114400,0,0.1,0
4/5/2023 0:00,8118000,0,0.05,0
4/5/2023 1:00,8121600,0,0.05,0
4/5/2023 2:00,8125200,0,0.05,0
4/5/2023 3:00,8128800,0,0.05,0
4/5/2023 4:00,8132400,0.2,0.05,0
4/5/2023 5:00,8136000,0,0.05,0
4/5/2023 6:00,8139600,0.3,0.1,0
4/5/2023 7:00,8143200,1,0.1,0.1
4/5/2023 8:00,8146800,0.1,0.3,0.2
4/5/2023 9:00,8150400,0,0.9,1
4/5/2023 10:00,8154000,0.2,0.9,1
4/5/2023 11:00,8157600,1.1,0.9,1
4/5/2023 12:00,8161200,0.7,0.9,1
4/5/2023 13:00,8164800,0.3,0.9,0.5
4/5/2023 14:00,8168400,0.6,0.9,1
4/5/2023 15:00,8172000,0.9,0.9,1
4/5/2023 16:00,8175600,0.8,0.9,1
4/5/2023 17:00,8179200,0.1,0.9,1
4/5/2023 18:00,8182800,0.2,0.5,0.3
4/5/2023 19:00,8186400,1,0.3,0.1
4/5/2023 20:00,8190000,0.3,0.3,0.1
4/5/2023 21:00,8193600,0,0.2,0
4/5/2023 22:00,8197200,0,0.2,0
4/5/2023 23:00,8200800,0.1,0.1,0
4/6/2023 0:00,8204400,0.2,0.05,0
4/6/2023 1:00,8208000,0.4,0.05,0
4/6/2023 2:00,8211600,0,0.05,0
4/6/2023 3:00,8215200,0,0.05,0
4/6/2023 4:00,8218800,0,0.05,0
4/6/2023 5:00,8222400,0.4,0.05,0
4/6/2023 6:00,8226000,1.1,0.1,0
4/6/2023 7:00,8229600,0.2,0.1,0.1
4/6/2023 8:00,8233200,0.1,0.3,0.2
4/6/2023 9:00,8236800,0.4,0.9,1
4/6/2023 10:00,8240400,0.2,0.9,1
4/6/2023 11:00,8244000,0,0.9,1
4/6/2023 12:00,8247600,0,0.9,1
4/6/2023 13:00,8251200,0,0.9,0.5
4/6/2023 14:00,8254800,0,0.9,1
4/6/2023 15:00,8258400,0,0.9,1
4/6/2023 16:00,8262000,0,0.9,1
4/6/2023 17:00,8265600,0,0.9,1
4/6/2023 18:00,8269200,0,0.5,0.3
4/6/2023 19:00,8272800,0,0.3,0.1
4/6/2023 20:00,8276400,0,0.3,0.1
4/6/2023 21:00,8280000,0,0.2,0
4/6/2023 22:00,8283600,0,0.2,0
4/6/2023 23:00,8287200,0,0.1,0
4/7/2023 0:00,8290800,0,0.05,0
4/7/2023 1:00,8294400,0,0.05,0
4/7/2023 2:00,8298000,0,0.05,0
4/7/2023 3:00,8301600,0,0.05,0
4/7/2023 4:00,8305200,1.8,0.05,0
4/7/2023 5:00,8308800,0.2,0.05,0
4/7/2023 6:00,8312400,0.2,0.05,0
4/7/2023 7:00,8316000,0,0.1,0.1
4/7/2023 8:00,8319600,0.9,0.1,0.1
4/7/2023 9:00,8323200,1,0.3,0.3
4/7/2023 10:00,8326800,0.1,0.3,0.3
4/7/2023 11:00,8330400,0,0.3,0.3
4/7/2023 12:00,8334000,0,0.3,0.3
4/7/2023 13:00,8337600,0.1,0.15,0.1
4/7/2023 14:00,8341200,0.2,0.15,0.1
4/7/2023 15:00,8344800,0.5,0.15,0.1
4/7/2023 16:00,8348400,2,0.15,0.1
4/7/2023 17:00,8352000,1.4,0.15,0.1
4/7/2023 18:00,8355600,1,0.05,0
4/7/2023 19:00,8359200,0.2,0.05,0
4/7/2023 20:00,8362800,0,0.05,0
4/7/2023 21:00,8366400,0,0.05,0
4/7/2023 22:00,8370000,0,0.05,0
4/7/2023 23:00,8373600,0,0.05,0
4/8/2023 0:00,8377200,0,0.05,0
4/8/2023 1:00,8380800,0,0,0
4/8/2023 2:00,8384400,0,0,0
4/8/2023 3:00,8388000,0.2,0,0
4/8/2023 4:00,8391600,0.8,0,0
4/8/2023 5:00,8395200,1.6,0,0
4/8/2023 6:00,8398800,2,0,0
4/8/2023 7:00,8402400,0.6,0,0
4/8/2023 8:00,8406000,0.1,0,0
4/8/2023 9:00,8409600,0,0,0
4/8/2023 10:00,8413200,0,0,0
4/8/2023 11:00,8416800,0,0,0
4/8/2023 12:00,8420400,0.1,0,0
4/8/2023 13:00,8424000,0.1,0,0
4/8/2023 14:00,8427600,0.1,0,0
4/8/2023 15:00,8431200,1.1,0,0
4/8/2023 16:00,8434800,0.3,0,0
4/8/2023 17:00,8438400,0.1,0,0
4/8/2023 18:00,8442000,0.1,0,0
4/8/2023 19:00,8445600,0.2,0,0
4/8/2023 20:00,8449200,0,0,0
4/8/2023 21:00,8452800,0,0,0
4/8/2023 22:00,8456400,0,0,0
4/8/2023 23:00,8460000,0,0,0
4/9/2023 0:00,8463600,0,0,0
4/9/2023 1:00,8467200,0,0.05,0
4/9/2023 2:00,8470800,0.1,0.05,0
4/9/2023 3:00,8474400,0.2,0.05,0
4/9/2023 4:00,8478000,0.6,0.05,0
4/9/2023 5:00,8481600,0.9,0.05,0
4/9/2023 6:00,8485200,0.7,0.1,0
4/9/2023 7:00,8488800,0.6,0.1,0.1
4/9/2023 8:00,8492400,1.1,0.3,0.2
4/9/2023 9:00,8496000,0.5,0.9,1
4/9/2023 10:00,8499600,0.1,0.9,1
4/9/2023 11:00,8503200,0.1,0.9,1
4/9/2023 12:00,8506800,0.1,0.9,1
4/9/2023 13:00,8510400,0.1,0.9,0.5
4/9/2023 14:00,8514000,0.1,0.9,1
4/9/2023 15:00,8517600,0,0.9,1
4/9/2023 16:00,8521200,0,0.9,1
4/9/2023 17:00,8524800,0,0.9,1
4/9/2023 18:00,8528400,0,0.5,0.3
4/9/2023 19:00,8532000,0,0.3,0.1
4/9/2023 20:00,8535600,0,0.3,0.1
4/9/2023 21:00,8539200,0,0.2,0
4/9/2023 22:00,8542800,0,0.2,0
4/9/2023 23:00,8546400,0,0.1,0
4/10/2023 0:00,8550000,0,0.05,0
4/10/2023 1:00,8553600,0,0.05,0
4/10/2023 2:00,8557200,0,0.05,0
4/10/2023 3:00,8560800,0,0.05,0
4/10/2023 4:00,8564400,0.1,0.05,0
4/10/2023 5:00,8568000,0,0.05,0
4/10/2023 6:00,8571600,0,0.1,0
4/10/2023 7:00,8575200,0,0.1,0.1
4/10/2023 8:00,8578800,0,0.3,0.2
4/10/2023 9:00,8582400,0,0.9,1
4/10/2023 10:00,8586000,0,0.9,1
4/10/2023 11:00,8589600,0.1,0.9,1
4/10/2023 12:00,8593200,0.1,0.9,1
4/10/2023 13:00,8596800,0.1,0.9,0.5
4/10/2023 14:00,8600400,0.1,0.9,1
4/10/2023 15:00,8604000,0.1,0.9,1
4/10/2023 16:00,8607600,0.2,0.9,1
4/10/2023 17:00,8611200,0.8,0.9,1
4/10/2023 18:00,8614800,0.2,0.5,0.3
4/10/2023 19:00,8618400,0,0.3,0.1
4/10/2023 20:00,8622000,0,0.3,0.1
4/10/2023 21:00,8625600,0,0.2,0
4/10/2023 22:00,8629200,0,0.2,0
4/10/2023 23:00,8632800,0,0.1,0
4/11/2023 0:00,8636400,0,0.05,0
4/11/2023 1:00,8640000,0,0.05,0
4/11/2023 2:00,8643600,0,0.05,0
4/11/2023 3:00,8647200,0,0.05,0
4/11/2023 4:00,8650800,0,0.05,0
4/11/2023 5:00,8654400,0,0.05,0
4/11/2023 6:00,8658000,0,0.1,0
4/11/2023 7:00,8661600,0,0.1,0.1
4/11/2023 8:00,8665200,0,0.3,0.2
4/11/2023 9:00,8668800,0,0.9,1
4/11/2023 10:00,8672400,0,0.9,1
4/11/2023 11:00,8676000,0,0.9,1
4/11/2023 12:00,8679600,0,0.9,1
4/11/2023 13:00,8683200,0,0.9,0.5
4/11/2023 14:00,8686800,0,0.9,1
4/11/2023 15:00,8690400,0,0.9,1
4/11/2023 16:00,8694000,0,0.9,1
4/11/2023 17:00,8697600,0,0.9,1
4/11/2023 18:00,8701200,0,0.5,0.3
4/11/2023 19:00,8704800,0,0.3,0.1
4/11/2023 20:00,8708400,0,0.3,0.1
4/11/2023 21:00,8712000,0,0.2,0
4/11/2023 22:00,8715600,0,0.2,0
4/11/2023 23:00,8719200,0,0.1,0
4/12/2023 0:00,8722800,0,0.05,0
4/12/2023 1:00,8726400,0,0.05,0
4/12/2023 2:00,8730000,0,0.05,0
4/12/2023 3:00,8733600,0,0.05,0
4/12/2023 4:00,8737200,0,0.05,0
4/12/2023 5:00,8740800,0,0.05,0
4/12/2023 6:00,8744400,0,0.1,0
4/12/2023 7:00,8748000,0,0.1,0.1
4/12/2023 8:00,8751600,0,0.3,0.2
4/12/2023 9:00,8755200,0,0.9,1
4/12/2023 10:00,8758800,0,0.9,1
4/12/2023 11:00,8762400,0,0.9,1
4/12/2023 12:00,8766000,0,0.9,1
4/12/2023 13:00,8769600,0.1,0.9,0.5
4/12/2023 14:00,8773200,0.1,0.9,1
4/12/2023 15:00,8776800,0.1,0.9,1
4/12/2023 16:00,8780400,0.1,0.9,1
4/12/2023 17:00,8784000,0.1,0.9,1
4/12/2023 18:00,8787600,0.1,0.5,0.3
4/12/2023 19:00,8791200,0,0.3,0.1
4/12/2023 20:00,8794800,0,0.3,0.1
4/12/2023 21:00,8798400,0.1,0.2,0
4/12/2023 22:00,8802000,0,0.2,0
4/12/2023 23:00,8805600,0,0.1,0
4/13/2023 0:00,8809200,0,0.05,0
4/13/2023 1:00,8812800,0,0.05,0
4/13/2023 2:00,8816400,0,0.05,0
4/13/2023 3:00,8820000,0.1,0.05,0
4/13/2023 4:00,8823600,0.1,0.05,0
4/13/2023 5:00,8827200,0,0.05,0
4/13/2023 6:00,8830800,0,0.1,0
4/13/2023 7:00,8834400,0,0.1,0.1
4/13/2023 8:00,8838000,0.1,0.3,0.2
4/13/2023 9:00,8841600,0,0.9,1
4/13/2023 10:00,8845200,0.1,0.9,1
4/13/2023 11:00,8848800,0,0.9,1
4/13/2023 12:00,8852400,0,0.9,1
4/13/2023 13:00,8856000,0,0.9,0.5
4/13/2023 14:00,8859600,0,0.9,1
4/13/2023 15:00,8863200,0.2,0.9,1
4/13/2023 16:00,8866800,0.4,0.9,1
4/13/2023 17:00,8870400,0,0.9,1
4/13/2023 18:00,8874000,0,0.5,0.3
4/13/2023 19:00,8877600,0,0.3,0.1
4/13/2023 20:00,8881200,0,0.3,0.1
4/13/2023 21:00,8884800,0,0.2,0
4/13/2023 22:00,8888400,0,0.2,0
4/13/2023 23:00,8892000,0,0.1,0
4/14/2023 0:00,8895600,0,0.05,0
4/14/2023 1:00,8899200,0,0.05,0
4/14/2023 2:00,8902800,0,0.05,0
4/14/2023 3:00,8906400,0,0.05,0
4/14/2023 4:00,8910000,0,0.05,0
4/14/2023 5:00,8913600,0,0.05,0
4/14/2023 6:00,8917200,0,0.05,0
4/14/2023 7:00,8920800,0,0.1,0.1
4/14/2023 8:00,8924400,0.1,0.1,0.1
4/14/2023 9:00,8928000,0.1,0.3,0.3
4/14/2023 10:00,8931600,0.1,0.3,0.3
4/14/2023 11:00,8935200,0.1,0.3,0.3
4/14/2023 12:00,8938800,0.1,0.3,0.3
4/14/2023 13:00,8942400,0.1,0.15,0.1
4/14/2023 14:00,8946000,0.1,0.15,0.1
4/14/2023 15:00,8949600,0.3,0.15,0.1
4/14/2023 16:00,8953200,0.7,0.15,0.1
4/14/2023 17:00,8956800,0.7,0.15,0.1
4/14/2023 18:00,8960400,0.8,0.05,0
4/14/2023 19:00,8964000,0.1,0.05,0
4/14/2023 20:00,8967600,0,0.05,0
4/14/2023 21:00,8971200,0,0.05,0
4/14/2023 22:00,8974800,0,0.05,0
4/14/2023 23:00,8978400,0,0.05,0
4/15/2023 0:00,8982000,0.2,0.05,0
4/15/2023 1:00,8985600,0.2,0,0
4/15/2023 2:00,8989200,0.1,0,0
4/15/2023 3:00,8992800,0.3,0,0
4/15/2023 4:00,8996400,0.1,0,0
4/15/2023 5:00,9000000,0,0,0
4/15/2023 6:00,9003600,0.1,0,0
4/15/2023 7:00,9007200,0,0,0
4/15/2023 8:00,9010800,0,0,0
4/15/2023 9:00,9014400,0,0,0
4/15/2023 10:00,9018000,0.1,0,0
4/15/2023 11:00,9021600,0.1,0,0
4/15/2023 12:00,9025200,0.1,0,0
4/15/2023 13:00,9028800,0.1,0,0
4/15/2023 14:00,9032400,0.1,0,0
4/15/2023 15:00,9036000,0,0,0
4/15/2023 16:00,9039600,0.6,0,0
4/15/2023 17:00,9043200,0.5,0,0
4/15/2023 18:00,9046800,0.3,0,0
4/15/2023 19:00,9050400,0.1,0,0
4/15/2023 20:00,9054000,0.7,0,0
4/15/2023 21:00,9057600,0.5,0,0
4/15/2023 22:00,9061200,0,0,0
4/15/2023 23:00,9064800,0,0,0
4/16/2023 0:00,9068400,0,0,0
4/16/2023 1:00,9072000,0,0.05,0
4/16/2023 2:00,9075600,0,0.05,0
4/16/2023 3:00,9079200,0,0.05,0
4/16/2023 4:00,9082800,0,0.05,0
4/16/2023 5:00,9086400,0,0.05,0
4/16/2023 6:00,9090000,0,0.1,0
4/16/2023 7:00,9093600,0.2,0.1,0.1
4/16/2023 8:00,9097200,0,0.3,0.2
4/16/2023 9:00,9100800,1.3,0.9,1
4/16/2023 10:00,9104400,1,0.9,1
4/16/2023 11:00,9108000,0.1,0.9,1
4/16/2023 12:00,9111600,0,0.9,1
4/16/2023 13:00,9115200,0.1,0.9,0.5
4/16/2023 14:00,9118800,0.2,0.9,1
4/16/2023 15:00,9122400,0.3,0.9,1
4/16/2023 16:00,9126000,0.4,0.9,1
4/16/2023 17:00,9129600,0.3,0.9,1
4/16/2023 18:00,9133200,0,0.5,0.3
4/16/2023 19:00,9136800,0,0.3,0.1
4/16/2023 20:00,9140400,0.2,0.3,0.1
4/16/2023 21:00,9144000,0.1,0.2,0
4/16/2023 22:00,9147600,0,0.2,0
4/16/2023 23:00,9151200,0,0.1,0
4/17/2023 0:00,9154800,0,0.05,0
4/17/2023 1:00,9158400,0,0.05,0
4/17/2023 2:00,9162000,0,0.05,0
4/17/2023 3:00,9165600,0.2,0.05,0
4/17/2023 4:00,9169200,0.1,0.05,0
4/17/2023 5:00,9172800,0,0.05,0
4/17/2023 6:00,9176400,0.1,0.1,0
4/17/2023 7:00,9180000,0,0.1,0.1
4/17/2023 8:00,9183600,0,0.3,0.2
4/17/2023 9:00,9187200,0,0.9,1
4/17/2023 10:00,9190800,0,0.9,1
4/17/2023 11:00,9194400,0,0.9,1
4/17/2023 12:00,9198000,0,0.9,1
4/17/2023 13:00,9201600,0.1,0.9,0.5
4/17/2023 14:00,9205200,0,0.9,1
4/17/2023 15:00,9208800,1,0.9,1
4/17/2023 16:00,9212400,1.1,0.9,1
4/17/2023 17:00,9216000,0.1,0.9,1
4/17/2023 18:00,9219600,0.1,0.5,0.3
4/17/2023 19:00,9223200,0.2,0.3,0.1
4/17/2023 20:00,9226800,0.4,0.3,0.1
4/17/2023 21:00,9230400,0.3,0.2,0
4/17/2023 22:00,9234000,0,0.2,0
4/17/2023 23:00,9237600,0,0.1,0
4/18/2023 0:00,9241200,0,0.05,0
4/18/2023 1:00,9244800,0,0.05,0
4/18/2023 2:00,9248400,0,0.05,0
4/18/2023 3:00,9252000,0,0.05,0
4/18/2023 4:00,9255600,0,0.05,0
4/18/2023 5:00,9259200,0,0.05,0
4/18/2023 6:00,9262800,0,0.1,0
4/18/2023 7:00,9266400,0,0.1,0.1
4/18/2023 8:00,9270000,0,0.3,0.2
4/18/2023 9:00,9273600,0,0.9,1
4/18/2023 10:00,9277200,0,0.9,1
4/18/2023 11:00,9280800,0,0.9,1
4/18/2023 12:00,9284400,0,0.9,1
4/18/2023 13:00,9288000,0,0.9,0.5
4/18/2023 14:00,9291600,0,0.9,1
4/18/2023 15:00,9295200,0.2,0.9,1
4/18/2023 16:00,9298800,1.3,0.9,1
4/18/2023 17:00,9302400,0.3,0.9,1
4/18/2023 18:00,9306000,0,0.5,0.3
4/18/2023 19:00,9309600,0.2,0.3,0.1
4/18/2023 20:00,9313200,0.1,0.3,0.1
4/18/2023 21:00,9316800,0.1,0.2,0
4/18/2023 22:00,9320400,0.8,0.2,0
4/18/2023 23:00,9324000,0.9,0.1,0
4/19/2023 0:00,9327600,0.1,0.05,0
4/19/2023 1:00,9331200,0.3,0.05,0
4/19/2023 2:00,9334800,0,0.05,0
4/19/2023 3:00,9338400,0,0.05,0
4/19/2023 4:00,9342000,0,0.05,0
4/19/2023 5:00,9345600,0.4,0.05,0
4/19/2023 6:00,9349200,1.8,0.1,0
4/19/2023 7:00,9352800,0,0.1,0.1
4/19/2023 8:00,9356400,0,0.3,0.2
4/19/2023 9:00,9360000,0,0.9,1
4/19/2023 10:00,9363600,0,0.9,1
4/19/2023 11:00,9367200,0.2,0.9,1
4/19/2023 12:00,9370800,0.3,0.9,1
4/19/2023 13:00,9374400,0.2,0.9,0.5
4/19/2023 14:00,9378000,1.5,0.9,1
4/19/2023 15:00,9381600,1.6,0.9,1
4/19/2023 16:00,9385200,0.7,0.9,1
4/19/2023 17:00,9388800,0,0.9,1
4/19/2023 18:00,9392400,0,0.5,0.3
4/19/2023 19:00,9396000,0,0.3,0.1
4/19/2023 20:00,9399600,0,0.3,0.1
4/19/2023 21:00,9403200,0,0.2,0
4/19/2023 22:00,9406800,0,0.2,0
4/19/2023 23:00,9410400,0,0.1,0
4/20/2023 0:00,9414000,0,0.05,0
4/20/2023 1:00,9417600,0,0.05,0
4/20/2023 2:00,9421200,0,0.05,0
4/20/2023 3:00,9424800,0,0.05,0
4/20/2023 4:00,9428400,0.2,0.05,0
4/20/2023 5:00,9432000,0.8,0.05,0
4/20/2023 6:00,9435600,3.2,0.1,0
4/20/2023 7:00,9439200,3,0.1,0.1
4/20/2023 8:00,9442800,2.3,0.3,0.2
4/20/2023 9:00,9446400,0.1,0.9,1
4/20/2023 10:00,9450000,0.1,0.9,1
4/20/2023 11:00,9453600,0.2,0.9,1
4/20/2023 12:00,9457200,0.2,0.9,1
4/20/2023 13:00,9460800,0.4,0.9,0.5
4/20/2023 14:00,9464400,2.4,0.9,1
4/20/2023 15:00,9468000,2.1,0.9,1
4/20/2023 16:00,9471600,1.1,0.9,1
4/20/2023 17:00,9475200,0.1,0.9,1
4/20/2023 18:00,9478800,0,0.5,0.3
4/20/2023 19:00,9482400,0,0.3,0.1
4/20/2023 20:00,9486000,0,0.3,0.1
4/20/2023 21:00,9489600,0,0.2,0
4/20/2023 22:00,9493200,0,0.2,0
4/20/2023 23:00,9496800,0,0.1,0
4/21/2023 0:00,9500400,0,0.05,0
4/21/2023 1:00,9504000,0,0.05,0
4/21/2023 2:00,9507600,0,0.05,0
4/21/2023 3:00,9511200,0,0.05,0
4/21/2023 4:00,9514800,0.2,0.05,0
4/21/2023 5:00,9518400,0.5,0.05,0
4/21/2023 6:00,9522000,0.7,0.05,0
4/21/2023 7:00,9525600,0.9,0.1,0.1
4/21/2023 8:00,9529200,0.1,0.1,0.1
4/21/2023 9:00,9532800,0,0.3,0.3
4/21/2023 10:00,9536400,0.1,0.3,0.3
4/21/2023 11:00,9540000,0.1,0.3,0.3
4/21/2023 12:00,9543600,0.1,0.3,0.3
4/21/2023 13:00,9547200,0.2,0.15,0.1
4/21/2023 14:00,9550800,0.4,0.15,0.1
4/21/2023 15:00,9554400,0.3,0.15,0.1
4/21/2023 16:00,9558000,0,0.15,0.1
4/21/2023 17:00,9561600,0,0.15,0.1
4/21/2023 18:00,9565200,0,0.05,0
4/21/2023 19:00,9568800,0,0.05,0
4/21/2023 20:00,9572400,0,0.05,0
4/21/2023 21:00,9576000,0,0.05,0
4/21/2023 22:00,9579600,0,0.05,0
4/21/2023 23:00,9583200,0,0.05,0
4/22/2023 0:00,9586800,0,0.05,0
4/22/2023 1:00,9590400,0,0,0
4/22/2023 2:00,9594000,0.2,0,0
4/22/2023 3:00,9597600,0,0,0
4/22/2023 4:00,9601200,0.1,0,0
4/22/2023 5:00,9604800,0,0,0
4/22/2023 6:00,9608400,0.1,0,0
4/22/2023 7:00,9612000,0.1,0,0
4/22/2023 8:00,9615600,0.1,0,0
4/22/2023 9:00,9619200,0,0,0
4/22/2023 10:00,9622800,0,0,0
4/22/2023 11:00,9626400,0.1,0,0
4/22/2023 12:00,9630000,0.1,0,0
4/22/2023 13:00,9633600,0.1,0,0
4/22/2023 14:00,9637200,0.1,0,0
4/22/2023 15:00,9640800,0.2,0,0
4/22/2023 16:00,9644400,0.9,0,0
4/22/2023 17:00,9648000,0.7,0,0
4/22/2023 18:00,9651600,0.1,0,0
4/22/2023 19:00,9655200,0,0,0
4/22/2023 20:00,9658800,0.1,0,0
4/22/2023 21:00,9662400,0,0,0
4/22/2023 22:00,9666000,0.1,0,0
4/22/2023 23:00,9669600,0,0,0
4/23/2023 0:00,9673200,0,0,0
4/23/2023 1:00,9676800,0.2,0.05,0
4/23/2023 2:00,9680400,0,0.05,0
4/23/2023 3:00,9684000,1.8,0.05,0
4/23/2023 4:00,9687600,0.7,0.05,0
4/23/2023 5:00,9691200,0,0.05,0
4/23/2023 6:00,9694800,0.3,0.1,0
4/23/2023 7:00,9698400,0,0.1,0.1
4/23/2023 8:00,9702000,0,0.3,0.2
4/23/2023 9:00,9705600,0,0.9,1
4/23/2023 10:00,9709200,0,0.9,1
4/23/2023 11:00,9712800,0,0.9,1
4/23/2023 12:00,9716400,0.1,0.9,1
4/23/2023 13:00,9720000,0.2,0.9,0.5
4/23/2023 14:00,9723600,0.2,0.9,1
4/23/2023 15:00,9727200,0.3,0.9,1
4/23/2023 16:00,9730800,0.1,0.9,1
4/23/2023 17:00,9734400,0,0.9,1
4/23/2023 18:00,9738000,0.1,0.5,0.3
4/23/2023 19:00,9741600,0.1,0.3,0.1
4/23/2023 20:00,9745200,0.2,0.3,0.1
4/23/2023 21:00,9748800,0.2,0.2,0
4/23/2023 22:00,9752400,0.1,0.2,0
4/23/2023 23:00,9756000,0,0.1,0
4/24/2023 0:00,9759600,0,0.05,0
4/24/2023 1:00,9763200,0,0.05,0
4/24/2023 2:00,9766800,0.2,0.05,0
4/24/2023 3:00,9770400,1.1,0.05,0
4/24/2023 4:00,9774000,0.3,0.05,0
4/24/2023 5:00,9777600,0,0.05,0
4/24/2023 6:00,9781200,0.3,0.1,0
4/24/2023 7:00,9784800,0,0.1,0.1
4/24/2023 8:00,9788400,0.3,0.3,0.2
4/24/2023 9:00,9792000,0.3,0.9,1
4/24/2023 10:00,9795600,0,0.9,1
4/24/2023 11:00,9799200,0,0.9,1
4/24/2023 12:00,9802800,0,0.9,1
4/24/2023 13:00,9806400,0.1,0.9,0.5
4/24/2023 14:00,9810000,0.3,0.9,1
4/24/2023 15:00,9813600,0.1,0.9,1
4/24/2023 16:00,9817200,0.3,0.9,1
4/24/2023 17:00,9820800,0.4,0.9,1
4/24/2023 18:00,9824400,0.4,0.5,0.3
4/24/2023 19:00,9828000,0,0.3,0.1
4/24/2023 20:00,9831600,0,0.3,0.1
4/24/2023 21:00,9835200,0,0.2,0
4/24/2023 22:00,9838800,0,0.2,0
4/24/2023 23:00,9842400,0,0.1,0
4/25/2023 0:00,9846000,0,0.05,0
4/25/2023 1:00,9849600,0,0.05,0
4/25/2023 2:00,9853200,0,0.05,0
4/25/2023 3:00,9856800,0.4,0.05,0
4/25/2023 4:00,9860400,1.1,0.05,0
4/25/2023 5:00,9864000,1.1,0.05,0
4/25/2023 6:00,9867600,1.5,0.1,0
4/25/2023 7:00,9871200,2.2,0.1,0.1
4/25/2023 8:00,9874800,1.5,0.3,0.2
4/25/2023 9:00,9878400,0.7,0.9,1
4/25/2023 10:00,9882000,0,0.9,1
4/25/2023 11:00,9885600,0,0.9,1
4/25/2023 12:00,9889200,0,0.9,1
4/25/2023 13:00,9892800,0.1,0.9,0.5
4/25/2023 14:00,9896400,0.2,0.9,1
4/25/2023 15:00,9900000,0.4,0.9,1
4/25/2023 16:00,9903600,0.1,0.9,1
4/25/2023 17:00,9907200,0.5,0.9,1
4/25/2023 18:00,9910800,1.1,0.5,0.3
4/25/2023 19:00,9914400,0.1,0.3,0.1
4/25/2023 20:00,9918000,0,0.3,0.1
4/25/2023 21:00,9921600,0,0.2,0
4/25/2023 22:00,9925200,0,0.2,0
4/25/2023 23:00,9928800,0,0.1,0
4/26/2023 0:00,9932400,0,0.05,0
4/26/2023 1:00,9936000,0,0.05,0
4/26/2023 2:00,9939600,0.1,0.05,0
4/26/2023 3:00,9943200,0,0.05,0
4/26/2023 4:00,9946800,0,0.05,0
4/26/2023 5:00,9950400,0,0.05,0
4/26/2023 6:00,9954000,0,0.1,0
4/26/2023 7:00,9957600,0.1,0.1,0.1
4/26/2023 8:00,9961200,0.2,0.3,0.2
4/26/2023 9:00,9964800,0,0.9,1
4/26/2023 10:00,9968400,0.1,0.9,1
4/26/2023 11:00,9972000,0.1,0.9,1
4/26/2023 12:00,9975600,0.3,0.9,1
4/26/2023 13:00,9979200,0.7,0.9,0.5
4/26/2023 14:00,9982800,1.1,0.9,1
4/26/2023 15:00,9986400,0.4,0.9,1
4/26/2023 16:00,9990000,1.4,0.9,1
4/26/2023 17:00,9993600,1.4,0.9,1
4/26/2023 18:00,9997200,0.2,0.5,0.3
4/26/2023 19:00,10000800,0,0.3,0.1
4/26/2023 20:00,10004400,0.1,0.3,0.1
4/26/2023 21:00,10008000,0.1,0.2,0
4/26/2023 22:00,10011600,0.1,0.2,0
4/26/2023 23:00,10015200,0,0.1,0
4/27/2023 0:00,10018800,0,0.05,0
4/27/2023 1:00,10022400,0,0.05,0
4/27/2023 2:00,10026000,0,0.05,0
4/27/2023 3:00,10029600,0.1,0.05,0
4/27/2023 4:00,10033200,0.7,0.05,0
4/27/2023 5:00,10036800,0.7,0.05,0
4/27/2023 6:00,10040400,0.2,0.1,0
4/27/2023 7:00,10044000,0.1,0.1,0.1
4/27/2023 8:00,10047600,0.5,0.3,0.2
4/27/2023 9:00,10051200,0.8,0.9,1
4/27/2023 10:00,10054800,0.4,0.9,1
4/27/2023 11:00,10058400,0.2,0.9,1
4/27/2023 12:00,10062000,1.1,0.9,1
4/27/2023 13:00,10065600,0.2,0.9,0.5
4/27/2023 14:00,10069200,0,0.9,1
4/27/2023 15:00,10072800,0.3,0.9,1
4/27/2023 16:00,10076400,0.3,0.9,1
4/27/2023 17:00,10080000,1.7,0.9,1
4/27/2023 18:00,10083600,0.1,0.5,0.3
4/27/2023 19:00,10087200,0.1,0.3,0.1
4/27/2023 20:00,10090800,0.1,0.3,0.1
4/27/2023 21:00,10094400,0,0.2,0
4/27/2023 22:00,10098000,0,0.2,0
4/27/2023 23:00,10101600,0,0.1,0
4/28/2023 0:00,10105200,0,0.05,0
4/28/2023 1:00,10108800,0,0.05,0
4/28/2023 2:00,10112400,0,0.05,0
4/28/2023 3:00,10116000,0.1,0.05,0
4/28/2023 4:00,10119600,0.2,0.05,0
4/28/2023 5:00,10123200,0.3,0.05,0
4/28/2023 6:00,10126800,0.7,0.05,0
4/28/2023 7:00,10130400,0.8,0.1,0.1
4/28/2023 8:00,10134000,0.2,0.1,0.1
4/28/2023 9:00,10137600,0,0.3,0.3
4/28/2023 10:00,10141200,0.1,0.3,0.3
4/28/2023 11:00,10144800,0.1,0.3,0.3
4/28/2023 12:00,10148400,0.1,0.3,0.3
4/28/2023 13:00,10152000,0.4,0.15,0.1
4/28/2023 14:00,10155600,1,0.15,0.1
4/28/2023 15:00,10159200,2.7,0.15,0.1
4/28/2023 16:00,10162800,0.2,0.15,0.1
4/28/2023 17:00,10166400,0,0.15,0.1
4/28/2023 18:00,10170000,0,0.05,0
4/28/2023 19:00,10173600,0,0.05,0
4/28/2023 20:00,10177200,0,0.05,0
4/28/2023 21:00,10180800,0,0.05,0
4/28/2023 22:00,10184400,0,0.05,0
4/28/2023 23:00,10188000,0,0.05,0
4/29/2023 0:00,10191600,0,0.05,0
4/29/2023 1:00,10195200,0,0,0
4/29/2023 2:00,10198800,0,0,0
4/29/2023 3:00,10202400,0.2,0,0
4/29/2023 4:00,10206000,0,0,0
4/29/2023 5:00,10209600,0.1,0,0
4/29/2023 6:00,10213200,0.4,0,0
4/29/2023 7:00,10216800,1,0,0
4/29/2023 8:00,10220400,0.7,0,0
4/29/2023 9:00,10224000,0.3,0,0
4/29/2023 10:00,10227600,0.1,0,0
4/29/2023 11:00,10231200,0.1,0,0
4/29/2023 12:00,10234800,0.2,0,0
4/29/2023 13:00,10238400,0.1,0,0
4/29/2023 14:00,10242000,0.1,0,0
4/29/2023 15:00,10245600,1.2,0,0
4/29/2023 16:00,10249200,1.2,0,0
4/29/2023 17:00,10252800,0.6,0,0
4/29/2023 18:00,10256400,0.3,0,0
4/29/2023 19:00,10260000,0,0,0
4/29/2023 20:00,10263600,0,0,0
4/29/2023 21:00,10267200,0,0,0
4/29/2023 22:00,10270800,0,0,0
4/29/2023 23:00,10274400,0,0,0
4/30/2023 0:00,10278000,0.2,0,0
4/30/2023 1:00,10281600,0,0.05,0
4/30/2023 2:00,10285200,0,0.05,0
4/30/2023 3:00,10288800,0,0.05,0
4/30/2023 4:00,10292400,0,0.05,0
4/30/2023 5:00,10296000,0,0.05,0
4/30/2023 6:00,10299600,0,0.1,0
4/30/2023 7:00,10303200,0.1,0.1,0.1
4/30/2023 8:00,10306800,0.4,0.3,0.2
4/30/2023 9:00,10310400,1.2,0.9,1
4/30/2023 10:00,10314000,0.8,0.9,1
4/30/2023 11:00,10317600,0,0.9,1
4/30/2023 12:00,10321200,0.2,0.9,1
4/30/2023 13:00,10324800,0.1,0.9,0.5
4/30/2023 14:00,10328400,0.1,0.9,1
4/30/2023 15:00,10332000,3.2,0.9,1
4/30/2023 16:00,10335600,4.3,0.9,1
4/30/2023 17:00,10339200,0.5,0.9,1
4/30/2023 18:00,10342800,0.1,0.5,0.3
4/30/2023 19:00,10346400,0.2,0.3,0.1
4/30/2023 20:00,10350000,0.7,0.3,0.1
4/30/2023 21:00,10353600,1.3,0.2,0
4/30/2023 22:00,10357200,2.3,0.2,0
4/30/2023 23:00,10360800,0.1,0.1,0
5/1/2023 0:00,10364400,0,0.05,0
5/1/2014 1:00,10368000,0,0.05,0
5/1/2014 2:00,10371600,0.2,0.05,0
5/1/2014 3:00,10375200,0.8,0.05,0
5/1/2014 4:00,10378800,0.3,0.05,0
5/1/2014 5:00,10382400,0.7,0.05,0
5/1/2014 6:00,10386000,1.2,0.1,0
5/1/2014 7:00,10389600,1,0.1,0.1
5/1/2014 8:00,10393200,1.1,0.3,0.2
5/1/2014 9:00,10396800,0.4,0.9,1
5/1/2014 10:00,10400400,0.1,0.9,1
5/1/2014 11:00,10404000,0,0.9,1
5/1/2014 12:00,10407600,0.1,0.9,1
5/1/2014 13:00,10411200,0.1,0.9,0.5
5/1/2014 14:00,10414800,1.1,0.9,1
5/1/2014 15:00,10418400,0,0.9,1
5/1/2014 16:00,10422000,0,0.9,1
5/1/2014 17:00,10425600,0.6,0.9,1
5/1/2014 18:00,10429200,0.4,0.5,0.3
5/1/2014 19:00,10432800,0,0.3,0.1
5/1/2014 20:00,10436400,0,0.3,0.1
5/1/2014 21:00,10440000,0,0.2,0
5/1/2014 22:00,10443600,0,0.2,0
5/1/2014 23:00,10447200,0,0.1,0
5/2/2014 0:00,10450800,0,0.05,0
5/2/2014 1:00,10454400,0,0.05,0
5/2/2014 2:00,10458000,0,0.05,0
5/2/2014 3:00,10461600,0,0.05,0
5/2/2014 4:00,10465200,0.3,0.05,0
5/2/2014 5:00,10468800,1,0.05,0
5/2/2014 6:00,10472400,1.4,0.1,0
5/2/2014 7:00,10476000,0.1,0.1,0.1
5/2/2014 8:00,10479600,0,0.3,0.2
5/2/2014 9:00,10483200,0,0.9,1
5/2/2014 10:00,10486800,0,0.9,1
5/2/2014 11:00,10490400,0,0.9,1
5/2/2014 12:00,10494000,0,0.9,1
5/2/2014 13:00,10497600,0,0.9,0.5
5/2/2014 14:00,10501200,0.2,0.9,1
5/2/2014 15:00,10504800,0,0.9,1
5/2/2014 16:00,10508400,0.4,0.9,1
5/2/2014 17:00,10512000,0,0.9,1
5/2/2014 18:00,10515600,0,0.5,0.3
5/2/2014 19:00,10519200,0,0.3,0.1
5/2/2014 20:00,10522800,0,0.3,0.1
5/2/2014 21:00,10526400,0,0.2,0
5/2/2014 22:00,10530000,0,0.2,0
5/2/2014 23:00,10533600,0,0.1,0
5/3/2014 0:00,10537200,0,0.05,0
5/3/2014 1:00,10540800,0.1,0.05,0
5/3/2014 2:00,10544400,0.1,0.05,0
5/3/2014 3:00,10548000,0.1,0.05,0
5/3/2014 4:00,10551600,0.1,0.05,0
5/3/2014 5:00,10555200,0.7,0.05,0
5/3/2014 6:00,10558800,0.3,0.1,0
5/3/2014 7:00,10562400,0,0.1,0.1
5/3/2014 8:00,10566000,0,0.3,0.2
5/3/2014 9:00,10569600,0,0.9,1
5/3/2014 10:00,10573200,0,0.9,1
5/3/2014 11:00,10576800,0,0.9,1
5/3/2014 12:00,10580400,0.1,0.9,1
5/3/2014 13:00,10584000,0.3,0.9,0.5
5/3/2014 14:00,10587600,0.3,0.9,1
5/3/2014 15:00,10591200,0.1,0.9,1
5/3/2014 16:00,10594800,0.9,0.9,1
5/3/2014 17:00,10598400,0.3,0.9,1
5/3/2014 18:00,10602000,0.2,0.5,0.3
5/3/2014 19:00,10605600,0.5,0.3,0.1
5/3/2014 20:00,10609200,1.3,0.3,0.1
5/3/2014 21:00,10612800,1.2,0.2,0
5/3/2014 22:00,10616400,0.2,0.2,0
5/3/2014 23:00,10620000,0,0.1,0
5/4/2014 0:00,10623600,0,0.05,0
5/4/2014 1:00,10627200,0,0.05,0
5/4/2014 2:00,10630800,0,0.05,0
5/4/2014 3:00,10634400,0,0.05,0
5/4/2014 4:00,10638000,0.2,0.05,0
5/4/2014 5:00,10641600,0.6,0.05,0
5/4/2014 6:00,10645200,0.4,0.1,0
5/4/2014 7:00,10648800,0.7,0.1,0.1
5/4/2014 8:00,10652400,1.2,0.3,0.2
5/4/2014 9:00,10656000,0.8,0.9,1
5/4/2014 10:00,10659600,0.1,0.9,1
5/4/2014 11:00,10663200,0.1,0.9,1
5/4/2014 12:00,10666800,0.2,0.9,1
5/4/2014 13:00,10670400,0.1,0.9,0.5
5/4/2014 14:00,10674000,0.1,0.9,1
5/4/2014 15:00,10677600,0.1,0.9,1
5/4/2014 16:00,10681200,0.2,0.9,1
5/4/2014 17:00,10684800,0.1,0.9,1
5/4/2014 18:00,10688400,0,0.5,0.3
5/4/2014 19:00,10692000,0,0.3,0.1
5/4/2014 20:00,10695600,0,0.3,0.1
5/4/2014 21:00,10699200,0,0.2,0
5/4/2014 22:00,10702800,0,0.2,0
5/4/2014 23:00,10706400,0,0.1,0
5/5/2014 0:00,10710000,0,0.05,0
5/5/2014 1:00,10713600,0,0.05,0
5/5/2014 2:00,10717200,0,0.05,0
5/5/2014 3:00,10720800,0,0.05,0
5/5/2014 4:00,10724400,0.1,0.05,0
5/5/2014 5:00,10728000,0.1,0.05,0
5/5/2014 6:00,10731600,0,0.05,0
5/5/2014 7:00,10735200,0.1,0.1,0.1
5/5/2014 8:00,10738800,0.2,0.1,0.1
5/5/2014 9:00,10742400,0.3,0.3,0.3
5/5/2014 10:00,10746000,0.5,0.3,0.3
5/5/2014 11:00,10749600,0.4,0.3,0.3
5/5/2014 12:00,10753200,0.2,0.3,0.3
5/5/2014 13:00,10756800,0.1,0.15,0.1
5/5/2014 14:00,10760400,0.8,0.15,0.1
5/5/2014 15:00,10764000,1.2,0.15,0.1
5/5/2014 16:00,10767600,0.3,0.15,0.1
5/5/2014 17:00,10771200,0.1,0.15,0.1
5/5/2014 18:00,10774800,0.1,0.05,0
5/5/2014 19:00,10778400,0.1,0.05,0
5/5/2014 20:00,10782000,0.5,0.05,0
5/5/2014 21:00,10785600,1.2,0.05,0
5/5/2014 22:00,10789200,0.5,0.05,0
5/5/2014 23:00,10792800,0,0.05,0
5/6/2014 0:00,10796400,0,0.05,0
5/6/2014 1:00,10800000,0,0,0
5/6/2014 2:00,10803600,0,0,0
5/6/2014 3:00,10807200,0,0,0
5/6/2014 4:00,10810800,0,0,0
5/6/2014 5:00,10814400,0,0,0
5/6/2014 6:00,10818000,0,0,0
5/6/2014 7:00,10821600,0.1,0,0
5/6/2014 8:00,10825200,0.1,0,0
5/6/2014 9:00,10828800,0.2,0,0
5/6/2014 10:00,10832400,0.2,0,0
5/6/2014 11:00,10836000,0.2,0,0
5/6/2014 12:00,10839600,0.4,0,0
5/6/2014 13:00,10843200,0.2,0,0
5/6/2014 14:00,10846800,0.3,0,0
5/6/2014 15:00,10850400,0.5,0,0
5/6/2014 16:00,10854000,0.3,0,0
5/6/2014 17:00,10857600,0.5,0,0
5/6/2014 18:00,10861200,0.2,0,0
5/6/2014 19:00,10864800,0.1,0,0
5/6/2014 20:00,10868400,0,0,0
5/6/2014 21:00,10872000,0,0,0
5/6/2014 22:00,10875600,0.1,0,0
5/6/2014 23:00,10879200,0.1,0,0
5/7/2014 0:00,10882800,0.1,0,0
5/7/2014 1:00,10886400,0.1,0.05,0
5/7/2014 2:00,10890000,0.5,0.05,0
5/7/2014 3:00,10893600,0,0.05,0
5/7/2014 4:00,10897200,0,0.05,0
5/7/2014 5:00,10900800,0.3,0.05,0
5/7/2014 6:00,10904400,0.9,0.1,0
5/7/2014 7:00,10908000,0.5,0.1,0.1
5/7/2014 8:00,10911600,0.3,0.3,0.2
5/7/2014 9:00,10915200,0.2,0.9,1
5/7/2014 10:00,10918800,0.3,0.9,1
5/7/2014 11:00,10922400,0.2,0.9,1
5/7/2014 12:00,10926000,0.4,0.9,1
5/7/2014 13:00,10929600,2.8,0.9,0.5
5/7/2014 14:00,10933200,1.6,0.9,1
5/7/2014 15:00,10936800,1.5,0.9,1
5/7/2014 16:00,10940400,1,0.9,1
5/7/2014 17:00,10944000,0.5,0.9,1
5/7/2014 18:00,10947600,0.2,0.5,0.3
5/7/2014 19:00,10951200,0.1,0.3,0.1
5/7/2014 20:00,10954800,0,0.3,0.1
5/7/2014 21:00,10958400,0.2,0.2,0
5/7/2014 22:00,10962000,0.3,0.2,0
5/7/2014 23:00,10965600,0.2,0.1,0
5/8/2014 0:00,10969200,0.2,0.05,0
5/8/2014 1:00,10972800,0.9,0.05,0
5/8/2014 2:00,10976400,0.8,0.05,0
5/8/2014 3:00,10980000,0.6,0.05,0
5/8/2014 4:00,10983600,0.6,0.05,0
5/8/2014 5:00,10987200,0.6,0.05,0
5/8/2014 6:00,10990800,0.4,0.1,0
5/8/2014 7:00,10994400,0.4,0.1,0.1
5/8/2014 8:00,10998000,0.4,0.3,0.2
5/8/2014 9:00,11001600,0.3,0.9,1
5/8/2014 10:00,11005200,0.1,0.9,1
5/8/2014 11:00,11008800,0.3,0.9,1
5/8/2014 12:00,11012400,0.9,0.9,1
5/8/2014 13:00,11016000,2.7,0.9,0.5
5/8/2014 14:00,11019600,4.5,0.9,1
5/8/2014 15:00,11023200,0.1,0.9,1
5/8/2014 16:00,11026800,0.1,0.9,1
5/8/2014 17:00,11030400,1.8,0.9,1
5/8/2014 18:00,11034000,1.1,0.5,0.3
5/8/2014 19:00,11037600,0.5,0.3,0.1
5/8/2014 20:00,11041200,0.4,0.3,0.1
5/8/2014 21:00,11044800,0.3,0.2,0
5/8/2014 22:00,11048400,0.1,0.2,0
5/8/2014 23:00,11052000,0,0.1,0
5/9/2014 0:00,11055600,0,0.05,0
5/9/2014 1:00,11059200,0,0.05,0
5/9/2014 2:00,11062800,0,0.05,0
5/9/2014 3:00,11066400,0,0.05,0
5/9/2014 4:00,11070000,0,0.05,0
5/9/2014 5:00,11073600,0,0.05,0
5/9/2014 6:00,11077200,0,0.1,0
5/9/2014 7:00,11080800,0,0.1,0.1
5/9/2014 8:00,11084400,0,0.3,0.2
5/9/2014 9:00,11088000,0.1,0.9,1
5/9/2014 10:00,11091600,0.1,0.9,1
5/9/2014 11:00,11095200,0.2,0.9,1
5/9/2014 12:00,11098800,0.5,0.9,1
5/9/2014 13:00,11102400,1.9,0.9,0.5
5/9/2014 14:00,11106000,1.1,0.9,1
5/9/2014 15:00,11109600,0,0.9,1
5/9/2014 16:00,11113200,0.1,0.9,1
5/9/2014 17:00,11116800,0,0.9,1
5/9/2014 18:00,11120400,0,0.5,0.3
5/9/2014 19:00,11124000,0,0.3,0.1
5/9/2014 20:00,11127600,0,0.3,0.1
5/9/2014 21:00,11131200,0,0.2,0
5/9/2014 22:00,11134800,0,0.2,0
5/9/2014 23:00,11138400,0,0.1,0
5/10/2014 0:00,11142000,0,0.05,0
5/10/2014 1:00,11145600,0,0.05,0
5/10/2014 2:00,11149200,0,0.05,0
5/10/2014 3:00,11152800,0,0.05,0
5/10/2014 4:00,11156400,0.1,0.05,0
5/10/2014 5:00,11160000,0,0.05,0
5/10/2014 6:00,11163600,0,0.1,0
5/10/2014 7:00,11167200,0,0.1,0.1
5/10/2014 8:00,11170800,0.2,0.3,0.2
5/10/2014 9:00,11174400,0.4,0.9,1
5/10/2014 10:00,11178000,0.1,0.9,1
5/10/2014 11:00,11181600,0.1,0.9,1
5/10/2014 12:00,11185200,0.1,0.9,1
5/10/2014 13:00,11188800,0.1,0.9,0.5
5/10/2014 14:00,11192400,0.5,0.9,1
5/10/2014 15:00,11196000,1.5,0.9,1
5/10/2014 16:00,11199600,0.1,0.9,1
5/10/2014 17:00,11203200,0,0.9,1
5/10/2014 18:00,11206800,0,0.5,0.3
5/10/2014 19:00,11210400,0,0.3,0.1
5/10/2014 20:00,11214000,0,0.3,0.1
5/10/2014 21:00,11217600,0,0.2,0
5/10/2014 22:00,11221200,0.1,0.2,0
5/10/2014 23:00,11224800,0,0.1,0
5/11/2014 0:00,11228400,0.3,0.05,0
5/11/2014 1:00,11232000,0.3,0.05,0
5/11/2014 2:00,11235600,0.3,0.05,0
5/11/2014 3:00,11239200,0.5,0.05,0
5/11/2014 4:00,11242800,0.8,0.05,0
5/11/2014 5:00,11246400,0,0.05,0
5/11/2014 6:00,11250000,0.5,0.1,0
5/11/2014 7:00,11253600,0.2,0.1,0.1
5/11/2014 8:00,11257200,0,0.3,0.2
5/11/2014 9:00,11260800,0,0.9,1
5/11/2014 10:00,11264400,0.1,0.9,1
5/11/2014 11:00,11268000,0.1,0.9,1
5/11/2014 12:00,11271600,0.1,0.9,1
5/11/2014 13:00,11275200,0.1,0.9,0.5
5/11/2014 14:00,11278800,0.1,0.9,1
5/11/2014 15:00,11282400,1.7,0.9,1
5/11/2014 16:00,11286000,0.3,0.9,1
5/11/2014 17:00,11289600,0,0.9,1
5/11/2014 18:00,11293200,0,0.5,0.3
5/11/2014 19:00,11296800,0,0.3,0.1
5/11/2014 20:00,11300400,0,0.3,0.1
5/11/2014 21:00,11304000,0.1,0.2,0
5/11/2014 22:00,11307600,0,0.2,0
5/11/2014 23:00,11311200,0,0.1,0
5/12/2014 0:00,11314800,0,0.05,0
5/12/2014 1:00,11318400,0.1,0.05,0
5/12/2014 2:00,11322000,0.5,0.05,0
5/12/2014 3:00,11325600,0.3,0.05,0
5/12/2014 4:00,11329200,0.1,0.05,0
5/12/2014 5:00,11332800,0.3,0.05,0
5/12/2014 6:00,11336400,0.4,0.05,0
5/12/2014 7:00,11340000,1.4,0.1,0.1
5/12/2014 8:00,11343600,2.2,0.1,0.1
5/12/2014 9:00,11347200,1.9,0.3,0.3
5/12/2014 10:00,11350800,0.2,0.3,0.3
5/12/2014 11:00,11354400,0.5,0.3,0.3
5/12/2014 12:00,11358000,0.6,0.3,0.3
5/12/2014 13:00,11361600,0.4,0.15,0.1
5/12/2014 14:00,11365200,0.2,0.15,0.1
5/12/2014 15:00,11368800,0.7,0.15,0.1
5/12/2014 16:00,11372400,0.1,0.15,0.1
5/12/2014 17:00,11376000,0,0.15,0.1
5/12/2014 18:00,11379600,0.1,0.05,0
5/12/2014 19:00,11383200,0.1,0.05,0
5/12/2014 20:00,11386800,0.4,0.05,0
5/12/2014 21:00,11390400,0.2,0.05,0
5/12/2014 22:00,11394000,0,0.05,0
5/12/2014 23:00,11397600,0,0.05,0
5/13/2014 0:00,11401200,0,0.05,0
5/13/2014 1:00,11404800,0,0,0
5/13/2014 2:00,11408400,0,0,0
5/13/2014 3:00,11412000,1,0,0
5/13/2014 4:00,11415600,2.3,0,0
5/13/2014 5:00,11419200,0.9,0,0
5/13/2014 6:00,11422800,0.9,0,0
5/13/2014 7:00,11426400,0.7,0,0
5/13/2014 8:00,11430000,0.3,0,0
5/13/2014 9:00,11433600,0.1,0,0
5/13/2014 10:00,11437200,0.2,0,0
5/13/2014 11:00,11440800,0.1,0,0
5/13/2014 12:00,11444400,0.2,0,0
5/13/2014 13:00,11448000,0.6,0,0
5/13/2014 14:00,11451600,1.2,0,0
5/13/2014 15:00,11455200,0,0,0
5/13/2014 16:00,11458800,0,0,0
5/13/2014 17:00,11462400,0,0,0
5/13/2014 18:00,11466000,0,0,0
5/13/2014 19:00,11469600,0,0,0
5/13/2014 20:00,11473200,0,0,0
5/13/2014 21:00,11476800,0,0,0
5/13/2014 22:00,11480400,0,0,0
5/13/2014 23:00,11484000,0,0,0
5/14/2014 0:00,11487600,0,0,0
5/14/2014 1:00,11491200,0,0.05,0
5/14/2014 2:00,11494800,0,0.05,0
5/14/2014 3:00,11498400,0.2,0.05,0
5/14/2014 4:00,11502000,0.1,0.05,0
5/14/2014 5:00,11505600,0.9,0.05,0
5/14/2014 6:00,11509200,1.3,0.1,0
5/14/2014 7:00,11512800,0.5,0.1,0.1
5/14/2014 8:00,11516400,0.7,0.3,0.2
5/14/2014 9:00,11520000,0.8,0.9,1
5/14/2014 10:00,11523600,0.4,0.9,1
5/14/2014 11:00,11527200,0.4,0.9,1
5/14/2014 12:00,11530800,0.5,0.9,1
5/14/2014 13:00,11534400,2.1,0.9,0.5
5/14/2014 14:00,11538000,1.8,0.9,1
5/14/2014 15:00,11541600,0.1,0.9,1
5/14/2014 16:00,11545200,0,0.9,1
5/14/2014 17:00,11548800,0.1,0.9,1
5/14/2014 18:00,11552400,0.6,0.5,0.3
5/14/2014 19:00,11556000,0.6,0.3,0.1
5/14/2014 20:00,11559600,0.1,0.3,0.1
5/14/2014 21:00,11563200,0,0.2,0
5/14/2014 22:00,11566800,0,0.2,0
5/14/2014 23:00,11570400,0,0.1,0
5/15/2014 0:00,11574000,0,0.05,0
5/15/2014 1:00,11577600,0,0.05,0
5/15/2014 2:00,11581200,0,0.05,0
5/15/2014 3:00,11584800,0,0.05,0
5/15/2014 4:00,11588400,0,0.05,0
5/15/2014 5:00,11592000,0,0.05,0
5/15/2014 6:00,11595600,0,0.1,0
5/15/2014 7:00,11599200,0,0.1,0.1
5/15/2014 8:00,11602800,0,0.3,0.2
5/15/2014 9:00,11606400,0.1,0.9,1
5/15/2014 10:00,11610000,0,0.9,1
5/15/2014 11:00,11613600,0,0.9,1
5/15/2014 12:00,11617200,0.1,0.9,1
5/15/2014 13:00,11620800,0.1,0.9,0.5
5/15/2014 14:00,11624400,0.1,0.9,1
5/15/2014 15:00,11628000,0.9,0.9,1
5/15/2014 16:00,11631600,0.1,0.9,1
5/15/2014 17:00,11635200,0,0.9,1
5/15/2014 18:00,11638800,0,0.5,0.3
5/15/2014 19:00,11642400,0,0.3,0.1
5/15/2014 20:00,11646000,0,0.3,0.1
5/15/2014 21:00,11649600,0,0.2,0
5/15/2014 22:00,11653200,0,0.2,0
5/15/2014 23:00,11656800,0,0.1,0
5/16/2014 0:00,11660400,0,0.05,0
5/16/2014 1:00,11664000,0,0.05,0
5/16/2014 2:00,11667600,0,0.05,0
5/16/2014 3:00,11671200,0,0.05,0
5/16/2014 4:00,11674800,0.1,0.05,0
5/16/2014 5:00,11678400,0.4,0.05,0
5/16/2014 6:00,11682000,0.4,0.1,0
5/16/2014 7:00,11685600,0.4,0.1,0.1
5/16/2014 8:00,11689200,0.4,0.3,0.2
5/16/2014 9:00,11692800,1.2,0.9,1
5/16/2014 10:00,11696400,0.5,0.9,1
5/16/2014 11:00,11700000,0.3,0.9,1
5/16/2014 12:00,11703600,0.4,0.9,1
5/16/2014 13:00,11707200,0.3,0.9,0.5
5/16/2014 14:00,11710800,0.3,0.9,1
5/16/2014 15:00,11714400,0.1,0.9,1
5/16/2014 16:00,11718000,1.3,0.9,1
5/16/2014 17:00,11721600,0.6,0.9,1
5/16/2014 18:00,11725200,0,0.5,0.3
5/16/2014 19:00,11728800,0,0.3,0.1
5/16/2014 20:00,11732400,0,0.3,0.1
5/16/2014 21:00,11736000,0,0.2,0
5/16/2014 22:00,11739600,0,0.2,0
5/16/2014 23:00,11743200,0.1,0.1,0
5/17/2014 0:00,11746800,0.6,0.05,0
5/17/2014 1:00,11750400,1.4,0.05,0
5/17/2014 2:00,11754000,1.3,0.05,0
5/17/2014 3:00,11757600,0.7,0.05,0
5/17/2014 4:00,11761200,2.8,0.05,0
5/17/2014 5:00,11764800,1.9,0.05,0
5/17/2014 6:00,11768400,1.3,0.1,0
5/17/2014 7:00,11772000,1.4,0.1,0.1
5/17/2014 8:00,11775600,2.4,0.3,0.2
5/17/2014 9:00,11779200,1.1,0.9,1
5/17/2014 10:00,11782800,0.5,0.9,1
5/17/2014 11:00,11786400,1.3,0.9,1
5/17/2014 12:00,11790000,0.9,0.9,1
5/17/2014 13:00,11793600,0.6,0.9,0.5
5/17/2014 14:00,11797200,1.1,0.9,1
5/17/2014 15:00,11800800,0.1,0.9,1
5/17/2014 16:00,11804400,0,0.9,1
5/17/2014 17:00,11808000,0.1,0.9,1
5/17/2014 18:00,11811600,0.1,0.5,0.3
5/17/2014 19:00,11815200,0,0.3,0.1
5/17/2014 20:00,11818800,0.1,0.3,0.1
5/17/2014 21:00,11822400,0.2,0.2,0
5/17/2014 22:00,11826000,0.3,0.2,0
5/17/2014 23:00,11829600,0.6,0.1,0
5/18/2014 0:00,11833200,1.1,0.05,0
5/18/2014 1:00,11836800,0.3,0.05,0
5/18/2014 2:00,11840400,0.1,0.05,0
5/18/2014 3:00,11844000,0.2,0.05,0
5/18/2014 4:00,11847600,2.3,0.05,0
5/18/2014 5:00,11851200,3.3,0.05,0
5/18/2014 6:00,11854800,2,0.1,0
5/18/2014 7:00,11858400,2.3,0.1,0.1
5/18/2014 8:00,11862000,2,0.3,0.2
5/18/2014 9:00,11865600,1.1,0.9,1
5/18/2014 10:00,11869200,1,0.9,1
5/18/2014 11:00,11872800,0.8,0.9,1
5/18/2014 12:00,11876400,0.5,0.9,1
5/18/2014 13:00,11880000,0.6,0.9,0.5
5/18/2014 14:00,11883600,0.2,0.9,1
5/18/2014 15:00,11887200,1.4,0.9,1
5/18/2014 16:00,11890800,0.5,0.9,1
5/18/2014 17:00,11894400,0.6,0.9,1
5/18/2014 18:00,11898000,0.3,0.5,0.3
5/18/2014 19:00,11901600,0.1,0.3,0.1
5/18/2014 20:00,11905200,0.4,0.3,0.1
5/18/2014 21:00,11908800,0.9,0.2,0
5/18/2014 22:00,11912400,0.3,0.2,0
5/18/2014 23:00,11916000,0.2,0.1,0
5/19/2014 0:00,11919600,0.3,0.05,0
5/19/2014 1:00,11923200,0.3,0.05,0
5/19/2014 2:00,11926800,0.6,0.05,0
5/19/2014 3:00,11930400,0.2,0.05,0
5/19/2014 4:00,11934000,0.3,0.05,0
5/19/2014 5:00,11937600,0.3,0.05,0
5/19/2014 6:00,11941200,0.5,0.05,0
5/19/2014 7:00,11944800,0.5,0.1,0.1
5/19/2014 8:00,11948400,1.1,0.1,0.1
5/19/2014 9:00,11952000,1.3,0.3,0.3
5/19/2014 10:00,11955600,0.6,0.3,0.3
5/19/2014 11:00,11959200,0.2,0.3,0.3
5/19/2014 12:00,11962800,0.1,0.3,0.3
5/19/2014 13:00,11966400,0.1,0.15,0.1
5/19/2014 14:00,11970000,0.1,0.15,0.1
5/19/2014 15:00,11973600,0.3,0.15,0.1
5/19/2014 16:00,11977200,0.1,0.15,0.1
5/19/2014 17:00,11980800,0.1,0.15,0.1
5/19/2014 18:00,11984400,0,0.05,0
5/19/2014 19:00,11988000,0,0.05,0
5/19/2014 20:00,11991600,0.3,0.05,0
5/19/2014 21:00,11995200,0.1,0.05,0
5/19/2014 22:00,11998800,0.1,0.05,0
5/19/2014 23:00,12002400,0.3,0.05,0
5/20/2014 0:00,12006000,0.2,0.05,0
5/20/2014 1:00,12009600,0.1,0,0
5/20/2014 2:00,12013200,0.2,0,0
5/20/2014 3:00,12016800,1.4,0,0
5/20/2014 4:00,12020400,0.8,0,0
5/20/2014 5:00,12024000,0.3,0,0
5/20/2014 6:00,12027600,0.2,0,0
5/20/2014 7:00,12031200,0.3,0,0
5/20/2014 8:00,12034800,0.3,0,0
5/20/2014 9:00,12038400,0.4,0,0
5/20/2014 10:00,12042000,0.2,0,0
5/20/2014 11:00,12045600,0.2,0,0
5/20/2014 12:00,12049200,0.1,0,0
5/20/2014 13:00,12052800,0.1,0,0
5/20/2014 14:00,12056400,0.1,0,0
5/20/2014 15:00,12060000,1.1,0,0
5/20/2014 16:00,12063600,0,0,0
5/20/2014 17:00,12067200,0,0,0
5/20/2014 18:00,12070800,0,0,0
5/20/2014 19:00,12074400,0,0,0
5/20/2014 20:00,12078000,0,0,0
5/20/2014 21:00,12081600,0,0,0
5/20/2014 22:00,12085200,0,0,0
5/20/2014 23:00,12088800,0,0,0
5/21/2014 0:00,12092400,0,0,0
5/21/2014 1:00,12096000,0,0.05,0
5/21/2014 2:00,12099600,0,0.05,0
5/21/2014 3:00,12103200,0,0.05,0
5/21/2014 4:00,12106800,0,0.05,0
5/21/2014 5:00,12110400,0.1,0.05,0
5/21/2014 6:00,12114000,0.4,0.1,0
5/21/2014 7:00,12117600,0.4,0.1,0.1
5/21/2014 8:00,12121200,0.1,0.3,0.2
5/21/2014 9:00,12124800,0.1,0.9,1
5/21/2014 10:00,12128400,0.2,0.9,1
5/21/2014 11:00,12132000,0.2,0.9,1
5/21/2014 12:00,12135600,0.2,0.9,1
5/21/2014 13:00,12139200,0.2,0.9,0.5
5/21/2014 14:00,12142800,2.4,0.9,1
5/21/2014 15:00,12146400,0,0.9,1
5/21/2014 16:00,12150000,0,0.9,1
5/21/2014 17:00,12153600,0,0.9,1
5/21/2014 18:00,12157200,0,0.5,0.3
5/21/2014 19:00,12160800,0,0.3,0.1
5/21/2014 20:00,12164400,0.1,0.3,0.1
5/21/2014 21:00,12168000,0,0.2,0
5/21/2014 22:00,12171600,0,0.2,0
5/21/2014 23:00,12175200,0,0.1,0
5/22/2014 0:00,12178800,0,0.05,0
5/22/2014 1:00,12182400,0,0.05,0
5/22/2014 2:00,12186000,0,0.05,0
5/22/2014 3:00,12189600,0,0.05,0
5/22/2014 4:00,12193200,0,0.05,0
5/22/2014 5:00,12196800,0,0.05,0
5/22/2014 6:00,12200400,0.1,0.1,0
5/22/2014 7:00,12204000,0.9,0.1,0.1
5/22/2014 8:00,12207600,1.6,0.3,0.2
5/22/2014 9:00,12211200,0.3,0.9,1
5/22/2014 10:00,12214800,0.1,0.9,1
5/22/2014 11:00,12218400,0.1,0.9,1
5/22/2014 12:00,12222000,0.1,0.9,1
5/22/2014 13:00,12225600,0.1,0.9,0.5
5/22/2014 14:00,12229200,0,0.9,1
5/22/2014 15:00,12232800,0.3,0.9,1
5/22/2014 16:00,12236400,0.1,0.9,1
5/22/2014 17:00,12240000,0.2,0.9,1
5/22/2014 18:00,12243600,0.1,0.5,0.3
5/22/2014 19:00,12247200,0.2,0.3,0.1
5/22/2014 20:00,12250800,0.6,0.3,0.1
5/22/2014 21:00,12254400,1.1,0.2,0
5/22/2014 22:00,12258000,1.1,0.2,0
5/22/2014 23:00,12261600,0,0.1,0
5/23/2014 0:00,12265200,0,0.05,0
5/23/2014 1:00,12268800,0.2,0.05,0
5/23/2014 2:00,12272400,0.2,0.05,0
5/23/2014 3:00,12276000,0.2,0.05,0
5/23/2014 4:00,12279600,0.2,0.05,0
5/23/2014 5:00,12283200,0.1,0.05,0
5/23/2014 6:00,12286800,0.4,0.1,0
5/23/2014 7:00,12290400,0.8,0.1,0.1
5/23/2014 8:00,12294000,1.6,0.3,0.2
5/23/2014 9:00,12297600,1.1,0.9,1
5/23/2014 10:00,12301200,0.6,0.9,1
5/23/2014 11:00,12304800,0.3,0.9,1
5/23/2014 12:00,12308400,0.1,0.9,1
5/23/2014 13:00,12312000,0.1,0.9,0.5
5/23/2014 14:00,12315600,0.2,0.9,1
5/23/2014 15:00,12319200,0.2,0.9,1
5/23/2014 16:00,12322800,0,0.9,1
5/23/2014 17:00,12326400,0,0.9,1
5/23/2014 18:00,12330000,0,0.5,0.3
5/23/2014 19:00,12333600,0,0.3,0.1
5/23/2014 20:00,12337200,0,0.3,0.1
5/23/2014 21:00,12340800,0,0.2,0
5/23/2014 22:00,12344400,0,0.2,0
5/23/2014 23:00,12348000,0.1,0.1,0
5/24/2014 0:00,12351600,0,0.05,0
5/24/2014 1:00,12355200,0,0.05,0
5/24/2014 2:00,12358800,0,0.05,0
5/24/2014 3:00,12362400,0,0.05,0
5/24/2014 4:00,12366000,0,0.05,0
5/24/2014 5:00,12369600,0,0.05,0
5/24/2014 6:00,12373200,0,0.1,0
5/24/2014 7:00,12376800,0,0.1,0.1
5/24/2014 8:00,12380400,0,0.3,0.2
5/24/2014 9:00,12384000,0.1,0.9,1
5/24/2014 10:00,12387600,0.2,0.9,1
5/24/2014 11:00,12391200,0.2,0.9,1
5/24/2014 12:00,12394800,0.3,0.9,1
5/24/2014 13:00,12398400,0.3,0.9,0.5
5/24/2014 14:00,12402000,0.3,0.9,1
5/24/2014 15:00,12405600,0.1,0.9,1
5/24/2014 16:00,12409200,2.1,0.9,1
5/24/2014 17:00,12412800,0.2,0.9,1
5/24/2014 18:00,12416400,0,0.5,0.3
5/24/2014 19:00,12420000,0,0.3,0.1
5/24/2014 20:00,12423600,0,0.3,0.1
5/24/2014 21:00,12427200,0.1,0.2,0
5/24/2014 22:00,12430800,0,0.2,0
5/24/2014 23:00,12434400,0,0.1,0
5/25/2014 0:00,12438000,0.1,0.05,0
5/25/2014 1:00,12441600,0.2,0.05,0
5/25/2014 2:00,12445200,0.1,0.05,0
5/25/2014 3:00,12448800,0,0.05,0
5/25/2014 4:00,12452400,0,0.05,0
5/25/2014 5:00,12456000,0.1,0.05,0
5/25/2014 6:00,12459600,0.2,0.1,0
5/25/2014 7:00,12463200,1.4,0.1,0.1
5/25/2014 8:00,12466800,0.7,0.3,0.2
5/25/2014 9:00,12470400,0,0.9,1
5/25/2014 10:00,12474000,0.1,0.9,1
5/25/2014 11:00,12477600,0,0.9,1
5/25/2014 12:00,12481200,0.1,0.9,1
5/25/2014 13:00,12484800,0.1,0.9,0.5
5/25/2014 14:00,12488400,0.4,0.9,1
5/25/2014 15:00,12492000,0,0.9,1
5/25/2014 16:00,12495600,0,0.9,1
5/25/2014 17:00,12499200,0,0.9,1
5/25/2014 18:00,12502800,0,0.5,0.3
5/25/2014 19:00,12506400,0,0.3,0.1
5/25/2014 20:00,12510000,0,0.3,0.1
5/25/2014 21:00,12513600,0.1,0.2,0
5/25/2014 22:00,12517200,0.2,0.2,0
5/25/2014 23:00,12520800,0.5,0.1,0
5/26/2014 0:00,12524400,0.1,0.05,0
5/26/2014 1:00,12528000,0,0.05,0
5/26/2014 2:00,12531600,0,0.05,0
5/26/2014 3:00,12535200,0,0.05,0
5/26/2014 4:00,12538800,0,0.05,0
5/26/2014 5:00,12542400,0,0.05,0
5/26/2014 6:00,12546000,0,0.05,0
5/26/2014 7:00,12549600,0,0.1,0.1
5/26/2014 8:00,12553200,0.1,0.1,0.1
5/26/2014 9:00,12556800,0.5,0.3,0.3
5/26/2014 10:00,12560400,1.3,0.3,0.3
5/26/2014 11:00,12564000,1.4,0.3,0.3
5/26/2014 12:00,12567600,2.7,0.3,0.3
5/26/2014 13:00,12571200,6.3,0.15,0.1
5/26/2014 14:00,12574800,2,0.15,0.1
5/26/2014 15:00,12578400,2.2,0.15,0.1
5/26/2014 16:00,12582000,1.1,0.15,0.1
5/26/2014 17:00,12585600,0.1,0.15,0.1
5/26/2014 18:00,12589200,0,0.05,0
5/26/2014 19:00,12592800,0,0.05,0
5/26/2014 20:00,12596400,0,0.05,0
5/26/2014 21:00,12600000,0,0.05,0
5/26/2014 22:00,12603600,0,0.05,0
5/26/2014 23:00,12607200,0,0.05,0
5/27/2014 0:00,12610800,0.2,0.05,0
5/27/2014 1:00,12614400,0.3,0,0
5/27/2014 2:00,12618000,0,0,0
5/27/2014 3:00,12621600,0,0,0
5/27/2014 4:00,12625200,0,0,0
5/27/2014 5:00,12628800,0.1,0,0
5/27/2014 6:00,12632400,0.9,0,0
5/27/2014 7:00,12636000,1,0,0
5/27/2014 8:00,12639600,1.1,0,0
5/27/2014 9:00,12643200,1.2,0,0
5/27/2014 10:00,12646800,1.1,0,0
5/27/2014 11:00,12650400,0.1,0,0
5/27/2014 12:00,12654000,0.1,0,0
5/27/2014 13:00,12657600,0.2,0,0
5/27/2014 14:00,12661200,0.4,0,0
5/27/2014 15:00,12664800,0.8,0,0
5/27/2014 16:00,12668400,0.4,0,0
5/27/2014 17:00,12672000,0,0,0
5/27/2014 18:00,12675600,0.1,0,0
5/27/2014 19:00,12679200,0,0,0
5/27/2014 20:00,12682800,0.1,0,0
5/27/2014 21:00,12686400,0.1,0,0
5/27/2014 22:00,12690000,0,0,0
5/27/2014 23:00,12693600,0,0,0
5/28/2014 0:00,12697200,0,0,0
5/28/2014 1:00,12700800,0,0.05,0
5/28/2014 2:00,12704400,0.2,0.05,0
5/28/2014 3:00,12708000,1.2,0.05,0
5/28/2014 4:00,12711600,0.1,0.05,0
5/28/2014 5:00,12715200,1,0.05,0
5/28/2014 6:00,12718800,1.8,0.1,0
5/28/2014 7:00,12722400,0.1,0.1,0.1
5/28/2014 8:00,12726000,0.1,0.3,0.2
5/28/2014 9:00,12729600,0.1,0.9,1
5/28/2014 10:00,12733200,0,0.9,1
5/28/2014 11:00,12736800,0.1,0.9,1
5/28/2014 12:00,12740400,0.1,0.9,1
5/28/2014 13:00,12744000,0.2,0.9,0.5
5/28/2014 14:00,12747600,1.2,0.9,1
5/28/2014 15:00,12751200,0.1,0.9,1
5/28/2014 16:00,12754800,0.8,0.9,1
5/28/2014 17:00,12758400,0.3,0.9,1
5/28/2014 18:00,12762000,0,0.5,0.3
5/28/2014 19:00,12765600,0,0.3,0.1
5/28/2014 20:00,12769200,0.2,0.3,0.1
5/28/2014 21:00,12772800,1,0.2,0
5/28/2014 22:00,12776400,2.1,0.2,0
5/28/2014 23:00,12780000,0.9,0.1,0
5/29/2014 0:00,12783600,0,0.05,0
5/29/2014 1:00,12787200,0,0.05,0
5/29/2014 2:00,12790800,0,0.05,0
5/29/2014 3:00,12794400,0.1,0.05,0
5/29/2014 4:00,12798000,0.3,0.05,0
5/29/2014 5:00,12801600,0.1,0.05,0
5/29/2014 6:00,12805200,0,0.1,0
5/29/2014 7:00,12808800,0,0.1,0.1
5/29/2014 8:00,12812400,0,0.3,0.2
5/29/2014 9:00,12816000,0.1,0.9,1
5/29/2014 10:00,12819600,0,0.9,1
5/29/2014 11:00,12823200,0.1,0.9,1
5/29/2014 12:00,12826800,0.1,0.9,1
5/29/2014 13:00,12830400,0.1,0.9,0.5
5/29/2014 14:00,12834000,1,0.9,1
5/29/2014 15:00,12837600,1,0.9,1
5/29/2014 16:00,12841200,0.2,0.9,1
5/29/2014 17:00,12844800,0.1,0.9,1
5/29/2014 18:00,12848400,0.1,0.5,0.3
5/29/2014 19:00,12852000,0.9,0.3,0.1
5/29/2014 20:00,12855600,3.1,0.3,0.1
5/29/2014 21:00,12859200,1.4,0.2,0
5/29/2014 22:00,12862800,0.1,0.2,0
5/29/2014 23:00,12866400,0,0.1,0
5/30/2014 0:00,12870000,0,0.05,0
5/30/2014 1:00,12873600,0.4,0.05,0
5/30/2014 2:00,12877200,0.2,0.05,0
5/30/2014 3:00,12880800,0.4,0.05,0
5/30/2014 4:00,12884400,1.2,0.05,0
5/30/2014 5:00,12888000,2.5,0.05,0
5/30/2014 6:00,12891600,2,0.1,0
5/30/2014 7:00,12895200,0.6,0.1,0.1
5/30/2014 8:00,12898800,0.1,0.3,0.2
5/30/2014 9:00,12902400,0.1,0.9,1
5/30/2014 10:00,12906000,0.8,0.9,1
5/30/2014 11:00,12909600,1.5,0.9,1
5/30/2014 12:00,12913200,1.5,0.9,1
5/30/2014 13:00,12916800,0.1,0.9,0.5
5/30/2014 14:00,12920400,0.1,0.9,1
5/30/2014 15:00,12924000,0.1,0.9,1
5/30/2014 16:00,12927600,0.6,0.9,1
5/30/2014 17:00,12931200,0.3,0.9,1
5/30/2014 18:00,12934800,0.3,0.5,0.3
5/30/2014 19:00,12938400,0.6,0.3,0.1
5/30/2014 20:00,12942000,3.3,0.3,0.1
5/30/2014 21:00,12945600,0.6,0.2,0
5/30/2014 22:00,12949200,0,0.2,0
5/30/2014 23:00,12952800,0.1,0.1,0
5/31/2014 0:00,12956400,0.1,0.05,0
5/31/2014 1:00,12960000,0.1,0.05,0
5/31/2014 2:00,12963600,0.1,0.05,0
5/31/2014 3:00,12967200,0.1,0.05,0
5/31/2014 4:00,12970800,0.2,0.05,0
5/31/2014 5:00,12974400,0.2,0.05,0
5/31/2014 6:00,12978000,0.1,0.1,0
5/31/2014 7:00,12981600,0,0.1,0.1
5/31/2014 8:00,12985200,0,0.3,0.2
5/31/2014 9:00,12988800,0.1,0.9,1
5/31/2014 10:00,12992400,0.1,0.9,1
5/31/2014 11:00,12996000,0.1,0.9,1
5/31/2014 12:00,12999600,0.2,0.9,1
5/31/2014 13:00,13003200,0.5,0.9,0.5
5/31/2014 14:00,13006800,1.3,0.9,1
5/31/2014 15:00,13010400,0.8,0.9,1
5/31/2014 16:00,13014000,0.1,0.9,1
5/31/2014 17:00,13017600,0.1,0.9,1
5/31/2014 18:00,13021200,0,0.5,0.3
5/31/2014 19:00,13024800,0.1,0.3,0.1
5/31/2014 20:00,13028400,0,0.3,0.1
5/31/2014 21:00,13032000,0.1,0.2,0
5/31/2014 22:00,13035600,0.2,0.2,0
5/31/2014 23:00,13039200,0.3,0.1,0
6/1/2014 0:00,13042800,0.3,0.05,0
6/1/2011 1:00,13046400,1.7,0.05,0
6/1/2011 2:00,13050000,2.2,0.05,0
6/1/2011 3:00,13053600,0.4,0.05,0
6/1/2011 4:00,13057200,0.2,0.05,0
6/1/2011 5:00,13060800,0.6,0.05,0
6/1/2011 6:00,13064400,0,0.1,0
6/1/2011 7:00,13068000,0.2,0.1,0.1
6/1/2011 8:00,13071600,0.2,0.3,0.2
6/1/2011 9:00,13075200,0.2,0.9,1
6/1/2011 10:00,13078800,0.4,0.9,1
6/1/2011 11:00,13082400,0.2,0.9,1
6/1/2011 12:00,13086000,0.1,0.9,1
6/1/2011 13:00,13089600,0.3,0.9,0.5
6/1/2011 14:00,13093200,1.3,0.9,1
6/1/2011 15:00,13096800,0.2,0.9,1
6/1/2011 16:00,13100400,0.1,0.9,1
6/1/2011 17:00,13104000,0,0.9,1
6/1/2011 18:00,13107600,0,0.5,0.3
6/1/2011 19:00,13111200,0.2,0.3,0.1
6/1/2011 20:00,13114800,0.1,0.3,0.1
6/1/2011 21:00,13118400,0.1,0.2,0
6/1/2011 22:00,13122000,0,0.2,0
6/1/2011 23:00,13125600,0,0.1,0
6/2/2011 0:00,13129200,0,0.05,0
6/2/2011 1:00,13132800,0,0.05,0
6/2/2011 2:00,13136400,0.2,0.05,0
6/2/2011 3:00,13140000,0.4,0.05,0
6/2/2011 4:00,13143600,0.5,0.05,0
6/2/2011 5:00,13147200,0.2,0.05,0
6/2/2011 6:00,13150800,0,0.05,0
6/2/2011 7:00,13154400,0.1,0.1,0.1
6/2/2011 8:00,13158000,0.2,0.1,0.1
6/2/2011 9:00,13161600,0.1,0.3,0.3
6/2/2011 10:00,13165200,0.2,0.3,0.3
6/2/2011 11:00,13168800,0.2,0.3,0.3
6/2/2011 12:00,13172400,0.1,0.3,0.3
6/2/2011 13:00,13176000,0.1,0.15,0.1
6/2/2011 14:00,13179600,0.1,0.15,0.1
6/2/2011 15:00,13183200,0.5,0.15,0.1
6/2/2011 16:00,13186800,0.4,0.15,0.1
6/2/2011 17:00,13190400,1.1,0.15,0.1
6/2/2011 18:00,13194000,0.4,0.05,0
6/2/2011 19:00,13197600,0.6,0.05,0
6/2/2011 20:00,13201200,2.3,0.05,0
6/2/2011 21:00,13204800,1.6,0.05,0
6/2/2011 22:00,13208400,0,0.05,0
6/2/2011 23:00,13212000,0,0.05,0
6/3/2011 0:00,13215600,0,0.05,0
6/3/2011 1:00,13219200,0,0,0
6/3/2011 2:00,13222800,0,0,0
6/3/2011 3:00,13226400,0,0,0
6/3/2011 4:00,13230000,0.5,0,0
6/3/2011 5:00,13233600,1.5,0,0
6/3/2011 6:00,13237200,1.4,0,0
6/3/2011 7:00,13240800,0.2,0,0
6/3/2011 8:00,13244400,0,0,0
6/3/2011 9:00,13248000,0,0,0
6/3/2011 10:00,13251600,0,0,0
6/3/2011 11:00,13255200,0,0,0
6/3/2011 12:00,13258800,0.1,0,0
6/3/2011 13:00,13262400,0.1,0,0
6/3/2011 14:00,13266000,0.1,0,0
6/3/2011 15:00,13269600,1,0,0
6/3/2011 16:00,13273200,0.1,0,0
6/3/2011 17:00,13276800,0,0,0
6/3/2011 18:00,13280400,0,0,0
6/3/2011 19:00,13284000,0,0,0
6/3/2011 20:00,13287600,0.1,0,0
6/3/2011 21:00,13291200,0,0,0
6/3/2011 22:00,13294800,0,0,0
6/3/2011 23:00,13298400,0,0,0
6/4/2011 0:00,13302000,0.4,0,0
6/4/2011 1:00,13305600,0.3,0.05,0
6/4/2011 2:00,13309200,0.2,0.05,0
6/4/2011 3:00,13312800,0.1,0.05,0
6/4/2011 4:00,13316400,0,0.05,0
6/4/2011 5:00,13320000,0.3,0.05,0
6/4/2011 6:00,13323600,0.1,0.1,0
6/4/2011 7:00,13327200,1.2,0.1,0.1
6/4/2011 8:00,13330800,2.3,0.3,0.2
6/4/2011 9:00,13334400,1.4,0.9,1
6/4/2011 10:00,13338000,0.1,0.9,1
6/4/2011 11:00,13341600,0,0.9,1
6/4/2011 12:00,13345200,0.2,0.9,1
6/4/2011 13:00,13348800,0.3,0.9,0.5
6/4/2011 14:00,13352400,1.2,0.9,1
6/4/2011 15:00,13356000,0.1,0.9,1
6/4/2011 16:00,13359600,0.3,0.9,1
6/4/2011 17:00,13363200,1.8,0.9,1
6/4/2011 18:00,13366800,1.8,0.5,0.3
6/4/2011 19:00,13370400,0.3,0.3,0.1
6/4/2011 20:00,13374000,0.8,0.3,0.1
6/4/2011 21:00,13377600,1,0.2,0
6/4/2011 22:00,13381200,0.2,0.2,0
6/4/2011 23:00,13384800,0.4,0.1,0
6/5/2011 0:00,13388400,0.1,0.05,0
6/5/2011 1:00,13392000,0,0.05,0
6/5/2011 2:00,13395600,0.3,0.05,0
6/5/2011 3:00,13399200,1.5,0.05,0
6/5/2011 4:00,13402800,1.9,0.05,0
6/5/2011 5:00,13406400,0.8,0.05,0
6/5/2011 6:00,13410000,0.6,0.1,0
6/5/2011 7:00,13413600,1,0.1,0.1
6/5/2011 8:00,13417200,1.4,0.3,0.2
6/5/2011 9:00,13420800,1.4,0.9,1
6/5/2011 10:00,13424400,1.2,0.9,1
6/5/2011 11:00,13428000,1.3,0.9,1
6/5/2011 12:00,13431600,0.9,0.9,1
6/5/2011 13:00,13435200,0.4,0.9,0.5
6/5/2011 14:00,13438800,0.2,0.9,1
6/5/2011 15:00,13442400,4,0.9,1
6/5/2011 16:00,13446000,1.9,0.9,1
6/5/2011 17:00,13449600,1.1,0.9,1
6/5/2011 18:00,13453200,0.6,0.5,0.3
6/5/2011 19:00,13456800,0.2,0.3,0.1
6/5/2011 20:00,13460400,0.2,0.3,0.1
6/5/2011 21:00,13464000,0.5,0.2,0
6/5/2011 22:00,13467600,0.4,0.2,0
6/5/2011 23:00,13471200,0.6,0.1,0
6/6/2011 0:00,13474800,0.1,0.05,0
6/6/2011 1:00,13478400,0.1,0.05,0
6/6/2011 2:00,13482000,0.5,0.05,0
6/6/2011 3:00,13485600,4.6,0.05,0
6/6/2011 4:00,13489200,3.2,0.05,0
6/6/2011 5:00,13492800,2.7,0.05,0
6/6/2011 6:00,13496400,2.1,0.1,0
6/6/2011 7:00,13500000,0.8,0.1,0.1
6/6/2011 8:00,13503600,1,0.3,0.2
6/6/2011 9:00,13507200,2.1,0.9,1
6/6/2011 10:00,13510800,0.9,0.9,1
6/6/2011 11:00,13514400,0.5,0.9,1
6/6/2011 12:00,13518000,0.2,0.9,1
6/6/2011 13:00,13521600,0.2,0.9,0.5
6/6/2011 14:00,13525200,0.2,0.9,1
6/6/2011 15:00,13528800,0.4,0.9,1
6/6/2011 16:00,13532400,0.1,0.9,1
6/6/2011 17:00,13536000,0,0.9,1
6/6/2011 18:00,13539600,0,0.5,0.3
6/6/2011 19:00,13543200,0,0.3,0.1
6/6/2011 20:00,13546800,0,0.3,0.1
6/6/2011 21:00,13550400,0,0.2,0
6/6/2011 22:00,13554000,0.2,0.2,0
6/6/2011 23:00,13557600,0.2,0.1,0
6/7/2011 0:00,13561200,0,0.05,0
6/7/2011 1:00,13564800,0,0.05,0
6/7/2011 2:00,13568400,0,0.05,0
6/7/2011 3:00,13572000,0.1,0.05,0
6/7/2011 4:00,13575600,0.1,0.05,0
6/7/2011 5:00,13579200,0,0.05,0
6/7/2011 6:00,13582800,0.1,0.1,0
6/7/2011 7:00,13586400,0.3,0.1,0.1
6/7/2011 8:00,13590000,0.2,0.3,0.2
6/7/2011 9:00,13593600,0,0.9,1
6/7/2011 10:00,13597200,0,0.9,1
6/7/2011 11:00,13600800,0.1,0.9,1
6/7/2011 12:00,13604400,0,0.9,1
6/7/2011 13:00,13608000,0,0.9,0.5
6/7/2011 14:00,13611600,0.1,0.9,1
6/7/2011 15:00,13615200,0,0.9,1
6/7/2011 16:00,13618800,0,0.9,1
6/7/2011 17:00,13622400,0,0.9,1
6/7/2011 18:00,13626000,0,0.5,0.3
6/7/2011 19:00,13629600,0,0.3,0.1
6/7/2011 20:00,13633200,0,0.3,0.1
6/7/2011 21:00,13636800,0,0.2,0
6/7/2011 22:00,13640400,0,0.2,0
6/7/2011 23:00,13644000,0,0.1,0
6/8/2011 0:00,13647600,0,0.05,0
6/8/2011 1:00,13651200,0,0.05,0
6/8/2011 2:00,13654800,0,0.05,0
6/8/2011 3:00,13658400,0,0.05,0
6/8/2011 4:00,13662000,0,0.05,0
6/8/2011 5:00,13665600,0,0.05,0
6/8/2011 6:00,13669200,0,0.1,0
6/8/2011 7:00,13672800,0,0.1,0.1
6/8/2011 8:00,13676400,0,0.3,0.2
6/8/2011 9:00,13680000,0.1,0.9,1
6/8/2011 10:00,13683600,0,0.9,1
6/8/2011 11:00,13687200,0,0.9,1
6/8/2011 12:00,13690800,0.1,0.9,1
6/8/2011 13:00,13694400,0.1,0.9,0.5
6/8/2011 14:00,13698000,0.1,0.9,1
6/8/2011 15:00,13701600,0.1,0.9,1
6/8/2011 16:00,13705200,0.1,0.9,1
6/8/2011 17:00,13708800,0.1,0.9,1
6/8/2011 18:00,13712400,0,0.5,0.3
6/8/2011 19:00,13716000,0.1,0.3,0.1
6/8/2011 20:00,13719600,0,0.3,0.1
6/8/2011 21:00,13723200,0.2,0.2,0
6/8/2011 22:00,13726800,0.5,0.2,0
6/8/2011 23:00,13730400,0.9,0.1,0
6/9/2011 0:00,13734000,0.4,0.05,0
6/9/2011 1:00,13737600,0.3,0.05,0
6/9/2011 2:00,13741200,0,0.05,0
6/9/2011 3:00,13744800,1.2,0.05,0
6/9/2011 4:00,13748400,0.7,0.05,0
6/9/2011 5:00,13752000,0.1,0.05,0
6/9/2011 6:00,13755600,0.8,0.05,0
6/9/2011 7:00,13759200,1,0.1,0.1
6/9/2011 8:00,13762800,0.4,0.1,0.1
6/9/2011 9:00,13766400,1,0.3,0.3
6/9/2011 10:00,13770000,0.1,0.3,0.3
6/9/2011 11:00,13773600,0.1,0.3,0.3
6/9/2011 12:00,13777200,0.3,0.3,0.3
6/9/2011 13:00,13780800,0.6,0.15,0.1
6/9/2011 14:00,13784400,2.2,0.15,0.1
6/9/2011 15:00,13788000,0.1,0.15,0.1
6/9/2011 16:00,13791600,0.1,0.15,0.1
6/9/2011 17:00,13795200,0.1,0.15,0.1
6/9/2011 18:00,13798800,0.1,0.05,0
6/9/2011 19:00,13802400,0.3,0.05,0
6/9/2011 20:00,13806000,0.1,0.05,0
6/9/2011 21:00,13809600,0,0.05,0
6/9/2011 22:00,13813200,0,0.05,0
6/9/2011 23:00,13816800,0,0.05,0
6/10/2011 0:00,13820400,0.1,0.05,0
6/10/2011 1:00,13824000,0.1,0,0
6/10/2011 2:00,13827600,1.1,0,0
6/10/2011 3:00,13831200,0.9,0,0
6/10/2011 4:00,13834800,0,0,0
6/10/2011 5:00,13838400,0,0,0
6/10/2011 6:00,13842000,0,0,0
6/10/2011 7:00,13845600,0,0,0
6/10/2011 8:00,13849200,0,0,0
6/10/2011 9:00,13852800,0.2,0,0
6/10/2011 10:00,13856400,0.1,0,0
6/10/2011 11:00,13860000,0,0,0
6/10/2011 12:00,13863600,0,0,0
6/10/2011 13:00,13867200,0.1,0,0
6/10/2011 14:00,13870800,0.1,0,0
6/10/2011 15:00,13874400,0.7,0,0
6/10/2011 16:00,13878000,0.1,0,0
6/10/2011 17:00,13881600,0.1,0,0
6/10/2011 18:00,13885200,0,0,0
6/10/2011 19:00,13888800,0,0,0
6/10/2011 20:00,13892400,0,0,0
6/10/2011 21:00,13896000,0,0,0
6/10/2011 22:00,13899600,0.2,0,0
6/10/2011 23:00,13903200,0.3,0,0
6/11/2011 0:00,13906800,0.3,0,0
6/11/2011 1:00,13910400,0,0.05,0
6/11/2011 2:00,13914000,0,0.05,0
6/11/2011 3:00,13917600,0.5,0.05,0
6/11/2011 4:00,13921200,0.1,0.05,0
6/11/2011 5:00,13924800,0.6,0.05,0
6/11/2011 6:00,13928400,1.1,0.1,0
6/11/2011 7:00,13932000,0.8,0.1,0.1
6/11/2011 8:00,13935600,0.9,0.3,0.2
6/11/2011 9:00,13939200,1.4,0.9,1
6/11/2011 10:00,13942800,1.1,0.9,1
6/11/2011 11:00,13946400,0.6,0.9,1
6/11/2011 12:00,13950000,0.3,0.9,1
6/11/2011 13:00,13953600,0.1,0.9,0.5
6/11/2011 14:00,13957200,0.1,0.9,1
6/11/2011 15:00,13960800,0.2,0.9,1
6/11/2011 16:00,13964400,0.1,0.9,1
6/11/2011 17:00,13968000,0,0.9,1
6/11/2011 18:00,13971600,0,0.5,0.3
6/11/2011 19:00,13975200,0,0.3,0.1
6/11/2011 20:00,13978800,0.1,0.3,0.1
6/11/2011 21:00,13982400,0,0.2,0
6/11/2011 22:00,13986000,0,0.2,0
6/11/2011 23:00,13989600,0,0.1,0
6/12/2011 0:00,13993200,0,0.05,0
6/12/2011 1:00,13996800,0.1,0.05,0
6/12/2011 2:00,14000400,0,0.05,0
6/12/2011 3:00,14004000,0.1,0.05,0
6/12/2011 4:00,14007600,0,0.05,0
6/12/2011 5:00,14011200,0.1,0.05,0
6/12/2011 6:00,14014800,0.3,0.1,0
6/12/2011 7:00,14018400,1,0.1,0.1
6/12/2011 8:00,14022000,1.2,0.3,0.2
6/12/2011 9:00,14025600,0.1,0.9,1
6/12/2011 10:00,14029200,0,0.9,1
6/12/2011 11:00,14032800,0.1,0.9,1
6/12/2011 12:00,14036400,0,0.9,1
6/12/2011 13:00,14040000,0.1,0.9,0.5
6/12/2011 14:00,14043600,0.1,0.9,1
6/12/2011 15:00,14047200,0.2,0.9,1
6/12/2011 16:00,14050800,0.8,0.9,1
6/12/2011 17:00,14054400,0.5,0.9,1
6/12/2011 18:00,14058000,0.6,0.5,0.3
6/12/2011 19:00,14061600,0.3,0.3,0.1
6/12/2011 20:00,14065200,0.2,0.3,0.1
6/12/2011 21:00,14068800,0,0.2,0
6/12/2011 22:00,14072400,0,0.2,0
6/12/2011 23:00,14076000,0,0.1,0
6/13/2011 0:00,14079600,0.1,0.05,0
6/13/2011 1:00,14083200,0.2,0.05,0
6/13/2011 2:00,14086800,0.2,0.05,0
6/13/2011 3:00,14090400,0.1,0.05,0
6/13/2011 4:00,14094000,0.1,0.05,0
6/13/2011 5:00,14097600,0,0.05,0
6/13/2011 6:00,14101200,0.1,0.1,0
6/13/2011 7:00,14104800,0.1,0.1,0.1
6/13/2011 8:00,14108400,0.8,0.3,0.2
6/13/2011 9:00,14112000,1.1,0.9,1
6/13/2011 10:00,14115600,1.4,0.9,1
6/13/2011 11:00,14119200,0.6,0.9,1
6/13/2011 12:00,14122800,0.2,0.9,1
6/13/2011 13:00,14126400,0.1,0.9,0.5
6/13/2011 14:00,14130000,0.1,0.9,1
6/13/2011 15:00,14133600,0.1,0.9,1
6/13/2011 16:00,14137200,0.1,0.9,1
6/13/2011 17:00,14140800,0.4,0.9,1
6/13/2011 18:00,14144400,0,0.5,0.3
6/13/2011 19:00,14148000,0.1,0.3,0.1
6/13/2011 20:00,14151600,0.2,0.3,0.1
6/13/2011 21:00,14155200,0.4,0.2,0
6/13/2011 22:00,14158800,0.1,0.2,0
6/13/2011 23:00,14162400,0,0.1,0
6/14/2011 0:00,14166000,0,0.05,0
6/14/2011 1:00,14169600,0,0.05,0
6/14/2011 2:00,14173200,0.1,0.05,0
6/14/2011 3:00,14176800,0.4,0.05,0
6/14/2011 4:00,14180400,0.8,0.05,0
6/14/2011 5:00,14184000,0.4,0.05,0
6/14/2011 6:00,14187600,0.2,0.1,0
6/14/2011 7:00,14191200,0.4,0.1,0.1
6/14/2011 8:00,14194800,0.3,0.3,0.2
6/14/2011 9:00,14198400,0,0.9,1
6/14/2011 10:00,14202000,0.2,0.9,1
6/14/2011 11:00,14205600,0.3,0.9,1
6/14/2011 12:00,14209200,1.4,0.9,1
6/14/2011 13:00,14212800,1.6,0.9,0.5
6/14/2011 14:00,14216400,0.2,0.9,1
6/14/2011 15:00,14220000,0.2,0.9,1
6/14/2011 16:00,14223600,1.5,0.9,1
6/14/2011 17:00,14227200,0.2,0.9,1
6/14/2011 18:00,14230800,0,0.5,0.3
6/14/2011 19:00,14234400,0,0.3,0.1
6/14/2011 20:00,14238000,0.1,0.3,0.1
6/14/2011 21:00,14241600,0,0.2,0
6/14/2011 22:00,14245200,0,0.2,0
6/14/2011 23:00,14248800,0,0.1,0
6/15/2011 0:00,14252400,0,0.05,0
6/15/2011 1:00,14256000,0,0.05,0
6/15/2011 2:00,14259600,0.2,0.05,0
6/15/2011 3:00,14263200,0.7,0.05,0
6/15/2011 4:00,14266800,0.1,0.05,0
6/15/2011 5:00,14270400,0.4,0.05,0
6/15/2011 6:00,14274000,0.4,0.1,0
6/15/2011 7:00,14277600,0.6,0.1,0.1
6/15/2011 8:00,14281200,1.2,0.3,0.2
6/15/2011 9:00,14284800,0.2,0.9,1
6/15/2011 10:00,14288400,0.1,0.9,1
6/15/2011 11:00,14292000,0.4,0.9,1
6/15/2011 12:00,14295600,1.4,0.9,1
6/15/2011 13:00,14299200,0.5,0.9,0.5
6/15/2011 14:00,14302800,0.5,0.9,1
6/15/2011 15:00,14306400,0.3,0.9,1
6/15/2011 16:00,14310000,0.2,0.9,1
6/15/2011 17:00,14313600,0,0.9,1
6/15/2011 18:00,14317200,0,0.5,0.3
6/15/2011 19:00,14320800,0,0.3,0.1
6/15/2011 20:00,14324400,0,0.3,0.1
6/15/2011 21:00,14328000,0,0.2,0
6/15/2011 22:00,14331600,0,0.2,0
6/15/2011 23:00,14335200,0.2,0.1,0
6/16/2011 0:00,14338800,0.5,0.05,0
6/16/2011 1:00,14342400,0.1,0.05,0
6/16/2011 2:00,14346000,0.1,0.05,0
6/16/2011 3:00,14349600,0.3,0.05,0
6/16/2011 4:00,14353200,0.1,0.05,0
6/16/2011 5:00,14356800,0.2,0.05,0
6/16/2011 6:00,14360400,0.6,0.05,0
6/16/2011 7:00,14364000,1.1,0.1,0.1
6/16/2011 8:00,14367600,0.6,0.1,0.1
6/16/2011 9:00,14371200,0.2,0.3,0.3
6/16/2011 10:00,14374800,0.4,0.3,0.3
6/16/2011 11:00,14378400,0.7,0.3,0.3
6/16/2011 12:00,14382000,0.3,0.3,0.3
6/16/2011 13:00,14385600,0.1,0.15,0.1
6/16/2011 14:00,14389200,0.1,0.15,0.1
6/16/2011 15:00,14392800,0,0.15,0.1
6/16/2011 16:00,14396400,0.1,0.15,0.1
6/16/2011 17:00,14400000,0.1,0.15,0.1
6/16/2011 18:00,14403600,0.1,0.05,0
6/16/2011 19:00,14407200,0,0.05,0
6/16/2011 20:00,14410800,0,0.05,0
6/16/2011 21:00,14414400,0,0.05,0
6/16/2011 22:00,14418000,0.1,0.05,0
6/16/2011 23:00,14421600,0.1,0.05,0
6/17/2011 0:00,14425200,0,0.05,0
6/17/2011 1:00,14428800,0,0,0
6/17/2011 2:00,14432400,0,0,0
6/17/2011 3:00,14436000,0.1,0,0
6/17/2011 4:00,14439600,0.3,0,0
6/17/2011 5:00,14443200,0.7,0,0
6/17/2011 6:00,14446800,0.2,0,0
6/17/2011 7:00,14450400,0,0,0
6/17/2011 8:00,14454000,0.2,0,0
6/17/2011 9:00,14457600,1.2,0,0
6/17/2011 10:00,14461200,1.6,0,0
6/17/2011 11:00,14464800,0.1,0,0
6/17/2011 12:00,14468400,0,0,0
6/17/2011 13:00,14472000,0.1,0,0
6/17/2011 14:00,14475600,0.2,0,0
6/17/2011 15:00,14479200,0.3,0,0
6/17/2011 16:00,14482800,0.1,0,0
6/17/2011 17:00,14486400,0,0,0
6/17/2011 18:00,14490000,0,0,0
6/17/2011 19:00,14493600,0,0,0
6/17/2011 20:00,14497200,0,0,0
6/17/2011 21:00,14500800,0,0,0
6/17/2011 22:00,14504400,0,0,0
6/17/2011 23:00,14508000,0,0,0
6/18/2011 0:00,14511600,0,0,0
6/18/2011 1:00,14515200,0.1,0.05,0
6/18/2011 2:00,14518800,0.5,0.05,0
6/18/2011 3:00,14522400,0.4,0.05,0
6/18/2011 4:00,14526000,0,0.05,0
6/18/2011 5:00,14529600,0,0.05,0
6/18/2011 6:00,14533200,0.3,0.1,0
6/18/2011 7:00,14536800,2.2,0.1,0.1
6/18/2011 8:00,14540400,1.1,0.3,0.2
6/18/2011 9:00,14544000,0.5,0.9,1
6/18/2011 10:00,14547600,0.3,0.9,1
6/18/2011 11:00,14551200,0.2,0.9,1
6/18/2011 12:00,14554800,0.3,0.9,1
6/18/2011 13:00,14558400,0.1,0.9,0.5
6/18/2011 14:00,14562000,0,0.9,1
6/18/2011 15:00,14565600,0,0.9,1
6/18/2011 16:00,14569200,0,0.9,1
6/18/2011 17:00,14572800,0,0.9,1
6/18/2011 18:00,14576400,0,0.5,0.3
6/18/2011 19:00,14580000,0,0.3,0.1
6/18/2011 20:00,14583600,0,0.3,0.1
6/18/2011 21:00,14587200,0,0.2,0
6/18/2011 22:00,14590800,0,0.2,0
6/18/2011 23:00,14594400,0,0.1,0
6/19/2011 0:00,14598000,0,0.05,0
6/19/2011 1:00,14601600,0,0.05,0
6/19/2011 2:00,14605200,0.1,0.05,0
6/19/2011 3:00,14608800,0,0.05,0
6/19/2011 4:00,14612400,0.1,0.05,0
6/19/2011 5:00,14616000,0.2,0.05,0
6/19/2011 6:00,14619600,0.2,0.1,0
6/19/2011 7:00,14623200,0.3,0.1,0.1
6/19/2011 8:00,14626800,0.2,0.3,0.2
6/19/2011 9:00,14630400,0.1,0.9,1
6/19/2011 10:00,14634000,0.3,0.9,1
6/19/2011 11:00,14637600,0.6,0.9,1
6/19/2011 12:00,14641200,0.1,0.9,1
6/19/2011 13:00,14644800,0.3,0.9,0.5
6/19/2011 14:00,14648400,0.2,0.9,1
6/19/2011 15:00,14652000,0.1,0.9,1
6/19/2011 16:00,14655600,0.4,0.9,1
6/19/2011 17:00,14659200,0.1,0.9,1
6/19/2011 18:00,14662800,0.2,0.5,0.3
6/19/2011 19:00,14666400,0.1,0.3,0.1
6/19/2011 20:00,14670000,0.1,0.3,0.1
6/19/2011 21:00,14673600,0,0.2,0
6/19/2011 22:00,14677200,0,0.2,0
6/19/2011 23:00,14680800,0,0.1,0
6/20/2011 0:00,14684400,0,0.05,0
6/20/2011 1:00,14688000,0.2,0.05,0
6/20/2011 2:00,14691600,0.2,0.05,0
6/20/2011 3:00,14695200,0.1,0.05,0
6/20/2011 4:00,14698800,0,0.05,0
6/20/2011 5:00,14702400,0,0.05,0
6/20/2011 6:00,14706000,0,0.1,0
6/20/2011 7:00,14709600,0.1,0.1,0.1
6/20/2011 8:00,14713200,0,0.3,0.2
6/20/2011 9:00,14716800,0,0.9,1
6/20/2011 10:00,14720400,0.1,0.9,1
6/20/2011 11:00,14724000,0.1,0.9,1
6/20/2011 12:00,14727600,0.1,0.9,1
6/20/2011 13:00,14731200,0,0.9,0.5
6/20/2011 14:00,14734800,0,0.9,1
6/20/2011 15:00,14738400,0,0.9,1
6/20/2011 16:00,14742000,0,0.9,1
6/20/2011 17:00,14745600,0.1,0.9,1
6/20/2011 18:00,14749200,0.1,0.5,0.3
6/20/2011 19:00,14752800,0,0.3,0.1
6/20/2011 20:00,14756400,0,0.3,0.1
6/20/2011 21:00,14760000,0.1,0.2,0
6/20/2011 22:00,14763600,0.1,0.2,0
6/20/2011 23:00,14767200,0.1,0.1,0
6/21/2011 0:00,14770800,0.2,0.05,0
6/21/2011 1:00,14774400,0,0.05,0
6/21/2011 2:00,14778000,0.1,0.05,0
6/21/2011 3:00,14781600,0.1,0.05,0
6/21/2011 4:00,14785200,0,0.05,0
6/21/2011 5:00,14788800,0.1,0.05,0
6/21/2011 6:00,14792400,0,0.1,0
6/21/2011 7:00,14796000,0,0.1,0.1
6/21/2011 8:00,14799600,0.1,0.3,0.2
6/21/2011 9:00,14803200,0.1,0.9,1
6/21/2011 10:00,14806800,0.1,0.9,1
6/21/2011 11:00,14810400,0.1,0.9,1
6/21/2011 12:00,14814000,0,0.9,1
6/21/2011 13:00,14817600,0,0.9,0.5
6/21/2011 14:00,14821200,0.1,0.9,1
6/21/2011 15:00,14824800,0,0.9,1
6/21/2011 16:00,14828400,0,0.9,1
6/21/2011 17:00,14832000,0.2,0.9,1
6/21/2011 18:00,14835600,0.1,0.5,0.3
6/21/2011 19:00,14839200,0,0.3,0.1
6/21/2011 20:00,14842800,0,0.3,0.1
6/21/2011 21:00,14846400,0,0.2,0
6/21/2011 22:00,14850000,0,0.2,0
6/21/2011 23:00,14853600,0,0.1,0
6/22/2011 0:00,14857200,0,0.05,0
6/22/2011 1:00,14860800,0.1,0.05,0
6/22/2011 2:00,14864400,0.1,0.05,0
6/22/2011 3:00,14868000,0.3,0.05,0
6/22/2011 4:00,14871600,0.4,0.05,0
6/22/2011 5:00,14875200,0.2,0.05,0
6/22/2011 6:00,14878800,0.1,0.1,0
6/22/2011 7:00,14882400,0,0.1,0.1
6/22/2011 8:00,14886000,0.4,0.3,0.2
6/22/2011 9:00,14889600,1.1,0.9,1
6/22/2011 10:00,14893200,2.3,0.9,1
6/22/2011 11:00,14896800,0.9,0.9,1
6/22/2011 12:00,14900400,0.2,0.9,1
6/22/2011 13:00,14904000,0,0.9,0.5
6/22/2011 14:00,14907600,0,0.9,1
6/22/2011 15:00,14911200,0.2,0.9,1
6/22/2011 16:00,14914800,0.1,0.9,1
6/22/2011 17:00,14918400,0.2,0.9,1
6/22/2011 18:00,14922000,0.2,0.5,0.3
6/22/2011 19:00,14925600,0.1,0.3,0.1
6/22/2011 20:00,14929200,0.1,0.3,0.1
6/22/2011 21:00,14932800,0.2,0.2,0
6/22/2011 22:00,14936400,0.1,0.2,0
6/22/2011 23:00,14940000,0.1,0.1,0
6/23/2011 0:00,14943600,0.3,0.05,0
6/23/2011 1:00,14947200,0.1,0.05,0
6/23/2011 2:00,14950800,0.5,0.05,0
6/23/2011 3:00,14954400,0.4,0.05,0
6/23/2011 4:00,14958000,1.2,0.05,0
6/23/2011 5:00,14961600,2.5,0.05,0
6/23/2011 6:00,14965200,1.8,0.05,0
6/23/2011 7:00,14968800,2,0.1,0.1
6/23/2011 8:00,14972400,0.6,0.1,0.1
6/23/2011 9:00,14976000,0,0.3,0.3
6/23/2011 10:00,14979600,0,0.3,0.3
6/23/2011 11:00,14983200,0.1,0.3,0.3
6/23/2011 12:00,14986800,0.2,0.3,0.3
6/23/2011 13:00,14990400,0.3,0.15,0.1
6/23/2011 14:00,14994000,1,0.15,0.1
6/23/2011 15:00,14997600,0.1,0.15,0.1
6/23/2011 16:00,15001200,0,0.15,0.1
6/23/2011 17:00,15004800,0,0.15,0.1
6/23/2011 18:00,15008400,0,0.05,0
6/23/2011 19:00,15012000,0,0.05,0
6/23/2011 20:00,15015600,0,0.05,0
6/23/2011 21:00,15019200,0,0.05,0
6/23/2011 22:00,15022800,0,0.05,0
6/23/2011 23:00,15026400,0,0.05,0
6/24/2011 0:00,15030000,0,0.05,0
6/24/2011 1:00,15033600,0,0,0
6/24/2011 2:00,15037200,0,0,0
6/24/2011 3:00,15040800,0,0,0
6/24/2011 4:00,15044400,0,0,0
6/24/2011 5:00,15048000,0,0,0
6/24/2011 6:00,15051600,0,0,0
6/24/2011 7:00,15055200,0,0,0
6/24/2011 8:00,15058800,0.1,0,0
6/24/2011 9:00,15062400,0.5,0,0
6/24/2011 10:00,15066000,0.3,0,0
6/24/2011 11:00,15069600,0.2,0,0
6/24/2011 12:00,15073200,0.3,0,0
6/24/2011 13:00,15076800,1.4,0,0
6/24/2011 14:00,15080400,0.3,0,0
6/24/2011 15:00,15084000,0.3,0,0
6/24/2011 16:00,15087600,0.5,0,0
6/24/2011 17:00,15091200,0.3,0,0
6/24/2011 18:00,15094800,0,0,0
6/24/2011 19:00,15098400,0,0,0
6/24/2011 20:00,15102000,0,0,0
6/24/2011 21:00,15105600,0,0,0
6/24/2011 22:00,15109200,0,0,0
6/24/2011 23:00,15112800,0,0,0
6/25/2011 0:00,15116400,0.2,0,0
6/25/2011 1:00,15120000,0.3,0.05,0
6/25/2011 2:00,15123600,0,0.05,0
6/25/2011 3:00,15127200,0.2,0.05,0
6/25/2011 4:00,15130800,0.4,0.05,0
6/25/2011 5:00,15134400,1.4,0.05,0
6/25/2011 6:00,15138000,0.9,0.1,0
6/25/2011 7:00,15141600,0.2,0.1,0.1
6/25/2011 8:00,15145200,0.4,0.3,0.2
6/25/2011 9:00,15148800,0.6,0.9,1
6/25/2011 10:00,15152400,0.3,0.9,1
6/25/2011 11:00,15156000,0.5,0.9,1
6/25/2011 12:00,15159600,0.1,0.9,1
6/25/2011 13:00,15163200,0.1,0.9,0.5
6/25/2011 14:00,15166800,0.1,0.9,1
6/25/2011 15:00,15170400,0.3,0.9,1
6/25/2011 16:00,15174000,0.1,0.9,1
6/25/2011 17:00,15177600,0,0.9,1
6/25/2011 18:00,15181200,0,0.5,0.3
6/25/2011 19:00,15184800,0,0.3,0.1
6/25/2011 20:00,15188400,0,0.3,0.1
6/25/2011 21:00,15192000,0,0.2,0
6/25/2011 22:00,15195600,0.4,0.2,0
6/25/2011 23:00,15199200,0.4,0.1,0
6/26/2011 0:00,15202800,0,0.05,0
6/26/2011 1:00,15206400,0,0.05,0
6/26/2011 2:00,15210000,0.7,0.05,0
6/26/2011 3:00,15213600,0.4,0.05,0
6/26/2011 4:00,15217200,0.5,0.05,0
6/26/2011 5:00,15220800,0.6,0.05,0
6/26/2011 6:00,15224400,1.7,0.1,0
6/26/2011 7:00,15228000,1.6,0.1,0.1
6/26/2011 8:00,15231600,0.3,0.3,0.2
6/26/2011 9:00,15235200,0.1,0.9,1
6/26/2011 10:00,15238800,0.2,0.9,1
6/26/2011 11:00,15242400,0.1,0.9,1
6/26/2011 12:00,15246000,0.2,0.9,1
6/26/2011 13:00,15249600,0.5,0.9,0.5
6/26/2011 14:00,15253200,0.2,0.9,1
6/26/2011 15:00,15256800,0.3,0.9,1
6/26/2011 16:00,15260400,0.1,0.9,1
6/26/2011 17:00,15264000,0.1,0.9,1
6/26/2011 18:00,15267600,0.2,0.5,0.3
6/26/2011 19:00,15271200,0.1,0.3,0.1
6/26/2011 20:00,15274800,0,0.3,0.1
6/26/2011 21:00,15278400,0.1,0.2,0
6/26/2011 22:00,15282000,0,0.2,0
6/26/2011 23:00,15285600,0,0.1,0
6/27/2011 0:00,15289200,0,0.05,0
6/27/2011 1:00,15292800,0,0.05,0
6/27/2011 2:00,15296400,0,0.05,0
6/27/2011 3:00,15300000,0,0.05,0
6/27/2011 4:00,15303600,0,0.05,0
6/27/2011 5:00,15307200,0,0.05,0
6/27/2011 6:00,15310800,0,0.1,0
6/27/2011 7:00,15314400,0,0.1,0.1
6/27/2011 8:00,15318000,0.1,0.3,0.2
6/27/2011 9:00,15321600,0.2,0.9,1
6/27/2011 10:00,15325200,0,0.9,1
6/27/2011 11:00,15328800,0,0.9,1
6/27/2011 12:00,15332400,0,0.9,1
6/27/2011 13:00,15336000,0.1,0.9,0.5
6/27/2011 14:00,15339600,0.1,0.9,1
6/27/2011 15:00,15343200,0.1,0.9,1
6/27/2011 16:00,15346800,0,0.9,1
6/27/2011 17:00,15350400,0,0.9,1
6/27/2011 18:00,15354000,0,0.5,0.3
6/27/2011 19:00,15357600,0,0.3,0.1
6/27/2011 20:00,15361200,0,0.3,0.1
6/27/2011 21:00,15364800,0,0.2,0
6/27/2011 22:00,15368400,0,0.2,0
6/27/2011 23:00,15372000,0,0.1,0
6/28/2011 0:00,15375600,0.1,0.05,0
6/28/2011 1:00,15379200,0,0.05,0
6/28/2011 2:00,15382800,0,0.05,0
6/28/2011 3:00,15386400,0,0.05,0
6/28/2011 4:00,15390000,0,0.05,0
6/28/2011 5:00,15393600,0.1,0.05,0
6/28/2011 6:00,15397200,0,0.1,0
6/28/2011 7:00,15400800,0.2,0.1,0.1
6/28/2011 8:00,15404400,0,0.3,0.2
6/28/2011 9:00,15408000,0.2,0.9,1
6/28/2011 10:00,15411600,0.9,0.9,1
6/28/2011 11:00,15415200,1.5,0.9,1
6/28/2011 12:00,15418800,0.6,0.9,1
6/28/2011 13:00,15422400,0.2,0.9,0.5
6/28/2011 14:00,15426000,0.1,0.9,1
6/28/2011 15:00,15429600,0,0.9,1
6/28/2011 16:00,15433200,0,0.9,1
6/28/2011 17:00,15436800,0.5,0.9,1
6/28/2011 18:00,15440400,0,0.5,0.3
6/28/2011 19:00,15444000,0,0.3,0.1
6/28/2011 20:00,15447600,0,0.3,0.1
6/28/2011 21:00,15451200,0,0.2,0
6/28/2011 22:00,15454800,0,0.2,0
6/28/2011 23:00,15458400,0,0.1,0
6/29/2011 0:00,15462000,0,0.05,0
6/29/2011 1:00,15465600,0,0.05,0
6/29/2011 2:00,15469200,0,0.05,0
6/29/2011 3:00,15472800,0.1,0.05,0
6/29/2011 4:00,15476400,0.1,0.05,0
6/29/2011 5:00,15480000,0.6,0.05,0
6/29/2011 6:00,15483600,2.9,0.1,0
6/29/2011 7:00,15487200,0.5,0.1,0.1
6/29/2011 8:00,15490800,0.1,0.3,0.2
6/29/2011 9:00,15494400,0.3,0.9,1
6/29/2011 10:00,15498000,0.1,0.9,1
6/29/2011 11:00,15501600,0,0.9,1
6/29/2011 12:00,15505200,0,0.9,1
6/29/2011 13:00,15508800,0,0.9,0.5
6/29/2011 14:00,15512400,0,0.9,1
6/29/2011 15:00,15516000,0.7,0.9,1
6/29/2011 16:00,15519600,0.1,0.9,1
6/29/2011 17:00,15523200,0,0.9,1
6/29/2011 18:00,15526800,0,0.5,0.3
6/29/2011 19:00,15530400,0,0.3,0.1
6/29/2011 20:00,15534000,0,0.3,0.1
6/29/2011 21:00,15537600,0.9,0.2,0
6/29/2011 22:00,15541200,2.5,0.2,0
6/29/2011 23:00,15544800,1.2,0.1,0
6/30/2011 0:00,15548400,0,0.05,0
6/30/2011 1:00,15552000,0,0.05,0
6/30/2011 2:00,15555600,0,0.05,0
6/30/2011 3:00,15559200,0,0.05,0
6/30/2011 4:00,15562800,0,0.05,0
6/30/2011 5:00,15566400,0.1,0.05,0
6/30/2011 6:00,15570000,0.5,0.05,0
6/30/2011 7:00,15573600,0.7,0.1,0.1
6/30/2011 8:00,15577200,1,0.1,0.1
6/30/2011 9:00,15580800,0.1,0.3,0.3
6/30/2011 10:00,15584400,0.1,0.3,0.3
6/30/2011 11:00,15588000,0.2,0.3,0.3
6/30/2011 12:00,15591600,0.3,0.3,0.3
6/30/2011 13:00,15595200,0.3,0.15,0.1
6/30/2011 14:00,15598800,0.1,0.15,0.1
6/30/2011 15:00,15602400,0.9,0.15,0.1
6/30/2011 16:00,15606000,0.3,0.15,0.1
6/30/2011 17:00,15609600,0.1,0.15,0.1
6/30/2011 18:00,15613200,0,0.05,0
6/30/2011 19:00,15616800,0,0.05,0
6/30/2011 20:00,15620400,0,0.05,0
6/30/2011 21:00,15624000,0,0.05,0
6/30/2011 22:00,15627600,0,0.05,0
6/30/2011 23:00,15631200,0.1,0.05,0
7/1/2011 0:00,15634800,0.3,0.05,0
7/1/2022 1:00,15638400,0,0,0
7/1/2022 2:00,15642000,0,0,0
7/1/2022 3:00,15645600,0,0,0
7/1/2022 4:00,15649200,0,0,0
7/1/2022 5:00,15652800,0,0,0
7/1/2022 6:00,15656400,0,0,0
7/1/2022 7:00,15660000,0,0,0
7/1/2022 8:00,15663600,0,0,0
7/1/2022 9:00,15667200,0,0,0
7/1/2022 10:00,15670800,0,0,0
7/1/2022 11:00,15674400,0,0,0
7/1/2022 12:00,15678000,0,0,0
7/1/2022 13:00,15681600,0.1,0,0
7/1/2022 14:00,15685200,0.1,0,0
7/1/2022 15:00,15688800,0,0,0
7/1/2022 16:00,15692400,0,0,0
7/1/2022 17:00,15696000,0,0,0
7/1/2022 18:00,15699600,0,0,0
7/1/2022 19:00,15703200,0,0,0
7/1/2022 20:00,15706800,0,0,0
7/1/2022 21:00,15710400,0,0,0
7/1/2022 22:00,15714000,0,0,0
7/1/2022 23:00,15717600,0,0,0
7/2/2022 0:00,15721200,0,0,0
7/2/2022 1:00,15724800,0,0.05,0
7/2/2022 2:00,15728400,0,0.05,0
7/2/2022 3:00,15732000,0,0.05,0
7/2/2022 4:00,15735600,0,0.05,0
7/2/2022 5:00,15739200,0,0.05,0
7/2/2022 6:00,15742800,0,0.1,0
7/2/2022 7:00,15746400,0,0.1,0.1
7/2/2022 8:00,15750000,0,0.3,0.2
7/2/2022 9:00,15753600,0,0.9,1
7/2/2022 10:00,15757200,0,0.9,1
7/2/2022 11:00,15760800,0,0.9,1
7/2/2022 12:00,15764400,0,0.9,1
7/2/2022 13:00,15768000,0,0.9,0.5
7/2/2022 14:00,15771600,0,0.9,1
7/2/2022 15:00,15775200,0,0.9,1
7/2/2022 16:00,15778800,0,0.9,1
7/2/2022 17:00,15782400,0,0.9,1
7/2/2022 18:00,15786000,0,0.5,0.3
7/2/2022 19:00,15789600,0,0.3,0.1
7/2/2022 20:00,15793200,0,0.3,0.1
7/2/2022 21:00,15796800,0,0.2,0
7/2/2022 22:00,15800400,0,0.2,0
7/2/2022 23:00,15804000,0,0.1,0
7/3/2022 0:00,15807600,0,0.05,0
7/3/2022 1:00,15811200,0,0.05,0
7/3/2022 2:00,15814800,0,0.05,0
7/3/2022 3:00,15818400,0,0.05,0
7/3/2022 4:00,15822000,0,0.05,0
7/3/2022 5:00,15825600,0,0.05,0
7/3/2022 6:00,15829200,0,0.1,0
7/3/2022 7:00,15832800,0,0.1,0.1
7/3/2022 8:00,15836400,0,0.3,0.2
7/3/2022 9:00,15840000,0.1,0.9,1
7/3/2022 10:00,15843600,0,0.9,1
7/3/2022 11:00,15847200,0,0.9,1
7/3/2022 12:00,15850800,0,0.9,1
7/3/2022 13:00,15854400,0,0.9,0.5
7/3/2022 14:00,15858000,0,0.9,1
7/3/2022 15:00,15861600,0,0.9,1
7/3/2022 16:00,15865200,0,0.9,1
7/3/2022 17:00,15868800,0,0.9,1
7/3/2022 18:00,15872400,0,0.5,0.3
7/3/2022 19:00,15876000,0,0.3,0.1
7/3/2022 20:00,15879600,0,0.3,0.1
7/3/2022 21:00,15883200,0,0.2,0
7/3/2022 22:00,15886800,0,0.2,0
7/3/2022 23:00,15890400,0,0.1,0
7/4/2022 0:00,15894000,0,0.05,0
7/4/2022 1:00,15897600,0,0.05,0
7/4/2022 2:00,15901200,0,0.05,0
7/4/2022 3:00,15904800,0,0.05,0
7/4/2022 4:00,15908400,0,0.05,0
7/4/2022 5:00,15912000,0,0.05,0
7/4/2022 6:00,15915600,0,0.1,0
7/4/2022 7:00,15919200,0,0.1,0.1
7/4/2022 8:00,15922800,0,0.3,0.2
7/4/2022 9:00,15926400,0,0.9,1
7/4/2022 10:00,15930000,0,0.9,1
7/4/2022 11:00,15933600,0,0.9,1
7/4/2022 12:00,15937200,0,0.9,1
7/4/2022 13:00,15940800,0.1,0.9,0.5
7/4/2022 14:00,15944400,0,0.9,1
7/4/2022 15:00,15948000,0,0.9,1
7/4/2022 16:00,15951600,0,0.9,1
7/4/2022 17:00,15955200,0,0.9,1
7/4/2022 18:00,15958800,0,0.5,0.3
7/4/2022 19:00,15962400,0,0.3,0.1
7/4/2022 20:00,15966000,0,0.3,0.1
7/4/2022 21:00,15969600,0,0.2,0
7/4/2022 22:00,15973200,0,0.2,0
7/4/2022 23:00,15976800,0,0.1,0
7/5/2022 0:00,15980400,0,0.05,0
7/5/2022 1:00,15984000,0,0.05,0
7/5/2022 2:00,15987600,0,0.05,0
7/5/2022 3:00,15991200,0,0.05,0
7/5/2022 4:00,15994800,0,0.05,0
7/5/2022 5:00,15998400,0.2,0.05,0
7/5/2022 6:00,16002000,0,0.1,0
7/5/2022 7:00,16005600,0.1,0.1,0.1
7/5/2022 8:00,16009200,0.2,0.3,0.2
7/5/2022 9:00,16012800,0.1,0.9,1
7/5/2022 10:00,16016400,1,0.9,1
7/5/2022 11:00,16020000,3.2,0.9,1
7/5/2022 12:00,16023600,4.8,0.9,1
7/5/2022 13:00,16027200,0.8,0.9,0.5
7/5/2022 14:00,16030800,0,0.9,1
7/5/2022 15:00,16034400,0.7,0.9,1
7/5/2022 16:00,16038000,0.2,0.9,1
7/5/2022 17:00,16041600,0.1,0.9,1
7/5/2022 18:00,16045200,0,0.5,0.3
7/5/2022 19:00,16048800,0,0.3,0.1
7/5/2022 20:00,16052400,0,0.3,0.1
7/5/2022 21:00,16056000,0,0.2,0
7/5/2022 22:00,16059600,0,0.2,0
7/5/2022 23:00,16063200,0.2,0.1,0
7/6/2022 0:00,16066800,0,0.05,0
7/6/2022 1:00,16070400,0,0.05,0
7/6/2022 2:00,16074000,0,0.05,0
7/6/2022 3:00,16077600,0,0.05,0
7/6/2022 4:00,16081200,0,0.05,0
7/6/2022 5:00,16084800,0.1,0.05,0
7/6/2022 6:00,16088400,0,0.1,0
7/6/2022 7:00,16092000,0,0.1,0.1
7/6/2022 8:00,16095600,0,0.3,0.2
7/6/2022 9:00,16099200,0.2,0.9,1
7/6/2022 10:00,16102800,0.1,0.9,1
7/6/2022 11:00,16106400,0.7,0.9,1
7/6/2022 12:00,16110000,2.6,0.9,1
7/6/2022 13:00,16113600,0.5,0.9,0.5
7/6/2022 14:00,16117200,0.6,0.9,1
7/6/2022 15:00,16120800,0.1,0.9,1
7/6/2022 16:00,16124400,0.1,0.9,1
7/6/2022 17:00,16128000,0.3,0.9,1
7/6/2022 18:00,16131600,0,0.5,0.3
7/6/2022 19:00,16135200,0,0.3,0.1
7/6/2022 20:00,16138800,0,0.3,0.1
7/6/2022 21:00,16142400,0,0.2,0
7/6/2022 22:00,16146000,0,0.2,0
7/6/2022 23:00,16149600,0.1,0.1,0
7/7/2022 0:00,16153200,0,0.05,0
7/7/2022 1:00,16156800,0,0.05,0
7/7/2022 2:00,16160400,0,0.05,0
7/7/2022 3:00,16164000,0,0.05,0
7/7/2022 4:00,16167600,0,0.05,0
7/7/2022 5:00,16171200,0,0.05,0
7/7/2022 6:00,16174800,0,0.05,0
7/7/2022 7:00,16178400,0,0.1,0.1
7/7/2022 8:00,16182000,0,0.1,0.1
7/7/2022 9:00,16185600,0,0.3,0.3
7/7/2022 10:00,16189200,0,0.3,0.3
7/7/2022 11:00,16192800,0,0.3,0.3
7/7/2022 12:00,16196400,0.1,0.3,0.3
7/7/2022 13:00,16200000,0.1,0.15,0.1
7/7/2022 14:00,16203600,0.1,0.15,0.1
7/7/2022 15:00,16207200,0.1,0.15,0.1
7/7/2022 16:00,16210800,0.1,0.15,0.1
7/7/2022 17:00,16214400,0.1,0.15,0.1
7/7/2022 18:00,16218000,0.1,0.05,0
7/7/2022 19:00,16221600,0.1,0.05,0
7/7/2022 20:00,16225200,0,0.05,0
7/7/2022 21:00,16228800,0,0.05,0
7/7/2022 22:00,16232400,0,0.05,0
7/7/2022 23:00,16236000,0,0.05,0
7/8/2022 0:00,16239600,0,0.05,0
7/8/2022 1:00,16243200,0,0,0
7/8/2022 2:00,16246800,0,0,0
7/8/2022 3:00,16250400,0.4,0,0
7/8/2022 4:00,16254000,0.8,0,0
7/8/2022 5:00,16257600,1.4,0,0
7/8/2022 6:00,16261200,0.9,0,0
7/8/2022 7:00,16264800,0,0,0
7/8/2022 8:00,16268400,0,0,0
7/8/2022 9:00,16272000,0,0,0
7/8/2022 10:00,16275600,0,0,0
7/8/2022 11:00,16279200,0.1,0,0
7/8/2022 12:00,16282800,0.1,0,0
7/8/2022 13:00,16286400,0.2,0,0
7/8/2022 14:00,16290000,0.2,0,0
7/8/2022 15:00,16293600,0,0,0
7/8/2022 16:00,16297200,0,0,0
7/8/2022 17:00,16300800,0,0,0
7/8/2022 18:00,16304400,0,0,0
7/8/2022 19:00,16308000,0,0,0
7/8/2022 20:00,16311600,0,0,0
7/8/2022 21:00,16315200,0,0,0
7/8/2022 22:00,16318800,0,0,0
7/8/2022 23:00,16322400,0,0,0
7/9/2022 0:00,16326000,0.1,0,0
7/9/2022 1:00,16329600,0.1,0.05,0
7/9/2022 2:00,16333200,0,0.05,0
7/9/2022 3:00,16336800,0,0.05,0
7/9/2022 4:00,16340400,0.5,0.05,0
7/9/2022 5:00,16344000,0,0.05,0
7/9/2022 6:00,16347600,0,0.1,0
7/9/2022 7:00,16351200,0,0.1,0.1
7/9/2022 8:00,16354800,0,0.3,0.2
7/9/2022 9:00,16358400,0,0.9,1
7/9/2022 10:00,16362000,0,0.9,1
7/9/2022 11:00,16365600,0,0.9,1
7/9/2022 12:00,16369200,0.1,0.9,1
7/9/2022 13:00,16372800,0.6,0.9,0.5
7/9/2022 14:00,16376400,1.4,0.9,1
7/9/2022 15:00,16380000,0,0.9,1
7/9/2022 16:00,16383600,0.1,0.9,1
7/9/2022 17:00,16387200,0,0.9,1
7/9/2022 18:00,16390800,0.1,0.5,0.3
7/9/2022 19:00,16394400,0,0.3,0.1
7/9/2022 20:00,16398000,0,0.3,0.1
7/9/2022 21:00,16401600,0,0.2,0
7/9/2022 22:00,16405200,0,0.2,0
7/9/2022 23:00,16408800,0,0.1,0
7/10/2022 0:00,16412400,0.1,0.05,0
7/10/2022 1:00,16416000,0,0.05,0
7/10/2022 2:00,16419600,0,0.05,0
7/10/2022 3:00,16423200,0,0.05,0
7/10/2022 4:00,16426800,0,0.05,0
7/10/2022 5:00,16430400,0,0.05,0
7/10/2022 6:00,16434000,0,0.1,0
7/10/2022 7:00,16437600,0,0.1,0.1
7/10/2022 8:00,16441200,0,0.3,0.2
7/10/2022 9:00,16444800,0,0.9,1
7/10/2022 10:00,16448400,0,0.9,1
7/10/2022 11:00,16452000,0.1,0.9,1
7/10/2022 12:00,16455600,0,0.9,1
7/10/2022 13:00,16459200,0.1,0.9,0.5
7/10/2022 14:00,16462800,0,0.9,1
7/10/2022 15:00,16466400,0,0.9,1
7/10/2022 16:00,16470000,0,0.9,1
7/10/2022 17:00,16473600,0,0.9,1
7/10/2022 18:00,16477200,0,0.5,0.3
7/10/2022 19:00,16480800,0,0.3,0.1
7/10/2022 20:00,16484400,0,0.3,0.1
7/10/2022 21:00,16488000,0,0.2,0
7/10/2022 22:00,16491600,0.1,0.2,0
7/10/2022 23:00,16495200,0.1,0.1,0
7/11/2022 0:00,16498800,0,0.05,0
7/11/2022 1:00,16502400,0,0.05,0
7/11/2022 2:00,16506000,0,0.05,0
7/11/2022 3:00,16509600,0,0.05,0
7/11/2022 4:00,16513200,0,0.05,0
7/11/2022 5:00,16516800,0,0.05,0
7/11/2022 6:00,16520400,0,0.1,0
7/11/2022 7:00,16524000,0,0.1,0.1
7/11/2022 8:00,16527600,0,0.3,0.2
7/11/2022 9:00,16531200,0,0.9,1
7/11/2022 10:00,16534800,0,0.9,1
7/11/2022 11:00,16538400,0.1,0.9,1
7/11/2022 12:00,16542000,0.8,0.9,1
7/11/2022 13:00,16545600,0.6,0.9,0.5
7/11/2022 14:00,16549200,0.2,0.9,1
7/11/2022 15:00,16552800,0,0.9,1
7/11/2022 16:00,16556400,0,0.9,1
7/11/2022 17:00,16560000,0,0.9,1
7/11/2022 18:00,16563600,0,0.5,0.3
7/11/2022 19:00,16567200,0,0.3,0.1
7/11/2022 20:00,16570800,0,0.3,0.1
7/11/2022 21:00,16574400,0,0.2,0
7/11/2022 22:00,16578000,0,0.2,0
7/11/2022 23:00,16581600,0.1,0.1,0
7/12/2022 0:00,16585200,0.1,0.05,0
7/12/2022 1:00,16588800,0,0.05,0
7/12/2022 2:00,16592400,0.2,0.05,0
7/12/2022 3:00,16596000,0,0.05,0
7/12/2022 4:00,16599600,0.1,0.05,0
7/12/2022 5:00,16603200,0,0.05,0
7/12/2022 6:00,16606800,0.1,0.1,0
7/12/2022 7:00,16610400,0.1,0.1,0.1
7/12/2022 8:00,16614000,0.2,0.3,0.2
7/12/2022 9:00,16617600,1.4,0.9,1
7/12/2022 10:00,16621200,1.3,0.9,1
7/12/2022 11:00,16624800,0.8,0.9,1
7/12/2022 12:00,16628400,0.1,0.9,1
7/12/2022 13:00,16632000,0.1,0.9,0.5
7/12/2022 14:00,16635600,0.1,0.9,1
7/12/2022 15:00,16639200,0,0.9,1
7/12/2022 16:00,16642800,0,0.9,1
7/12/2022 17:00,16646400,0,0.9,1
7/12/2022 18:00,16650000,0.2,0.5,0.3
7/12/2022 19:00,16653600,0.1,0.3,0.1
7/12/2022 20:00,16657200,0,0.3,0.1
7/12/2022 21:00,16660800,0.1,0.2,0
7/12/2022 22:00,16664400,0.6,0.2,0
7/12/2022 23:00,16668000,0.1,0.1,0
7/13/2022 0:00,16671600,0,0.05,0
7/13/2022 1:00,16675200,0.1,0.05,0
7/13/2022 2:00,16678800,0.1,0.05,0
7/13/2022 3:00,16682400,0.1,0.05,0
7/13/2022 4:00,16686000,0.2,0.05,0
7/13/2022 5:00,16689600,0.6,0.05,0
7/13/2022 6:00,16693200,1.2,0.1,0
7/13/2022 7:00,16696800,0.4,0.1,0.1
7/13/2022 8:00,16700400,0,0.3,0.2
7/13/2022 9:00,16704000,0,0.9,1
7/13/2022 10:00,16707600,0,0.9,1
7/13/2022 11:00,16711200,0,0.9,1
7/13/2022 12:00,16714800,0.1,0.9,1
7/13/2022 13:00,16718400,0.1,0.9,0.5
7/13/2022 14:00,16722000,0,0.9,1
7/13/2022 15:00,16725600,0,0.9,1
7/13/2022 16:00,16729200,0,0.9,1
7/13/2022 17:00,16732800,0,0.9,1
7/13/2022 18:00,16736400,0,0.5,0.3
7/13/2022 19:00,16740000,0,0.3,0.1
7/13/2022 20:00,16743600,0,0.3,0.1
7/13/2022 21:00,16747200,0.1,0.2,0
7/13/2022 22:00,16750800,0,0.2,0
7/13/2022 23:00,16754400,0,0.1,0
7/14/2022 0:00,16758000,0,0.05,0
7/14/2022 1:00,16761600,0,0.05,0
7/14/2022 2:00,16765200,0,0.05,0
7/14/2022 3:00,16768800,0,0.05,0
7/14/2022 4:00,16772400,0,0.05,0
7/14/2022 5:00,16776000,0,0.05,0
7/14/2022 6:00,16779600,0.1,0.05,0
7/14/2022 7:00,16783200,0.1,0.1,0.1
7/14/2022 8:00,16786800,0.2,0.1,0.1
7/14/2022 9:00,16790400,0,0.3,0.3
7/14/2022 10:00,16794000,0,0.3,0.3
7/14/2022 11:00,16797600,0,0.3,0.3
7/14/2022 12:00,16801200,0,0.3,0.3
7/14/2022 13:00,16804800,0,0.15,0.1
7/14/2022 14:00,16808400,0.3,0.15,0.1
7/14/2022 15:00,16812000,0.4,0.15,0.1
7/14/2022 16:00,16815600,0.6,0.15,0.1
7/14/2022 17:00,16819200,0.1,0.15,0.1
7/14/2022 18:00,16822800,0.6,0.05,0
7/14/2022 19:00,16826400,1.1,0.05,0
7/14/2022 20:00,16830000,0.1,0.05,0
7/14/2022 21:00,16833600,0.9,0.05,0
7/14/2022 22:00,16837200,1.6,0.05,0
7/14/2022 23:00,16840800,0,0.05,0
7/15/2022 0:00,16844400,0,0.05,0
7/15/2022 1:00,16848000,0,0,0
7/15/2022 2:00,16851600,0,0,0
7/15/2022 3:00,16855200,0,0,0
7/15/2022 4:00,16858800,0,0,0
7/15/2022 5:00,16862400,0,0,0
7/15/2022 6:00,16866000,0.1,0,0
7/15/2022 7:00,16869600,0.3,0,0
7/15/2022 8:00,16873200,0.3,0,0
7/15/2022 9:00,16876800,0.1,0,0
7/15/2022 10:00,16880400,0.1,0,0
7/15/2022 11:00,16884000,0.2,0,0
7/15/2022 12:00,16887600,0.2,0,0
7/15/2022 13:00,16891200,0.1,0,0
7/15/2022 14:00,16894800,0.1,0,0
7/15/2022 15:00,16898400,0.5,0,0
7/15/2022 16:00,16902000,0.1,0,0
7/15/2022 17:00,16905600,0.1,0,0
7/15/2022 18:00,16909200,0.1,0,0
7/15/2022 19:00,16912800,0.1,0,0
7/15/2022 20:00,16916400,0.1,0,0
7/15/2022 21:00,16920000,0.1,0,0
7/15/2022 22:00,16923600,0,0,0
7/15/2022 23:00,16927200,0.1,0,0
7/16/2022 0:00,16930800,0.2,0,0
7/16/2022 1:00,16934400,0,0.05,0
7/16/2022 2:00,16938000,0,0.05,0
7/16/2022 3:00,16941600,0,0.05,0
7/16/2022 4:00,16945200,0,0.05,0
7/16/2022 5:00,16948800,0,0.05,0
7/16/2022 6:00,16952400,0,0.1,0
7/16/2022 7:00,16956000,0,0.1,0.1
7/16/2022 8:00,16959600,0,0.3,0.2
7/16/2022 9:00,16963200,0,0.9,1
7/16/2022 10:00,16966800,0,0.9,1
7/16/2022 11:00,16970400,0,0.9,1
7/16/2022 12:00,16974000,0,0.9,1
7/16/2022 13:00,16977600,0,0.9,0.5
7/16/2022 14:00,16981200,0.1,0.9,1
7/16/2022 15:00,16984800,0,0.9,1
7/16/2022 16:00,16988400,0,0.9,1
7/16/2022 17:00,16992000,0,0.9,1
7/16/2022 18:00,16995600,0,0.5,0.3
7/16/2022 19:00,16999200,0,0.3,0.1
7/16/2022 20:00,17002800,0,0.3,0.1
7/16/2022 21:00,17006400,0,0.2,0
7/16/2022 22:00,17010000,0,0.2,0
7/16/2022 23:00,17013600,0,0.1,0
7/17/2022 0:00,17017200,0,0.05,0
7/17/2022 1:00,17020800,0,0.05,0
7/17/2022 2:00,17024400,0,0.05,0
7/17/2022 3:00,17028000,0,0.05,0
7/17/2022 4:00,17031600,0,0.05,0
7/17/2022 5:00,17035200,0,0.05,0
7/17/2022 6:00,17038800,0,0.1,0
7/17/2022 7:00,17042400,0,0.1,0.1
7/17/2022 8:00,17046000,0,0.3,0.2
7/17/2022 9:00,17049600,0,0.9,1
7/17/2022 10:00,17053200,0,0.9,1
7/17/2022 11:00,17056800,0.1,0.9,1
7/17/2022 12:00,17060400,0,0.9,1
7/17/2022 13:00,17064000,0,0.9,0.5
7/17/2022 14:00,17067600,0,0.9,1
7/17/2022 15:00,17071200,0,0.9,1
7/17/2022 16:00,17074800,0,0.9,1
7/17/2022 17:00,17078400,0,0.9,1
7/17/2022 18:00,17082000,0,0.5,0.3
7/17/2022 19:00,17085600,0,0.3,0.1
7/17/2022 20:00,17089200,0,0.3,0.1
7/17/2022 21:00,17092800,0,0.2,0
7/17/2022 22:00,17096400,0,0.2,0
7/17/2022 23:00,17100000,0,0.1,0
7/18/2022 0:00,17103600,0,0.05,0
7/18/2022 1:00,17107200,0,0.05,0
7/18/2022 2:00,17110800,0,0.05,0
7/18/2022 3:00,17114400,0,0.05,0
7/18/2022 4:00,17118000,0,0.05,0
7/18/2022 5:00,17121600,0,0.05,0
7/18/2022 6:00,17125200,0,0.1,0
7/18/2022 7:00,17128800,0,0.1,0.1
7/18/2022 8:00,17132400,0,0.3,0.2
7/18/2022 9:00,17136000,0,0.9,1
7/18/2022 10:00,17139600,0,0.9,1
7/18/2022 11:00,17143200,0,0.9,1
7/18/2022 12:00,17146800,0,0.9,1
7/18/2022 13:00,17150400,0.1,0.9,0.5
7/18/2022 14:00,17154000,0.1,0.9,1
7/18/2022 15:00,17157600,0,0.9,1
7/18/2022 16:00,17161200,0,0.9,1
7/18/2022 17:00,17164800,0,0.9,1
7/18/2022 18:00,17168400,0,0.5,0.3
7/18/2022 19:00,17172000,0,0.3,0.1
7/18/2022 20:00,17175600,0,0.3,0.1
7/18/2022 21:00,17179200,0,0.2,0
7/18/2022 22:00,17182800,0,0.2,0
7/18/2022 23:00,17186400,0,0.1,0
7/19/2022 0:00,17190000,0,0.05,0
7/19/2022 1:00,17193600,0,0.05,0
7/19/2022 2:00,17197200,0,0.05,0
7/19/2022 3:00,17200800,0,0.05,0
7/19/2022 4:00,17204400,0.1,0.05,0
7/19/2022 5:00,17208000,0.3,0.05,0
7/19/2022 6:00,17211600,0.2,0.1,0
7/19/2022 7:00,17215200,0,0.1,0.1
7/19/2022 8:00,17218800,0,0.3,0.2
7/19/2022 9:00,17222400,0.1,0.9,1
7/19/2022 10:00,17226000,0.4,0.9,1
7/19/2022 11:00,17229600,0.1,0.9,1
7/19/2022 12:00,17233200,0.1,0.9,1
7/19/2022 13:00,17236800,0.1,0.9,0.5
7/19/2022 14:00,17240400,0.1,0.9,1
7/19/2022 15:00,17244000,0.1,0.9,1
7/19/2022 16:00,17247600,0.2,0.9,1
7/19/2022 17:00,17251200,0.1,0.9,1
7/19/2022 18:00,17254800,0,0.5,0.3
7/19/2022 19:00,17258400,0.1,0.3,0.1
7/19/2022 20:00,17262000,0.2,0.3,0.1
7/19/2022 21:00,17265600,0.3,0.2,0
7/19/2022 22:00,17269200,1,0.2,0
7/19/2022 23:00,17272800,2.2,0.1,0
7/20/2022 0:00,17276400,1.2,0.05,0
7/20/2022 1:00,17280000,0.8,0.05,0
7/20/2022 2:00,17283600,1.1,0.05,0
7/20/2022 3:00,17287200,1.6,0.05,0
7/20/2022 4:00,17290800,0.1,0.05,0
7/20/2022 5:00,17294400,0.1,0.05,0
7/20/2022 6:00,17298000,0.5,0.1,0
7/20/2022 7:00,17301600,1.7,0.1,0.1
7/20/2022 8:00,17305200,1,0.3,0.2
7/20/2022 9:00,17308800,0.6,0.9,1
7/20/2022 10:00,17312400,1.1,0.9,1
7/20/2022 11:00,17316000,0.5,0.9,1
7/20/2022 12:00,17319600,0.3,0.9,1
7/20/2022 13:00,17323200,0.6,0.9,0.5
7/20/2022 14:00,17326800,1.2,0.9,1
7/20/2022 15:00,17330400,0.1,0.9,1
7/20/2022 16:00,17334000,0.1,0.9,1
7/20/2022 17:00,17337600,0.1,0.9,1
7/20/2022 18:00,17341200,0,0.5,0.3
7/20/2022 19:00,17344800,0.1,0.3,0.1
7/20/2022 20:00,17348400,0.1,0.3,0.1
7/20/2022 21:00,17352000,0,0.2,0
7/20/2022 22:00,17355600,0.1,0.2,0
7/20/2022 23:00,17359200,0,0.1,0
7/21/2022 0:00,17362800,0,0.05,0
7/21/2022 1:00,17366400,0,0.05,0
7/21/2022 2:00,17370000,0.1,0.05,0
7/21/2022 3:00,17373600,0.5,0.05,0
7/21/2022 4:00,17377200,1,0.05,0
7/21/2022 5:00,17380800,1.3,0.05,0
7/21/2022 6:00,17384400,0.6,0.05,0
7/21/2022 7:00,17388000,0.2,0.1,0.1
7/21/2022 8:00,17391600,0,0.1,0.1
7/21/2022 9:00,17395200,0.1,0.3,0.3
7/21/2022 10:00,17398800,0.1,0.3,0.3
7/21/2022 11:00,17402400,0.2,0.3,0.3
7/21/2022 12:00,17406000,0.2,0.3,0.3
7/21/2022 13:00,17409600,0.1,0.15,0.1
7/21/2022 14:00,17413200,0.6,0.15,0.1
7/21/2022 15:00,17416800,0.4,0.15,0.1
7/21/2022 16:00,17420400,0.2,0.15,0.1
7/21/2022 17:00,17424000,0.1,0.15,0.1
7/21/2022 18:00,17427600,0.1,0.05,0
7/21/2022 19:00,17431200,0,0.05,0
7/21/2022 20:00,17434800,0,0.05,0
7/21/2022 21:00,17438400,0.1,0.05,0
7/21/2022 22:00,17442000,0.6,0.05,0
7/21/2022 23:00,17445600,0.5,0.05,0
7/22/2022 0:00,17449200,0.1,0.05,0
7/22/2022 1:00,17452800,0.5,0,0
7/22/2022 2:00,17456400,0.9,0,0
7/22/2022 3:00,17460000,0.1,0,0
7/22/2022 4:00,17463600,0.5,0,0
7/22/2022 5:00,17467200,0.9,0,0
7/22/2022 6:00,17470800,0.6,0,0
7/22/2022 7:00,17474400,1.3,0,0
7/22/2022 8:00,17478000,1.4,0,0
7/22/2022 9:00,17481600,0.5,0,0
7/22/2022 10:00,17485200,0.1,0,0
7/22/2022 11:00,17488800,0.1,0,0
7/22/2022 12:00,17492400,0.1,0,0
7/22/2022 13:00,17496000,0.1,0,0
7/22/2022 14:00,17499600,0.1,0,0
7/22/2022 15:00,17503200,0.1,0,0
7/22/2022 16:00,17506800,0,0,0
7/22/2022 17:00,17510400,0.4,0,0
7/22/2022 18:00,17514000,0.1,0,0
7/22/2022 19:00,17517600,0,0,0
7/22/2022 20:00,17521200,0,0,0
7/22/2022 21:00,17524800,0,0,0
7/22/2022 22:00,17528400,0,0,0
7/22/2022 23:00,17532000,0,0,0
7/23/2022 0:00,17535600,0,0,0
7/23/2022 1:00,17539200,0,0.05,0
7/23/2022 2:00,17542800,0,0.05,0
7/23/2022 3:00,17546400,0,0.05,0
7/23/2022 4:00,17550000,0,0.05,0
7/23/2022 5:00,17553600,0,0.05,0
7/23/2022 6:00,17557200,0,0.1,0
7/23/2022 7:00,17560800,0,0.1,0.1
7/23/2022 8:00,17564400,0,0.3,0.2
7/23/2022 9:00,17568000,0,0.9,1
7/23/2022 10:00,17571600,0,0.9,1
7/23/2022 11:00,17575200,0,0.9,1
7/23/2022 12:00,17578800,0,0.9,1
7/23/2022 13:00,17582400,0.1,0.9,0.5
7/23/2022 14:00,17586000,0.1,0.9,1
7/23/2022 15:00,17589600,1.5,0.9,1
7/23/2022 16:00,17593200,1.5,0.9,1
7/23/2022 17:00,17596800,0.2,0.9,1
7/23/2022 18:00,17600400,0.1,0.5,0.3
7/23/2022 19:00,17604000,0,0.3,0.1
7/23/2022 20:00,17607600,0,0.3,0.1
7/23/2022 21:00,17611200,0,0.2,0
7/23/2022 22:00,17614800,0.1,0.2,0
7/23/2022 23:00,17618400,0.2,0.1,0
7/24/2022 0:00,17622000,0.2,0.05,0
7/24/2022 1:00,17625600,0.2,0.05,0
7/24/2022 2:00,17629200,0.3,0.05,0
7/24/2022 3:00,17632800,0.1,0.05,0
7/24/2022 4:00,17636400,0,0.05,0
7/24/2022 5:00,17640000,0.1,0.05,0
7/24/2022 6:00,17643600,0.1,0.1,0
7/24/2022 7:00,17647200,0.2,0.1,0.1
7/24/2022 8:00,17650800,0.4,0.3,0.2
7/24/2022 9:00,17654400,0.3,0.9,1
7/24/2022 10:00,17658000,0.1,0.9,1
7/24/2022 11:00,17661600,0.1,0.9,1
7/24/2022 12:00,17665200,0.1,0.9,1
7/24/2022 13:00,17668800,0.1,0.9,0.5
7/24/2022 14:00,17672400,0.1,0.9,1
7/24/2022 15:00,17676000,0.1,0.9,1
7/24/2022 16:00,17679600,1.7,0.9,1
7/24/2022 17:00,17683200,1.4,0.9,1
7/24/2022 18:00,17686800,0.2,0.5,0.3
7/24/2022 19:00,17690400,0,0.3,0.1
7/24/2022 20:00,17694000,0,0.3,0.1
7/24/2022 21:00,17697600,0,0.2,0
7/24/2022 22:00,17701200,0.1,0.2,0
7/24/2022 23:00,17704800,0.4,0.1,0
7/25/2022 0:00,17708400,0.9,0.05,0
7/25/2022 1:00,17712000,0.7,0.05,0
7/25/2022 2:00,17715600,0.5,0.05,0
7/25/2022 3:00,17719200,0.5,0.05,0
7/25/2022 4:00,17722800,0.3,0.05,0
7/25/2022 5:00,17726400,0.3,0.05,0
7/25/2022 6:00,17730000,0.3,0.1,0
7/25/2022 7:00,17733600,0.1,0.1,0.1
7/25/2022 8:00,17737200,0.4,0.3,0.2
7/25/2022 9:00,17740800,0.4,0.9,1
7/25/2022 10:00,17744400,0.6,0.9,1
7/25/2022 11:00,17748000,0.7,0.9,1
7/25/2022 12:00,17751600,0.3,0.9,1
7/25/2022 13:00,17755200,1.4,0.9,0.5
7/25/2022 14:00,17758800,3.2,0.9,1
7/25/2022 15:00,17762400,0.2,0.9,1
7/25/2022 16:00,17766000,0.8,0.9,1
7/25/2022 17:00,17769600,0.4,0.9,1
7/25/2022 18:00,17773200,0,0.5,0.3
7/25/2022 19:00,17776800,0,0.3,0.1
7/25/2022 20:00,17780400,0,0.3,0.1
7/25/2022 21:00,17784000,0,0.2,0
7/25/2022 22:00,17787600,0,0.2,0
7/25/2022 23:00,17791200,0,0.1,0
7/26/2022 0:00,17794800,0,0.05,0
7/26/2022 1:00,17798400,0,0.05,0
7/26/2022 2:00,17802000,0,0.05,0
7/26/2022 3:00,17805600,0.6,0.05,0
7/26/2022 4:00,17809200,0.1,0.05,0
7/26/2022 5:00,17812800,0.6,0.05,0
7/26/2022 6:00,17816400,1.2,0.1,0
7/26/2022 7:00,17820000,0.2,0.1,0.1
7/26/2022 8:00,17823600,0,0.3,0.2
7/26/2022 9:00,17827200,0.2,0.9,1
7/26/2022 10:00,17830800,0.8,0.9,1
7/26/2022 11:00,17834400,1,0.9,1
7/26/2022 12:00,17838000,1.7,0.9,1
7/26/2022 13:00,17841600,1.5,0.9,0.5
7/26/2022 14:00,17845200,1.1,0.9,1
7/26/2022 15:00,17848800,0,0.9,1
7/26/2022 16:00,17852400,0,0.9,1
7/26/2022 17:00,17856000,0,0.9,1
7/26/2022 18:00,17859600,0,0.5,0.3
7/26/2022 19:00,17863200,0,0.3,0.1
7/26/2022 20:00,17866800,0,0.3,0.1
7/26/2022 21:00,17870400,0,0.2,0
7/26/2022 22:00,17874000,0,0.2,0
7/26/2022 23:00,17877600,0,0.1,0
7/27/2022 0:00,17881200,0,0.05,0
7/27/2022 1:00,17884800,0,0.05,0
7/27/2022 2:00,17888400,0,0.05,0
7/27/2022 3:00,17892000,0.2,0.05,0
7/27/2022 4:00,17895600,0.1,0.05,0
7/27/2022 5:00,17899200,0.1,0.05,0
7/27/2022 6:00,17902800,0.1,0.1,0
7/27/2022 7:00,17906400,0.3,0.1,0.1
7/27/2022 8:00,17910000,0.2,0.3,0.2
7/27/2022 9:00,17913600,0.2,0.9,1
7/27/2022 10:00,17917200,0.1,0.9,1
7/27/2022 11:00,17920800,0.1,0.9,1
7/27/2022 12:00,17924400,0.1,0.9,1
7/27/2022 13:00,17928000,0.1,0.9,0.5
7/27/2022 14:00,17931600,0,0.9,1
7/27/2022 15:00,17935200,0,0.9,1
7/27/2022 16:00,17938800,0.1,0.9,1
7/27/2022 17:00,17942400,0.1,0.9,1
7/27/2022 18:00,17946000,0.1,0.5,0.3
7/27/2022 19:00,17949600,0,0.3,0.1
7/27/2022 20:00,17953200,0,0.3,0.1
7/27/2022 21:00,17956800,0.2,0.2,0
7/27/2022 22:00,17960400,0.9,0.2,0
7/27/2022 23:00,17964000,0,0.1,0
7/28/2022 0:00,17967600,0.1,0.05,0
7/28/2022 1:00,17971200,0.4,0.05,0
7/28/2022 2:00,17974800,0.6,0.05,0
7/28/2022 3:00,17978400,0.5,0.05,0
7/28/2022 4:00,17982000,0.1,0.05,0
7/28/2022 5:00,17985600,0,0.05,0
7/28/2022 6:00,17989200,0.2,0.05,0
7/28/2022 7:00,17992800,2.2,0.1,0.1
7/28/2022 8:00,17996400,2.4,0.1,0.1
7/28/2022 9:00,18000000,1,0.3,0.3
7/28/2022 10:00,18003600,0.4,0.3,0.3
7/28/2022 11:00,18007200,0.6,0.3,0.3
7/28/2022 12:00,18010800,0.6,0.3,0.3
7/28/2022 13:00,18014400,1.3,0.15,0.1
7/28/2022 14:00,18018000,0.5,0.15,0.1
7/28/2022 15:00,18021600,0,0.15,0.1
7/28/2022 16:00,18025200,0.1,0.15,0.1
7/28/2022 17:00,18028800,0,0.15,0.1
7/28/2022 18:00,18032400,0.2,0.05,0
7/28/2022 19:00,18036000,0,0.05,0
7/28/2022 20:00,18039600,0,0.05,0
7/28/2022 21:00,18043200,0,0.05,0
7/28/2022 22:00,18046800,0,0.05,0
7/28/2022 23:00,18050400,0,0.05,0
7/29/2022 0:00,18054000,0,0.05,0
7/29/2022 1:00,18057600,0,0,0
7/29/2022 2:00,18061200,0,0,0
7/29/2022 3:00,18064800,0,0,0
7/29/2022 4:00,18068400,0,0,0
7/29/2022 5:00,18072000,0,0,0
7/29/2022 6:00,18075600,0,0,0
7/29/2022 7:00,18079200,0,0,0
7/29/2022 8:00,18082800,0,0,0
7/29/2022 9:00,18086400,0.1,0,0
7/29/2022 10:00,18090000,0.8,0,0
7/29/2022 11:00,18093600,0.1,0,0
7/29/2022 12:00,18097200,0.2,0,0
7/29/2022 13:00,18100800,1.4,0,0
7/29/2022 14:00,18104400,1.7,0,0
7/29/2022 15:00,18108000,0.4,0,0
7/29/2022 16:00,18111600,2.4,0,0
7/29/2022 17:00,18115200,1.1,0,0
7/29/2022 18:00,18118800,3.2,0,0
7/29/2022 19:00,18122400,2.7,0,0
7/29/2022 20:00,18126000,0.6,0,0
7/29/2022 21:00,18129600,0,0,0
7/29/2022 22:00,18133200,0,0,0
7/29/2022 23:00,18136800,0,0,0
7/30/2022 0:00,18140400,0,0,0
7/30/2022 1:00,18144000,0,0.05,0
7/30/2022 2:00,18147600,0.1,0.05,0
7/30/2022 3:00,18151200,0.1,0.05,0
7/30/2022 4:00,18154800,0.2,0.05,0
7/30/2022 5:00,18158400,0.1,0.05,0
7/30/2022 6:00,18162000,0,0.1,0
7/30/2022 7:00,18165600,0,0.1,0.1
7/30/2022 8:00,18169200,0,0.3,0.2
7/30/2022 9:00,18172800,0,0.9,1
7/30/2022 10:00,18176400,0,0.9,1
7/30/2022 11:00,18180000,0.1,0.9,1
7/30/2022 12:00,18183600,0.2,0.9,1
7/30/2022 13:00,18187200,2.3,0.9,0.5
7/30/2022 14:00,18190800,1.5,0.9,1
7/30/2022 15:00,18194400,0.4,0.9,1
7/30/2022 16:00,18198000,0.1,0.9,1
7/30/2022 17:00,18201600,0,0.9,1
7/30/2022 18:00,18205200,0,0.5,0.3
7/30/2022 19:00,18208800,0,0.3,0.1
7/30/2022 20:00,18212400,0,0.3,0.1
7/30/2022 21:00,18216000,0,0.2,0
7/30/2022 22:00,18219600,0,0.2,0
7/30/2022 23:00,18223200,0.1,0.1,0
7/31/2022 0:00,18226800,0,0.05,0
7/31/2022 1:00,18230400,0,0.05,0
7/31/2022 2:00,18234000,0.2,0.05,0
7/31/2022 3:00,18237600,0,0.05,0
7/31/2022 4:00,18241200,0.2,0.05,0
7/31/2022 5:00,18244800,0.2,0.05,0
7/31/2022 6:00,18248400,0,0.1,0
7/31/2022 7:00,18252000,0,0.1,0.1
7/31/2022 8:00,18255600,0,0.3,0.2
7/31/2022 9:00,18259200,0.3,0.9,1
7/31/2022 10:00,18262800,0.7,0.9,1
7/31/2022 11:00,18266400,0.9,0.9,1
7/31/2022 12:00,18270000,1.5,0.9,1
7/31/2022 13:00,18273600,0.4,0.9,0.5
7/31/2022 14:00,18277200,0.3,0.9,1
7/31/2022 15:00,18280800,0,0.9,1
7/31/2022 16:00,18284400,0.2,0.9,1
7/31/2022 17:00,18288000,0.2,0.9,1
7/31/2022 18:00,18291600,0.1,0.5,0.3
7/31/2022 19:00,18295200,0,0.3,0.1
7/31/2022 20:00,18298800,0,0.3,0.1
7/31/2022 21:00,18302400,0,0.2,0
7/31/2022 22:00,18306000,0,0.2,0
7/31/2022 23:00,18309600,0,0.1,0
8/1/2022 0:00,18313200,0,0.05,0
8/1/2009 1:00,18316800,0,0.05,0
8/1/2009 2:00,18320400,0,0.05,0
8/1/2009 3:00,18324000,0,0.05,0
8/1/2009 4:00,18327600,0,0.05,0
8/1/2009 5:00,18331200,0,0.05,0
8/1/2009 6:00,18334800,0,0.1,0
8/1/2009 7:00,18338400,0,0.1,0.1
8/1/2009 8:00,18342000,0,0.3,0.2
8/1/2009 9:00,18345600,0,0.9,1
8/1/2009 10:00,18349200,0,0.9,1
8/1/2009 11:00,18352800,0.1,0.9,1
8/1/2009 12:00,18356400,0.1,0.9,1
8/1/2009 13:00,18360000,0.1,0.9,0.5
8/1/2009 14:00,18363600,0.1,0.9,1
8/1/2009 15:00,18367200,0,0.9,1
8/1/2009 16:00,18370800,0,0.9,1
8/1/2009 17:00,18374400,0,0.9,1
8/1/2009 18:00,18378000,0,0.5,0.3
8/1/2009 19:00,18381600,0,0.3,0.1
8/1/2009 20:00,18385200,0,0.3,0.1
8/1/2009 21:00,18388800,0,0.2,0
8/1/2009 22:00,18392400,0,0.2,0
8/1/2009 23:00,18396000,0,0.1,0
8/2/2009 0:00,18399600,0,0.05,0
8/2/2009 1:00,18403200,0,0.05,0
8/2/2009 2:00,18406800,0,0.05,0
8/2/2009 3:00,18410400,0,0.05,0
8/2/2009 4:00,18414000,0,0.05,0
8/2/2009 5:00,18417600,0,0.05,0
8/2/2009 6:00,18421200,0,0.1,0
8/2/2009 7:00,18424800,0,0.1,0.1
8/2/2009 8:00,18428400,0,0.3,0.2
8/2/2009 9:00,18432000,0,0.9,1
8/2/2009 10:00,18435600,0.1,0.9,1
8/2/2009 11:00,18439200,0.1,0.9,1
8/2/2009 12:00,18442800,0.1,0.9,1
8/2/2009 13:00,18446400,0.1,0.9,0.5
8/2/2009 14:00,18450000,0.1,0.9,1
8/2/2009 15:00,18453600,0.1,0.9,1
8/2/2009 16:00,18457200,0.1,0.9,1
8/2/2009 17:00,18460800,0,0.9,1
8/2/2009 18:00,18464400,0,0.5,0.3
8/2/2009 19:00,18468000,0,0.3,0.1
8/2/2009 20:00,18471600,0,0.3,0.1
8/2/2009 21:00,18475200,0,0.2,0
8/2/2009 22:00,18478800,0,0.2,0
8/2/2009 23:00,18482400,0,0.1,0
8/3/2009 0:00,18486000,0,0.05,0
8/3/2009 1:00,18489600,0,0.05,0
8/3/2009 2:00,18493200,0,0.05,0
8/3/2009 3:00,18496800,0,0.05,0
8/3/2009 4:00,18500400,0,0.05,0
8/3/2009 5:00,18504000,0,0.05,0
8/3/2009 6:00,18507600,0,0.1,0
8/3/2009 7:00,18511200,0,0.1,0.1
8/3/2009 8:00,18514800,0,0.3,0.2
8/3/2009 9:00,18518400,0,0.9,1
8/3/2009 10:00,18522000,0.1,0.9,1
8/3/2009 11:00,18525600,0.2,0.9,1
8/3/2009 12:00,18529200,0.2,0.9,1
8/3/2009 13:00,18532800,0.2,0.9,0.5
8/3/2009 14:00,18536400,0,0.9,1
8/3/2009 15:00,18540000,0.1,0.9,1
8/3/2009 16:00,18543600,0.1,0.9,1
8/3/2009 17:00,18547200,0,0.9,1
8/3/2009 18:00,18550800,0,0.5,0.3
8/3/2009 19:00,18554400,0,0.3,0.1
8/3/2009 20:00,18558000,0,0.3,0.1
8/3/2009 21:00,18561600,0,0.2,0
8/3/2009 22:00,18565200,0,0.2,0
8/3/2009 23:00,18568800,0,0.1,0
8/4/2009 0:00,18572400,0,0.05,0
8/4/2009 1:00,18576000,0,0.05,0
8/4/2009 2:00,18579600,0,0.05,0
8/4/2009 3:00,18583200,0,0.05,0
8/4/2009 4:00,18586800,0,0.05,0
8/4/2009 5:00,18590400,0,0.05,0
8/4/2009 6:00,18594000,0,0.05,0
8/4/2009 7:00,18597600,0,0.1,0.1
8/4/2009 8:00,18601200,0,0.1,0.1
8/4/2009 9:00,18604800,0,0.3,0.3
8/4/2009 10:00,18608400,0,0.3,0.3
8/4/2009 11:00,18612000,0.1,0.3,0.3
8/4/2009 12:00,18615600,0.1,0.3,0.3
8/4/2009 13:00,18619200,0.2,0.15,0.1
8/4/2009 14:00,18622800,0.1,0.15,0.1
8/4/2009 15:00,18626400,0.1,0.15,0.1
8/4/2009 16:00,18630000,0.1,0.15,0.1
8/4/2009 17:00,18633600,0,0.15,0.1
8/4/2009 18:00,18637200,0,0.05,0
8/4/2009 19:00,18640800,0,0.05,0
8/4/2009 20:00,18644400,0,0.05,0
8/4/2009 21:00,18648000,0,0.05,0
8/4/2009 22:00,18651600,0,0.05,0
8/4/2009 23:00,18655200,0,0.05,0
8/5/2009 0:00,18658800,0,0.05,0
8/5/2009 1:00,18662400,0,0,0
8/5/2009 2:00,18666000,0,0,0
8/5/2009 3:00,18669600,0,0,0
8/5/2009 4:00,18673200,0,0,0
8/5/2009 5:00,18676800,0,0,0
8/5/2009 6:00,18680400,0,0,0
8/5/2009 7:00,18684000,0.1,0,0
8/5/2009 8:00,18687600,0,0,0
8/5/2009 9:00,18691200,0,0,0
8/5/2009 10:00,18694800,0.2,0,0
8/5/2009 11:00,18698400,0.1,0,0
8/5/2009 12:00,18702000,0,0,0
8/5/2009 13:00,18705600,0.4,0,0
8/5/2009 14:00,18709200,0.6,0,0
8/5/2009 15:00,18712800,0.1,0,0
8/5/2009 16:00,18716400,0.1,0,0
8/5/2009 17:00,18720000,0,0,0
8/5/2009 18:00,18723600,0.1,0,0
8/5/2009 19:00,18727200,0,0,0
8/5/2009 20:00,18730800,0,0,0
8/5/2009 21:00,18734400,0,0,0
8/5/2009 22:00,18738000,0,0,0
8/5/2009 23:00,18741600,0,0,0
8/6/2009 0:00,18745200,0,0,0
8/6/2009 1:00,18748800,0,0.05,0
8/6/2009 2:00,18752400,0.2,0.05,0
8/6/2009 3:00,18756000,0.2,0.05,0
8/6/2009 4:00,18759600,0,0.05,0
8/6/2009 5:00,18763200,0,0.05,0
8/6/2009 6:00,18766800,0,0.1,0
8/6/2009 7:00,18770400,0,0.1,0.1
8/6/2009 8:00,18774000,0,0.3,0.2
8/6/2009 9:00,18777600,0,0.9,1
8/6/2009 10:00,18781200,0.1,0.9,1
8/6/2009 11:00,18784800,0.1,0.9,1
8/6/2009 12:00,18788400,0,0.9,1
8/6/2009 13:00,18792000,0,0.9,0.5
8/6/2009 14:00,18795600,0,0.9,1
8/6/2009 15:00,18799200,0,0.9,1
8/6/2009 16:00,18802800,0,0.9,1
8/6/2009 17:00,18806400,0,0.9,1
8/6/2009 18:00,18810000,0,0.5,0.3
8/6/2009 19:00,18813600,0,0.3,0.1
8/6/2009 20:00,18817200,0,0.3,0.1
8/6/2009 21:00,18820800,0,0.2,0
8/6/2009 22:00,18824400,0,0.2,0
8/6/2009 23:00,18828000,0,0.1,0
8/7/2009 0:00,18831600,0,0.05,0
8/7/2009 1:00,18835200,0,0.05,0
8/7/2009 2:00,18838800,0,0.05,0
8/7/2009 3:00,18842400,0,0.05,0
8/7/2009 4:00,18846000,0,0.05,0
8/7/2009 5:00,18849600,0,0.05,0
8/7/2009 6:00,18853200,0,0.1,0
8/7/2009 7:00,18856800,0.1,0.1,0.1
8/7/2009 8:00,18860400,0.2,0.3,0.2
8/7/2009 9:00,18864000,0.3,0.9,1
8/7/2009 10:00,18867600,0,0.9,1
8/7/2009 11:00,18871200,0.1,0.9,1
8/7/2009 12:00,18874800,0.3,0.9,1
8/7/2009 13:00,18878400,1.4,0.9,0.5
8/7/2009 14:00,18882000,0.9,0.9,1
8/7/2009 15:00,18885600,0.1,0.9,1
8/7/2009 16:00,18889200,0.3,0.9,1
8/7/2009 17:00,18892800,0.3,0.9,1
8/7/2009 18:00,18896400,0.3,0.5,0.3
8/7/2009 19:00,18900000,0,0.3,0.1
8/7/2009 20:00,18903600,0,0.3,0.1
8/7/2009 21:00,18907200,0,0.2,0
8/7/2009 22:00,18910800,0,0.2,0
8/7/2009 23:00,18914400,0,0.1,0
8/8/2009 0:00,18918000,0,0.05,0
8/8/2009 1:00,18921600,0,0.05,0
8/8/2009 2:00,18925200,0,0.05,0
8/8/2009 3:00,18928800,0.1,0.05,0
8/8/2009 4:00,18932400,0,0.05,0
8/8/2009 5:00,18936000,0,0.05,0
8/8/2009 6:00,18939600,0,0.1,0
8/8/2009 7:00,18943200,0.1,0.1,0.1
8/8/2009 8:00,18946800,0.4,0.3,0.2
8/8/2009 9:00,18950400,0.2,0.9,1
8/8/2009 10:00,18954000,0.3,0.9,1
8/8/2009 11:00,18957600,0.2,0.9,1
8/8/2009 12:00,18961200,1.5,0.9,1
8/8/2009 13:00,18964800,1,0.9,0.5
8/8/2009 14:00,18968400,0.1,0.9,1
8/8/2009 15:00,18972000,0.1,0.9,1
8/8/2009 16:00,18975600,0.1,0.9,1
8/8/2009 17:00,18979200,0,0.9,1
8/8/2009 18:00,18982800,0,0.5,0.3
8/8/2009 19:00,18986400,0,0.3,0.1
8/8/2009 20:00,18990000,0,0.3,0.1
8/8/2009 21:00,18993600,0,0.2,0
8/8/2009 22:00,18997200,0,0.2,0
8/8/2009 23:00,19000800,0,0.1,0
8/9/2009 0:00,19004400,0,0.05,0
8/9/2009 1:00,19008000,0,0.05,0
8/9/2009 2:00,19011600,0.1,0.05,0
8/9/2009 3:00,19015200,0.1,0.05,0
8/9/2009 4:00,19018800,0.2,0.05,0
8/9/2009 5:00,19022400,0,0.05,0
8/9/2009 6:00,19026000,0,0.1,0
8/9/2009 7:00,19029600,0.9,0.1,0.1
8/9/2009 8:00,19033200,0.4,0.3,0.2
8/9/2009 9:00,19036800,0.5,0.9,1
8/9/2009 10:00,19040400,0.6,0.9,1
8/9/2009 11:00,19044000,0.1,0.9,1
8/9/2009 12:00,19047600,0.2,0.9,1
8/9/2009 13:00,19051200,0.2,0.9,0.5
8/9/2009 14:00,19054800,0.6,0.9,1
8/9/2009 15:00,19058400,0.2,0.9,1
8/9/2009 16:00,19062000,0.2,0.9,1
8/9/2009 17:00,19065600,0.1,0.9,1
8/9/2009 18:00,19069200,0.2,0.5,0.3
8/9/2009 19:00,19072800,0.6,0.3,0.1
8/9/2009 20:00,19076400,0.4,0.3,0.1
8/9/2009 21:00,19080000,0,0.2,0
8/9/2009 22:00,19083600,0,0.2,0
8/9/2009 23:00,19087200,0,0.1,0
8/10/2009 0:00,19090800,0,0.05,0
8/10/2009 1:00,19094400,0,0.05,0
8/10/2009 2:00,19098000,0,0.05,0
8/10/2009 3:00,19101600,0.3,0.05,0
8/10/2009 4:00,19105200,0.4,0.05,0
8/10/2009 5:00,19108800,3.1,0.05,0
8/10/2009 6:00,19112400,1.6,0.1,0
8/10/2009 7:00,19116000,0.1,0.1,0.1
8/10/2009 8:00,19119600,0,0.3,0.2
8/10/2009 9:00,19123200,0,0.9,1
8/10/2009 10:00,19126800,1,0.9,1
8/10/2009 11:00,19130400,1.8,0.9,1
8/10/2009 12:00,19134000,0.4,0.9,1
8/10/2009 13:00,19137600,0.1,0.9,0.5
8/10/2009 14:00,19141200,0.2,0.9,1
8/10/2009 15:00,19144800,0.2,0.9,1
8/10/2009 16:00,19148400,2.2,0.9,1
8/10/2009 17:00,19152000,0.2,0.9,1
8/10/2009 18:00,19155600,0.3,0.5,0.3
8/10/2009 19:00,19159200,0.3,0.3,0.1
8/10/2009 20:00,19162800,0.1,0.3,0.1
8/10/2009 21:00,19166400,0.1,0.2,0
8/10/2009 22:00,19170000,0.1,0.2,0
8/10/2009 23:00,19173600,0.2,0.1,0
8/11/2009 0:00,19177200,0.2,0.05,0
8/11/2009 1:00,19180800,0.1,0.05,0
8/11/2009 2:00,19184400,0.1,0.05,0
8/11/2009 3:00,19188000,0,0.05,0
8/11/2009 4:00,19191600,0,0.05,0
8/11/2009 5:00,19195200,0,0.05,0
8/11/2009 6:00,19198800,0.2,0.05,0
8/11/2009 7:00,19202400,0,0.1,0.1
8/11/2009 8:00,19206000,0,0.1,0.1
8/11/2009 9:00,19209600,0.4,0.3,0.3
8/11/2009 10:00,19213200,0,0.3,0.3
8/11/2009 11:00,19216800,0.1,0.3,0.3
8/11/2009 12:00,19220400,0,0.3,0.3
8/11/2009 13:00,19224000,0.1,0.15,0.1
8/11/2009 14:00,19227600,0,0.15,0.1
8/11/2009 15:00,19231200,0.2,0.15,0.1
8/11/2009 16:00,19234800,0.1,0.15,0.1
8/11/2009 17:00,19238400,0.7,0.15,0.1
8/11/2009 18:00,19242000,0.2,0.05,0
8/11/2009 19:00,19245600,0,0.05,0
8/11/2009 20:00,19249200,0,0.05,0
8/11/2009 21:00,19252800,0.1,0.05,0
8/11/2009 22:00,19256400,0.1,0.05,0
8/11/2009 23:00,19260000,0.1,0.05,0
8/12/2009 0:00,19263600,0,0.05,0
8/12/2009 1:00,19267200,0,0,0
8/12/2009 2:00,19270800,0.1,0,0
8/12/2009 3:00,19274400,0,0,0
8/12/2009 4:00,19278000,0.2,0,0
8/12/2009 5:00,19281600,0,0,0
8/12/2009 6:00,19285200,0,0,0
8/12/2009 7:00,19288800,0.1,0,0
8/12/2009 8:00,19292400,0.6,0,0
8/12/2009 9:00,19296000,0.8,0,0
8/12/2009 10:00,19299600,0.1,0,0
8/12/2009 11:00,19303200,0.6,0,0
8/12/2009 12:00,19306800,0.9,0,0
8/12/2009 13:00,19310400,1.2,0,0
8/12/2009 14:00,19314000,0.2,0,0
8/12/2009 15:00,19317600,0.2,0,0
8/12/2009 16:00,19321200,0.1,0,0
8/12/2009 17:00,19324800,0.1,0,0
8/12/2009 18:00,19328400,0,0,0
8/12/2009 19:00,19332000,0,0,0
8/12/2009 20:00,19335600,0.1,0,0
8/12/2009 21:00,19339200,0,0,0
8/12/2009 22:00,19342800,0,0,0
8/12/2009 23:00,19346400,0,0,0
8/13/2009 0:00,19350000,0.1,0,0
8/13/2009 1:00,19353600,0.8,0.05,0
8/13/2009 2:00,19357200,0.9,0.05,0
8/13/2009 3:00,19360800,0.1,0.05,0
8/13/2009 4:00,19364400,0,0.05,0
8/13/2009 5:00,19368000,0.1,0.05,0
8/13/2009 6:00,19371600,0.3,0.1,0
8/13/2009 7:00,19375200,0.5,0.1,0.1
8/13/2009 8:00,19378800,0.5,0.3,0.2
8/13/2009 9:00,19382400,0.3,0.9,1
8/13/2009 10:00,19386000,0,0.9,1
8/13/2009 11:00,19389600,0.3,0.9,1
8/13/2009 12:00,19393200,0.2,0.9,1
8/13/2009 13:00,19396800,0.3,0.9,0.5
8/13/2009 14:00,19400400,0,0.9,1
8/13/2009 15:00,19404000,0,0.9,1
8/13/2009 16:00,19407600,0,0.9,1
8/13/2009 17:00,19411200,0,0.9,1
8/13/2009 18:00,19414800,0.1,0.5,0.3
8/13/2009 19:00,19418400,0.1,0.3,0.1
8/13/2009 20:00,19422000,0,0.3,0.1
8/13/2009 21:00,19425600,0,0.2,0
8/13/2009 22:00,19429200,0,0.2,0
8/13/2009 23:00,19432800,0,0.1,0
8/14/2009 0:00,19436400,0,0.05,0
8/14/2009 1:00,19440000,0.1,0.05,0
8/14/2009 2:00,19443600,0.2,0.05,0
8/14/2009 3:00,19447200,0,0.05,0
8/14/2009 4:00,19450800,0.2,0.05,0
8/14/2009 5:00,19454400,0.4,0.05,0
8/14/2009 6:00,19458000,0.2,0.1,0
8/14/2009 7:00,19461600,0.2,0.1,0.1
8/14/2009 8:00,19465200,0.3,0.3,0.2
8/14/2009 9:00,19468800,0.2,0.9,1
8/14/2009 10:00,19472400,0.2,0.9,1
8/14/2009 11:00,19476000,0.1,0.9,1
8/14/2009 12:00,19479600,0.1,0.9,1
8/14/2009 13:00,19483200,0.1,0.9,0.5
8/14/2009 14:00,19486800,0.4,0.9,1
8/14/2009 15:00,19490400,0.2,0.9,1
8/14/2009 16:00,19494000,0.7,0.9,1
8/14/2009 17:00,19497600,0.2,0.9,1
8/14/2009 18:00,19501200,0.1,0.5,0.3
8/14/2009 19:00,19504800,0.2,0.3,0.1
8/14/2009 20:00,19508400,0.1,0.3,0.1
8/14/2009 21:00,19512000,0.1,0.2,0
8/14/2009 22:00,19515600,0,0.2,0
8/14/2009 23:00,19519200,0,0.1,0
8/15/2009 0:00,19522800,0.1,0.05,0
8/15/2009 1:00,19526400,0.6,0.05,0
8/15/2009 2:00,19530000,0.5,0.05,0
8/15/2009 3:00,19533600,0.1,0.05,0
8/15/2009 4:00,19537200,0.3,0.05,0
8/15/2009 5:00,19540800,0.8,0.05,0
8/15/2009 6:00,19544400,0.7,0.1,0
8/15/2009 7:00,19548000,1.4,0.1,0.1
8/15/2009 8:00,19551600,0.6,0.3,0.2
8/15/2009 9:00,19555200,0.3,0.9,1
8/15/2009 10:00,19558800,0.2,0.9,1
8/15/2009 11:00,19562400,0.2,0.9,1
8/15/2009 12:00,19566000,0.3,0.9,1
8/15/2009 13:00,19569600,0.2,0.9,0.5
8/15/2009 14:00,19573200,0.4,0.9,1
8/15/2009 15:00,19576800,0.1,0.9,1
8/15/2009 16:00,19580400,0.2,0.9,1
8/15/2009 17:00,19584000,0,0.9,1
8/15/2009 18:00,19587600,0,0.5,0.3
8/15/2009 19:00,19591200,0,0.3,0.1
8/15/2009 20:00,19594800,0,0.3,0.1
8/15/2009 21:00,19598400,0,0.2,0
8/15/2009 22:00,19602000,0,0.2,0
8/15/2009 23:00,19605600,0.1,0.1,0
8/16/2009 0:00,19609200,0.1,0.05,0
8/16/2009 1:00,19612800,0.2,0.05,0
8/16/2009 2:00,19616400,0.1,0.05,0
8/16/2009 3:00,19620000,0,0.05,0
8/16/2009 4:00,19623600,0.1,0.05,0
8/16/2009 5:00,19627200,0.1,0.05,0
8/16/2009 6:00,19630800,0.2,0.1,0
8/16/2009 7:00,19634400,0.4,0.1,0.1
8/16/2009 8:00,19638000,0.3,0.3,0.2
8/16/2009 9:00,19641600,0.3,0.9,1
8/16/2009 10:00,19645200,0.4,0.9,1
8/16/2009 11:00,19648800,0.2,0.9,1
8/16/2009 12:00,19652400,0.3,0.9,1
8/16/2009 13:00,19656000,0.1,0.9,0.5
8/16/2009 14:00,19659600,0.1,0.9,1
8/16/2009 15:00,19663200,0.4,0.9,1
8/16/2009 16:00,19666800,1.7,0.9,1
8/16/2009 17:00,19670400,1.1,0.9,1
8/16/2009 18:00,19674000,0.2,0.5,0.3
8/16/2009 19:00,19677600,0.4,0.3,0.1
8/16/2009 20:00,19681200,0.2,0.3,0.1
8/16/2009 21:00,19684800,0.6,0.2,0
8/16/2009 22:00,19688400,0.8,0.2,0
8/16/2009 23:00,19692000,0.3,0.1,0
8/17/2009 0:00,19695600,0,0.05,0
8/17/2009 1:00,19699200,0,0.05,0
8/17/2009 2:00,19702800,0,0.05,0
8/17/2009 3:00,19706400,0.6,0.05,0
8/17/2009 4:00,19710000,0.4,0.05,0
8/17/2009 5:00,19713600,0.3,0.05,0
8/17/2009 6:00,19717200,0.2,0.1,0
8/17/2009 7:00,19720800,0,0.1,0.1
8/17/2009 8:00,19724400,0,0.3,0.2
8/17/2009 9:00,19728000,0,0.9,1
8/17/2009 10:00,19731600,0,0.9,1
8/17/2009 11:00,19735200,0,0.9,1
8/17/2009 12:00,19738800,0.1,0.9,1
8/17/2009 13:00,19742400,0,0.9,0.5
8/17/2009 14:00,19746000,0.1,0.9,1
8/17/2009 15:00,19749600,1,0.9,1
8/17/2009 16:00,19753200,0.8,0.9,1
8/17/2009 17:00,19756800,0,0.9,1
8/17/2009 18:00,19760400,0.1,0.5,0.3
8/17/2009 19:00,19764000,0,0.3,0.1
8/17/2009 20:00,19767600,0.3,0.3,0.1
8/17/2009 21:00,19771200,0.2,0.2,0
8/17/2009 22:00,19774800,0.2,0.2,0
8/17/2009 23:00,19778400,0,0.1,0
8/18/2009 0:00,19782000,0,0.05,0
8/18/2009 1:00,19785600,0,0.05,0
8/18/2009 2:00,19789200,0,0.05,0
8/18/2009 3:00,19792800,0,0.05,0
8/18/2009 4:00,19796400,0,0.05,0
8/18/2009 5:00,19800000,0,0.05,0
8/18/2009 6:00,19803600,0,0.05,0
8/18/2009 7:00,19807200,0,0.1,0.1
8/18/2009 8:00,19810800,0,0.1,0.1
8/18/2009 9:00,19814400,0,0.3,0.3
8/18/2009 10:00,19818000,0.1,0.3,0.3
8/18/2009 11:00,19821600,0,0.3,0.3
8/18/2009 12:00,19825200,0.1,0.3,0.3
8/18/2009 13:00,19828800,0.6,0.15,0.1
8/18/2009 14:00,19832400,0.5,0.15,0.1
8/18/2009 15:00,19836000,0.1,0.15,0.1
8/18/2009 16:00,19839600,0.2,0.15,0.1
8/18/2009 17:00,19843200,0.1,0.15,0.1
8/18/2009 18:00,19846800,0.2,0.05,0
8/18/2009 19:00,19850400,0.2,0.05,0
8/18/2009 20:00,19854000,0.1,0.05,0
8/18/2009 21:00,19857600,0,0.05,0
8/18/2009 22:00,19861200,0.1,0.05,0
8/18/2009 23:00,19864800,0.1,0.05,0
8/19/2009 0:00,19868400,0.2,0.05,0
8/19/2009 1:00,19872000,0.2,0,0
8/19/2009 2:00,19875600,0.3,0,0
8/19/2009 3:00,19879200,0.1,0,0
8/19/2009 4:00,19882800,0.2,0,0
8/19/2009 5:00,19886400,0.1,0,0
8/19/2009 6:00,19890000,0,0,0
8/19/2009 7:00,19893600,0.1,0,0
8/19/2009 8:00,19897200,0.1,0,0
8/19/2009 9:00,19900800,0.1,0,0
8/19/2009 10:00,19904400,0.1,0,0
8/19/2009 11:00,19908000,0.1,0,0
8/19/2009 12:00,19911600,0.1,0,0
8/19/2009 13:00,19915200,0.2,0,0
8/19/2009 14:00,19918800,0.2,0,0
8/19/2009 15:00,19922400,0.2,0,0
8/19/2009 16:00,19926000,0.3,0,0
8/19/2009 17:00,19929600,0.2,0,0
8/19/2009 18:00,19933200,0.1,0,0
8/19/2009 19:00,19936800,0,0,0
8/19/2009 20:00,19940400,0,0,0
8/19/2009 21:00,19944000,0,0,0
8/19/2009 22:00,19947600,0,0,0
8/19/2009 23:00,19951200,0,0,0
8/20/2009 0:00,19954800,0,0,0
8/20/2009 1:00,19958400,0,0.05,0
8/20/2009 2:00,19962000,0,0.05,0
8/20/2009 3:00,19965600,0,0.05,0
8/20/2009 4:00,19969200,0,0.05,0
8/20/2009 5:00,19972800,0.2,0.05,0
8/20/2009 6:00,19976400,0.5,0.1,0
8/20/2009 7:00,19980000,0.2,0.1,0.1
8/20/2009 8:00,19983600,0,0.3,0.2
8/20/2009 9:00,19987200,0,0.9,1
8/20/2009 10:00,19990800,0,0.9,1
8/20/2009 11:00,19994400,0.1,0.9,1
8/20/2009 12:00,19998000,0.3,0.9,1
8/20/2009 13:00,20001600,0.5,0.9,0.5
8/20/2009 14:00,20005200,1,0.9,1
8/20/2009 15:00,20008800,0.5,0.9,1
8/20/2009 16:00,20012400,1.7,0.9,1
8/20/2009 17:00,20016000,0.7,0.9,1
8/20/2009 18:00,20019600,0.1,0.5,0.3
8/20/2009 19:00,20023200,0,0.3,0.1
8/20/2009 20:00,20026800,0.1,0.3,0.1
8/20/2009 21:00,20030400,0.1,0.2,0
8/20/2009 22:00,20034000,0.2,0.2,0
8/20/2009 23:00,20037600,0.1,0.1,0
8/21/2009 0:00,20041200,0,0.05,0
8/21/2009 1:00,20044800,0.2,0.05,0
8/21/2009 2:00,20048400,0.2,0.05,0
8/21/2009 3:00,20052000,0.1,0.05,0
8/21/2009 4:00,20055600,0.1,0.05,0
8/21/2009 5:00,20059200,0,0.05,0
8/21/2009 6:00,20062800,0,0.1,0
8/21/2009 7:00,20066400,0.1,0.1,0.1
8/21/2009 8:00,20070000,0.6,0.3,0.2
8/21/2009 9:00,20073600,1.7,0.9,1
8/21/2009 10:00,20077200,0.8,0.9,1
8/21/2009 11:00,20080800,0.3,0.9,1
8/21/2009 12:00,20084400,0.1,0.9,1
8/21/2009 13:00,20088000,0.2,0.9,0.5
8/21/2009 14:00,20091600,0.6,0.9,1
8/21/2009 15:00,20095200,1.3,0.9,1
8/21/2009 16:00,20098800,0.5,0.9,1
8/21/2009 17:00,20102400,0,0.9,1
8/21/2009 18:00,20106000,0,0.5,0.3
8/21/2009 19:00,20109600,0,0.3,0.1
8/21/2009 20:00,20113200,0,0.3,0.1
8/21/2009 21:00,20116800,0,0.2,0
8/21/2009 22:00,20120400,0,0.2,0
8/21/2009 23:00,20124000,0,0.1,0
8/22/2009 0:00,20127600,0,0.05,0
8/22/2009 1:00,20131200,0,0.05,0
8/22/2009 2:00,20134800,0.2,0.05,0
8/22/2009 3:00,20138400,0.1,0.05,0
8/22/2009 4:00,20142000,0,0.05,0
8/22/2009 5:00,20145600,0,0.05,0
8/22/2009 6:00,20149200,0,0.1,0
8/22/2009 7:00,20152800,0,0.1,0.1
8/22/2009 8:00,20156400,0,0.3,0.2
8/22/2009 9:00,20160000,0,0.9,1
8/22/2009 10:00,20163600,0,0.9,1
8/22/2009 11:00,20167200,0.1,0.9,1
8/22/2009 12:00,20170800,0.2,0.9,1
8/22/2009 13:00,20174400,0.1,0.9,0.5
8/22/2009 14:00,20178000,0.1,0.9,1
8/22/2009 15:00,20181600,0,0.9,1
8/22/2009 16:00,20185200,0,0.9,1
8/22/2009 17:00,20188800,0,0.9,1
8/22/2009 18:00,20192400,0,0.5,0.3
8/22/2009 19:00,20196000,0,0.3,0.1
8/22/2009 20:00,20199600,0,0.3,0.1
8/22/2009 21:00,20203200,0,0.2,0
8/22/2009 22:00,20206800,0,0.2,0
8/22/2009 23:00,20210400,0,0.1,0
8/23/2009 0:00,20214000,0,0.05,0
8/23/2009 1:00,20217600,0,0.05,0
8/23/2009 2:00,20221200,0.1,0.05,0
8/23/2009 3:00,20224800,0.2,0.05,0
8/23/2009 4:00,20228400,0.5,0.05,0
8/23/2009 5:00,20232000,1.2,0.05,0
8/23/2009 6:00,20235600,0.4,0.1,0
8/23/2009 7:00,20239200,0.3,0.1,0.1
8/23/2009 8:00,20242800,0.3,0.3,0.2
8/23/2009 9:00,20246400,0.5,0.9,1
8/23/2009 10:00,20250000,0.6,0.9,1
8/23/2009 11:00,20253600,0.4,0.9,1
8/23/2009 12:00,20257200,0.1,0.9,1
8/23/2009 13:00,20260800,0.1,0.9,0.5
8/23/2009 14:00,20264400,1.6,0.9,1
8/23/2009 15:00,20268000,0.8,0.9,1
8/23/2009 16:00,20271600,0.6,0.9,1
8/23/2009 17:00,20275200,0.2,0.9,1
8/23/2009 18:00,20278800,0,0.5,0.3
8/23/2009 19:00,20282400,0,0.3,0.1
8/23/2009 20:00,20286000,0,0.3,0.1
8/23/2009 21:00,20289600,0,0.2,0
8/23/2009 22:00,20293200,0,0.2,0
8/23/2009 23:00,20296800,0,0.1,0
8/24/2009 0:00,20300400,0,0.05,0
8/24/2009 1:00,20304000,0.3,0.05,0
8/24/2009 2:00,20307600,0.5,0.05,0
8/24/2009 3:00,20311200,0.7,0.05,0
8/24/2009 4:00,20314800,0,0.05,0
8/24/2009 5:00,20318400,0.3,0.05,0
8/24/2009 6:00,20322000,0.4,0.1,0
8/24/2009 7:00,20325600,0.8,0.1,0.1
8/24/2009 8:00,20329200,1.1,0.3,0.2
8/24/2009 9:00,20332800,0.6,0.9,1
8/24/2009 10:00,20336400,0.2,0.9,1
8/24/2009 11:00,20340000,0.4,0.9,1
8/24/2009 12:00,20343600,0.7,0.9,1
8/24/2009 13:00,20347200,1.7,0.9,0.5
8/24/2009 14:00,20350800,2.8,0.9,1
8/24/2009 15:00,20354400,0.2,0.9,1
8/24/2009 16:00,20358000,0,0.9,1
8/24/2009 17:00,20361600,0,0.9,1
8/24/2009 18:00,20365200,0,0.5,0.3
8/24/2009 19:00,20368800,0,0.3,0.1
8/24/2009 20:00,20372400,0,0.3,0.1
8/24/2009 21:00,20376000,0,0.2,0
8/24/2009 22:00,20379600,0.1,0.2,0
8/24/2009 23:00,20383200,0.2,0.1,0
8/25/2009 0:00,20386800,0.6,0.05,0
8/25/2009 1:00,20390400,0.6,0.05,0
8/25/2009 2:00,20394000,0.2,0.05,0
8/25/2009 3:00,20397600,0,0.05,0
8/25/2009 4:00,20401200,0.2,0.05,0
8/25/2009 5:00,20404800,0.4,0.05,0
8/25/2009 6:00,20408400,0.3,0.05,0
8/25/2009 7:00,20412000,0.3,0.1,0.1
8/25/2009 8:00,20415600,0.2,0.1,0.1
8/25/2009 9:00,20419200,0.4,0.3,0.3
8/25/2009 10:00,20422800,1,0.3,0.3
8/25/2009 11:00,20426400,2.2,0.3,0.3
8/25/2009 12:00,20430000,1.2,0.3,0.3
8/25/2009 13:00,20433600,0.2,0.15,0.1
8/25/2009 14:00,20437200,0.7,0.15,0.1
8/25/2009 15:00,20440800,0.1,0.15,0.1
8/25/2009 16:00,20444400,0,0.15,0.1
8/25/2009 17:00,20448000,0,0.15,0.1
8/25/2009 18:00,20451600,0.4,0.05,0
8/25/2009 19:00,20455200,0.9,0.05,0
8/25/2009 20:00,20458800,0,0.05,0
8/25/2009 21:00,20462400,0,0.05,0
8/25/2009 22:00,20466000,0.1,0.05,0
8/25/2009 23:00,20469600,0,0.05,0
8/26/2009 0:00,20473200,0,0.05,0
8/26/2009 1:00,20476800,0,0,0
8/26/2009 2:00,20480400,0.1,0,0
8/26/2009 3:00,20484000,0.8,0,0
8/26/2009 4:00,20487600,3.3,0,0
8/26/2009 5:00,20491200,1.9,0,0
8/26/2009 6:00,20494800,0.1,0,0
8/26/2009 7:00,20498400,0,0,0
8/26/2009 8:00,20502000,0,0,0
8/26/2009 9:00,20505600,0.1,0,0
8/26/2009 10:00,20509200,0.2,0,0
8/26/2009 11:00,20512800,0.4,0,0
8/26/2009 12:00,20516400,0.4,0,0
8/26/2009 13:00,20520000,0.5,0,0
8/26/2009 14:00,20523600,0.3,0,0
8/26/2009 15:00,20527200,0.4,0,0
8/26/2009 16:00,20530800,0.1,0,0
8/26/2009 17:00,20534400,1.3,0,0
8/26/2009 18:00,20538000,0.5,0,0
8/26/2009 19:00,20541600,0.1,0,0
8/26/2009 20:00,20545200,2.6,0,0
8/26/2009 21:00,20548800,2.1,0,0
8/26/2009 22:00,20552400,0.1,0,0
8/26/2009 23:00,20556000,0,0,0
8/27/2009 0:00,20559600,0,0,0
8/27/2009 1:00,20563200,0,0.05,0
8/27/2009 2:00,20566800,0.2,0.05,0
8/27/2009 3:00,20570400,0.6,0.05,0
8/27/2009 4:00,20574000,0.7,0.05,0
8/27/2009 5:00,20577600,2.1,0.05,0
8/27/2009 6:00,20581200,2.4,0.1,0
8/27/2009 7:00,20584800,1.8,0.1,0.1
8/27/2009 8:00,20588400,1.6,0.3,0.2
8/27/2009 9:00,20592000,1.2,0.9,1
8/27/2009 10:00,20595600,1.2,0.9,1
8/27/2009 11:00,20599200,1.4,0.9,1
8/27/2009 12:00,20602800,2.3,0.9,1
8/27/2009 13:00,20606400,1.2,0.9,0.5
8/27/2009 14:00,20610000,0.6,0.9,1
8/27/2009 15:00,20613600,0.1,0.9,1
8/27/2009 16:00,20617200,0.1,0.9,1
8/27/2009 17:00,20620800,0.2,0.9,1
8/27/2009 18:00,20624400,1.5,0.5,0.3
8/27/2009 19:00,20628000,0.7,0.3,0.1
8/27/2009 20:00,20631600,0.8,0.3,0.1
8/27/2009 21:00,20635200,0.7,0.2,0
8/27/2009 22:00,20638800,0.2,0.2,0
8/27/2009 23:00,20642400,0.2,0.1,0
8/28/2009 0:00,20646000,0.1,0.05,0
8/28/2009 1:00,20649600,0,0.05,0
8/28/2009 2:00,20653200,0.1,0.05,0
8/28/2009 3:00,20656800,0.9,0.05,0
8/28/2009 4:00,20660400,0.5,0.05,0
8/28/2009 5:00,20664000,0.2,0.05,0
8/28/2009 6:00,20667600,0.6,0.1,0
8/28/2009 7:00,20671200,0.6,0.1,0.1
8/28/2009 8:00,20674800,0.9,0.3,0.2
8/28/2009 9:00,20678400,0.6,0.9,1
8/28/2009 10:00,20682000,0.5,0.9,1
8/28/2009 11:00,20685600,0.5,0.9,1
8/28/2009 12:00,20689200,0.8,0.9,1
8/28/2009 13:00,20692800,1.9,0.9,0.5
8/28/2009 14:00,20696400,0.5,0.9,1
8/28/2009 15:00,20700000,0,0.9,1
8/28/2009 16:00,20703600,0,0.9,1
8/28/2009 17:00,20707200,0,0.9,1
8/28/2009 18:00,20710800,0,0.5,0.3
8/28/2009 19:00,20714400,0,0.3,0.1
8/28/2009 20:00,20718000,0,0.3,0.1
8/28/2009 21:00,20721600,0,0.2,0
8/28/2009 22:00,20725200,0,0.2,0
8/28/2009 23:00,20728800,0,0.1,0
8/29/2009 0:00,20732400,0,0.05,0
8/29/2009 1:00,20736000,0,0.05,0
8/29/2009 2:00,20739600,0,0.05,0
8/29/2009 3:00,20743200,0,0.05,0
8/29/2009 4:00,20746800,0,0.05,0
8/29/2009 5:00,20750400,0,0.05,0
8/29/2009 6:00,20754000,0,0.1,0
8/29/2009 7:00,20757600,0,0.1,0.1
8/29/2009 8:00,20761200,0,0.3,0.2
8/29/2009 9:00,20764800,0,0.9,1
8/29/2009 10:00,20768400,0,0.9,1
8/29/2009 11:00,20772000,0.1,0.9,1
8/29/2009 12:00,20775600,0.1,0.9,1
8/29/2009 13:00,20779200,0.4,0.9,0.5
8/29/2009 14:00,20782800,2,0.9,1
8/29/2009 15:00,20786400,0.1,0.9,1
8/29/2009 16:00,20790000,0.1,0.9,1
8/29/2009 17:00,20793600,0,0.9,1
8/29/2009 18:00,20797200,0,0.5,0.3
8/29/2009 19:00,20800800,0,0.3,0.1
8/29/2009 20:00,20804400,0,0.3,0.1
8/29/2009 21:00,20808000,0,0.2,0
8/29/2009 22:00,20811600,0,0.2,0
8/29/2009 23:00,20815200,0,0.1,0
8/30/2009 0:00,20818800,0,0.05,0
8/30/2009 1:00,20822400,0,0.05,0
8/30/2009 2:00,20826000,0.1,0.05,0
8/30/2009 3:00,20829600,0.3,0.05,0
8/30/2009 4:00,20833200,0.4,0.05,0
8/30/2009 5:00,20836800,0.5,0.05,0
8/30/2009 6:00,20840400,0.2,0.1,0
8/30/2009 7:00,20844000,0,0.1,0.1
8/30/2009 8:00,20847600,0.2,0.3,0.2
8/30/2009 9:00,20851200,1,0.9,1
8/30/2009 10:00,20854800,1.3,0.9,1
8/30/2009 11:00,20858400,0.5,0.9,1
8/30/2009 12:00,20862000,0.2,0.9,1
8/30/2009 13:00,20865600,0.1,0.9,0.5
8/30/2009 14:00,20869200,0.1,0.9,1
8/30/2009 15:00,20872800,0.4,0.9,1
8/30/2009 16:00,20876400,0.6,0.9,1
8/30/2009 17:00,20880000,0.4,0.9,1
8/30/2009 18:00,20883600,0.1,0.5,0.3
8/30/2009 19:00,20887200,0,0.3,0.1
8/30/2009 20:00,20890800,0,0.3,0.1
8/30/2009 21:00,20894400,0,0.2,0
8/30/2009 22:00,20898000,0.2,0.2,0
8/30/2009 23:00,20901600,0.1,0.1,0
8/31/2009 0:00,20905200,0,0.05,0
8/31/2009 1:00,20908800,0.2,0.05,0
8/31/2009 2:00,20912400,0,0.05,0
8/31/2009 3:00,20916000,0,0.05,0
8/31/2009 4:00,20919600,0.2,0.05,0
8/31/2009 5:00,20923200,0.1,0.05,0
8/31/2009 6:00,20926800,0.3,0.1,0
8/31/2009 7:00,20930400,0,0.1,0.1
8/31/2009 8:00,20934000,0,0.3,0.2
8/31/2009 9:00,20937600,0,0.9,1
8/31/2009 10:00,20941200,0,0.9,1
8/31/2009 11:00,20944800,0,0.9,1
8/31/2009 12:00,20948400,0.1,0.9,1
8/31/2009 13:00,20952000,0.1,0.9,0.5
8/31/2009 14:00,20955600,0.3,0.9,1
8/31/2009 15:00,20959200,0.2,0.9,1
8/31/2009 16:00,20962800,1,0.9,1
8/31/2009 17:00,20966400,0.2,0.9,1
8/31/2009 18:00,20970000,0.1,0.5,0.3
8/31/2009 19:00,20973600,0.3,0.3,0.1
8/31/2009 20:00,20977200,0,0.3,0.1
8/31/2009 21:00,20980800,0,0.2,0
8/31/2009 22:00,20984400,0,0.2,0
8/31/2009 23:00,20988000,0.2,0.1,0
9/1/2009 0:00,20991600,0.1,0.05,0
9/1/2021 1:00,20995200,0.2,0.05,0
9/1/2021 2:00,20998800,0,0.05,0
9/1/2021 3:00,21002400,0.4,0.05,0
9/1/2021 4:00,21006000,0.4,0.05,0
9/1/2021 5:00,21009600,0.6,0.05,0
9/1/2021 6:00,21013200,0.3,0.05,0
9/1/2021 7:00,21016800,0.3,0.1,0.1
9/1/2021 8:00,21020400,0.3,0.1,0.1
9/1/2021 9:00,21024000,0.3,0.3,0.3
9/1/2021 10:00,21027600,1.7,0.3,0.3
9/1/2021 11:00,21031200,1.1,0.3,0.3
9/1/2021 12:00,21034800,0.8,0.3,0.3
9/1/2021 13:00,21038400,1.4,0.15,0.1
9/1/2021 14:00,21042000,1.1,0.15,0.1
9/1/2021 15:00,21045600,0,0.15,0.1
9/1/2021 16:00,21049200,0,0.15,0.1
9/1/2021 17:00,21052800,0.1,0.15,0.1
9/1/2021 18:00,21056400,0,0.05,0
9/1/2021 19:00,21060000,0,0.05,0
9/1/2021 20:00,21063600,0.3,0.05,0
9/1/2021 21:00,21067200,0,0.05,0
9/1/2021 22:00,21070800,0.2,0.05,0
9/1/2021 23:00,21074400,0.4,0.05,0
9/2/2021 0:00,21078000,0.1,0.05,0
9/2/2021 1:00,21081600,0.1,0,0
9/2/2021 2:00,21085200,0.2,0,0
9/2/2021 3:00,21088800,0.5,0,0
9/2/2021 4:00,21092400,0.7,0,0
9/2/2021 5:00,21096000,0.7,0,0
9/2/2021 6:00,21099600,0.6,0,0
9/2/2021 7:00,21103200,0.5,0,0
9/2/2021 8:00,21106800,0.1,0,0
9/2/2021 9:00,21110400,0.2,0,0
9/2/2021 10:00,21114000,0.3,0,0
9/2/2021 11:00,21117600,0.4,0,0
9/2/2021 12:00,21121200,0.7,0,0
9/2/2021 13:00,21124800,1.1,0,0
9/2/2021 14:00,21128400,1,0,0
9/2/2021 15:00,21132000,0.1,0,0
9/2/2021 16:00,21135600,0.1,0,0
9/2/2021 17:00,21139200,0,0,0
9/2/2021 18:00,21142800,0,0,0
9/2/2021 19:00,21146400,0,0,0
9/2/2021 20:00,21150000,0,0,0
9/2/2021 21:00,21153600,0,0,0
9/2/2021 22:00,21157200,0,0,0
9/2/2021 23:00,21160800,0,0,0
9/3/2021 0:00,21164400,0,0,0
9/3/2021 1:00,21168000,0,0.05,0
9/3/2021 2:00,21171600,0,0.05,0
9/3/2021 3:00,21175200,0.1,0.05,0
9/3/2021 4:00,21178800,0.4,0.05,0
9/3/2021 5:00,21182400,0.5,0.05,0
9/3/2021 6:00,21186000,0.5,0.1,0
9/3/2021 7:00,21189600,0.3,0.1,0.1
9/3/2021 8:00,21193200,0.1,0.3,0.2
9/3/2021 9:00,21196800,0.1,0.9,1
9/3/2021 10:00,21200400,0,0.9,1
9/3/2021 11:00,21204000,0,0.9,1
9/3/2021 12:00,21207600,0,0.9,1
9/3/2021 13:00,21211200,0,0.9,0.5
9/3/2021 14:00,21214800,0,0.9,1
9/3/2021 15:00,21218400,0.1,0.9,1
9/3/2021 16:00,21222000,0,0.9,1
9/3/2021 17:00,21225600,0.1,0.9,1
9/3/2021 18:00,21229200,0,0.5,0.3
9/3/2021 19:00,21232800,0,0.3,0.1
9/3/2021 20:00,21236400,0,0.3,0.1
9/3/2021 21:00,21240000,0,0.2,0
9/3/2021 22:00,21243600,0,0.2,0
9/3/2021 23:00,21247200,0,0.1,0
9/4/2021 0:00,21250800,0,0.05,0
9/4/2021 1:00,21254400,0,0.05,0
9/4/2021 2:00,21258000,0,0.05,0
9/4/2021 3:00,21261600,0,0.05,0
9/4/2021 4:00,21265200,0,0.05,0
9/4/2021 5:00,21268800,0.1,0.05,0
9/4/2021 6:00,21272400,0.1,0.1,0
9/4/2021 7:00,21276000,0,0.1,0.1
9/4/2021 8:00,21279600,0,0.3,0.2
9/4/2021 9:00,21283200,0,0.9,1
9/4/2021 10:00,21286800,0,0.9,1
9/4/2021 11:00,21290400,0,0.9,1
9/4/2021 12:00,21294000,0,0.9,1
9/4/2021 13:00,21297600,0,0.9,0.5
9/4/2021 14:00,21301200,0.1,0.9,1
9/4/2021 15:00,21304800,0.6,0.9,1
9/4/2021 16:00,21308400,0.3,0.9,1
9/4/2021 17:00,21312000,0.2,0.9,1
9/4/2021 18:00,21315600,0.4,0.5,0.3
9/4/2021 19:00,21319200,0,0.3,0.1
9/4/2021 20:00,21322800,0,0.3,0.1
9/4/2021 21:00,21326400,0,0.2,0
9/4/2021 22:00,21330000,0,0.2,0
9/4/2021 23:00,21333600,0.1,0.1,0
9/5/2021 0:00,21337200,0.1,0.05,0
9/5/2021 1:00,21340800,0.1,0.05,0
9/5/2021 2:00,21344400,0,0.05,0
9/5/2021 3:00,21348000,0,0.05,0
9/5/2021 4:00,21351600,0,0.05,0
9/5/2021 5:00,21355200,0,0.05,0
9/5/2021 6:00,21358800,0,0.1,0
9/5/2021 7:00,21362400,0,0.1,0.1
9/5/2021 8:00,21366000,0,0.3,0.2
9/5/2021 9:00,21369600,0,0.9,1
9/5/2021 10:00,21373200,0,0.9,1
9/5/2021 11:00,21376800,0,0.9,1
9/5/2021 12:00,21380400,0,0.9,1
9/5/2021 13:00,21384000,0.1,0.9,0.5
9/5/2021 14:00,21387600,0.1,0.9,1
9/5/2021 15:00,21391200,0.2,0.9,1
9/5/2021 16:00,21394800,0.2,0.9,1
9/5/2021 17:00,21398400,0.1,0.9,1
9/5/2021 18:00,21402000,0.2,0.5,0.3
9/5/2021 19:00,21405600,0.1,0.3,0.1
9/5/2021 20:00,21409200,0.1,0.3,0.1
9/5/2021 21:00,21412800,0,0.2,0
9/5/2021 22:00,21416400,0,0.2,0
9/5/2021 23:00,21420000,0,0.1,0
9/6/2021 0:00,21423600,0,0.05,0
9/6/2021 1:00,21427200,0.1,0.05,0
9/6/2021 2:00,21430800,0.4,0.05,0
9/6/2021 3:00,21434400,0.1,0.05,0
9/6/2021 4:00,21438000,0.1,0.05,0
9/6/2021 5:00,21441600,0.1,0.05,0
9/6/2021 6:00,21445200,0,0.1,0
9/6/2021 7:00,21448800,0,0.1,0.1
9/6/2021 8:00,21452400,0,0.3,0.2
9/6/2021 9:00,21456000,0,0.9,1
9/6/2021 10:00,21459600,0,0.9,1
9/6/2021 11:00,21463200,0.1,0.9,1
9/6/2021 12:00,21466800,0.1,0.9,1
9/6/2021 13:00,21470400,0.1,0.9,0.5
9/6/2021 14:00,21474000,0.6,0.9,1
9/6/2021 15:00,21477600,0.1,0.9,1
9/6/2021 16:00,21481200,0.3,0.9,1
9/6/2021 17:00,21484800,0.9,0.9,1
9/6/2021 18:00,21488400,0.9,0.5,0.3
9/6/2021 19:00,21492000,0.2,0.3,0.1
9/6/2021 20:00,21495600,0,0.3,0.1
9/6/2021 21:00,21499200,0,0.2,0
9/6/2021 22:00,21502800,0.2,0.2,0
9/6/2021 23:00,21506400,0,0.1,0
9/7/2021 0:00,21510000,0,0.05,0
9/7/2021 1:00,21513600,0,0.05,0
9/7/2021 2:00,21517200,0,0.05,0
9/7/2021 3:00,21520800,1.5,0.05,0
9/7/2021 4:00,21524400,1.5,0.05,0
9/7/2021 5:00,21528000,1.1,0.05,0
9/7/2021 6:00,21531600,1.7,0.1,0
9/7/2021 7:00,21535200,0.2,0.1,0.1
9/7/2021 8:00,21538800,0.7,0.3,0.2
9/7/2021 9:00,21542400,3.6,0.9,1
9/7/2021 10:00,21546000,2.1,0.9,1
9/7/2021 11:00,21549600,0.2,0.9,1
9/7/2021 12:00,21553200,0.1,0.9,1
9/7/2021 13:00,21556800,0.2,0.9,0.5
9/7/2021 14:00,21560400,0.1,0.9,1
9/7/2021 15:00,21564000,0.6,0.9,1
9/7/2021 16:00,21567600,0.5,0.9,1
9/7/2021 17:00,21571200,0,0.9,1
9/7/2021 18:00,21574800,0,0.5,0.3
9/7/2021 19:00,21578400,0,0.3,0.1
9/7/2021 20:00,21582000,0,0.3,0.1
9/7/2021 21:00,21585600,0,0.2,0
9/7/2021 22:00,21589200,0,0.2,0
9/7/2021 23:00,21592800,0.2,0.1,0
9/8/2021 0:00,21596400,0.1,0.05,0
9/8/2021 1:00,21600000,1.7,0.05,0
9/8/2021 2:00,21603600,1.1,0.05,0
9/8/2021 3:00,21607200,3.5,0.05,0
9/8/2021 4:00,21610800,2,0.05,0
9/8/2021 5:00,21614400,1.4,0.05,0
9/8/2021 6:00,21618000,1.1,0.05,0
9/8/2021 7:00,21621600,0.7,0.1,0.1
9/8/2021 8:00,21625200,0.8,0.1,0.1
9/8/2021 9:00,21628800,0.5,0.3,0.3
9/8/2021 10:00,21632400,0.2,0.3,0.3
9/8/2021 11:00,21636000,0.2,0.3,0.3
9/8/2021 12:00,21639600,0.1,0.3,0.3
9/8/2021 13:00,21643200,0,0.15,0.1
9/8/2021 14:00,21646800,0,0.15,0.1
9/8/2021 15:00,21650400,0,0.15,0.1
9/8/2021 16:00,21654000,0,0.15,0.1
9/8/2021 17:00,21657600,0,0.15,0.1
9/8/2021 18:00,21661200,0,0.05,0
9/8/2021 19:00,21664800,0,0.05,0
9/8/2021 20:00,21668400,0,0.05,0
9/8/2021 21:00,21672000,0,0.05,0
9/8/2021 22:00,21675600,0,0.05,0
9/8/2021 23:00,21679200,0,0.05,0
9/9/2021 0:00,21682800,0,0.05,0
9/9/2021 1:00,21686400,0,0,0
9/9/2021 2:00,21690000,0,0,0
9/9/2021 3:00,21693600,0.1,0,0
9/9/2021 4:00,21697200,0.2,0,0
9/9/2021 5:00,21700800,0.3,0,0
9/9/2021 6:00,21704400,0.4,0,0
9/9/2021 7:00,21708000,0.2,0,0
9/9/2021 8:00,21711600,0.3,0,0
9/9/2021 9:00,21715200,0.4,0,0
9/9/2021 10:00,21718800,0.7,0,0
9/9/2021 11:00,21722400,0.6,0,0
9/9/2021 12:00,21726000,0.2,0,0
9/9/2021 13:00,21729600,0.1,0,0
9/9/2021 14:00,21733200,0.1,0,0
9/9/2021 15:00,21736800,0,0,0
9/9/2021 16:00,21740400,0,0,0
9/9/2021 17:00,21744000,0,0,0
9/9/2021 18:00,21747600,0,0,0
9/9/2021 19:00,21751200,0,0,0
9/9/2021 20:00,21754800,0,0,0
9/9/2021 21:00,21758400,0,0,0
9/9/2021 22:00,21762000,0,0,0
9/9/2021 23:00,21765600,0,0,0
9/10/2021 0:00,21769200,0.3,0,0
9/10/2021 1:00,21772800,0.2,0.05,0
9/10/2021 2:00,21776400,0.2,0.05,0
9/10/2021 3:00,21780000,0.2,0.05,0
9/10/2021 4:00,21783600,0.1,0.05,0
9/10/2021 5:00,21787200,0.4,0.05,0
9/10/2021 6:00,21790800,0.3,0.1,0
9/10/2021 7:00,21794400,0.9,0.1,0.1
9/10/2021 8:00,21798000,1.8,0.3,0.2
9/10/2021 9:00,21801600,1.2,0.9,1
9/10/2021 10:00,21805200,0.5,0.9,1
9/10/2021 11:00,21808800,0.3,0.9,1
9/10/2021 12:00,21812400,0.1,0.9,1
9/10/2021 13:00,21816000,0.1,0.9,0.5
9/10/2021 14:00,21819600,0,0.9,1
9/10/2021 15:00,21823200,0.3,0.9,1
9/10/2021 16:00,21826800,2.5,0.9,1
9/10/2021 17:00,21830400,0.6,0.9,1
9/10/2021 18:00,21834000,0.1,0.5,0.3
9/10/2021 19:00,21837600,0,0.3,0.1
9/10/2021 20:00,21841200,0,0.3,0.1
9/10/2021 21:00,21844800,0,0.2,0
9/10/2021 22:00,21848400,0,0.2,0
9/10/2021 23:00,21852000,0,0.1,0
9/11/2021 0:00,21855600,0,0.05,0
9/11/2021 1:00,21859200,0,0.05,0
9/11/2021 2:00,21862800,0,0.05,0
9/11/2021 3:00,21866400,0,0.05,0
9/11/2021 4:00,21870000,0,0.05,0
9/11/2021 5:00,21873600,0,0.05,0
9/11/2021 6:00,21877200,0,0.1,0
9/11/2021 7:00,21880800,0,0.1,0.1
9/11/2021 8:00,21884400,0,0.3,0.2
9/11/2021 9:00,21888000,0,0.9,1
9/11/2021 10:00,21891600,0,0.9,1
9/11/2021 11:00,21895200,0,0.9,1
9/11/2021 12:00,21898800,0,0.9,1
9/11/2021 13:00,21902400,0,0.9,0.5
9/11/2021 14:00,21906000,0,0.9,1
9/11/2021 15:00,21909600,0,0.9,1
9/11/2021 16:00,21913200,0,0.9,1
9/11/2021 17:00,21916800,0,0.9,1
9/11/2021 18:00,21920400,0,0.5,0.3
9/11/2021 19:00,21924000,0,0.3,0.1
9/11/2021 20:00,21927600,0,0.3,0.1
9/11/2021 21:00,21931200,0,0.2,0
9/11/2021 22:00,21934800,0,0.2,0
9/11/2021 23:00,21938400,0,0.1,0
9/12/2021 0:00,21942000,0,0.05,0
9/12/2021 1:00,21945600,0,0.05,0
9/12/2021 2:00,21949200,0,0.05,0
9/12/2021 3:00,21952800,0,0.05,0
9/12/2021 4:00,21956400,0,0.05,0
9/12/2021 5:00,21960000,0.2,0.05,0
9/12/2021 6:00,21963600,0.2,0.1,0
9/12/2021 7:00,21967200,0.8,0.1,0.1
9/12/2021 8:00,21970800,0.7,0.3,0.2
9/12/2021 9:00,21974400,0,0.9,1
9/12/2021 10:00,21978000,0,0.9,1
9/12/2021 11:00,21981600,0.1,0.9,1
9/12/2021 12:00,21985200,0.1,0.9,1
9/12/2021 13:00,21988800,0.1,0.9,0.5
9/12/2021 14:00,21992400,0.1,0.9,1
9/12/2021 15:00,21996000,0.6,0.9,1
9/12/2021 16:00,21999600,0,0.9,1
9/12/2021 17:00,22003200,0,0.9,1
9/12/2021 18:00,22006800,0.1,0.5,0.3
9/12/2021 19:00,22010400,0,0.3,0.1
9/12/2021 20:00,22014000,0,0.3,0.1
9/12/2021 21:00,22017600,0.1,0.2,0
9/12/2021 22:00,22021200,0.1,0.2,0
9/12/2021 23:00,22024800,0.2,0.1,0
9/13/2021 0:00,22028400,0.3,0.05,0
9/13/2021 1:00,22032000,0.1,0.05,0
9/13/2021 2:00,22035600,0,0.05,0
9/13/2021 3:00,22039200,0.6,0.05,0
9/13/2021 4:00,22042800,2.9,0.05,0
9/13/2021 5:00,22046400,3,0.05,0
9/13/2021 6:00,22050000,1.9,0.1,0
9/13/2021 7:00,22053600,2,0.1,0.1
9/13/2021 8:00,22057200,2.9,0.3,0.2
9/13/2021 9:00,22060800,3.4,0.9,1
9/13/2021 10:00,22064400,1.8,0.9,1
9/13/2021 11:00,22068000,1.7,0.9,1
9/13/2021 12:00,22071600,1.7,0.9,1
9/13/2021 13:00,22075200,1.3,0.9,0.5
9/13/2021 14:00,22078800,1,0.9,1
9/13/2021 15:00,22082400,0,0.9,1
9/13/2021 16:00,22086000,0,0.9,1
9/13/2021 17:00,22089600,0,0.9,1
9/13/2021 18:00,22093200,0.1,0.5,0.3
9/13/2021 19:00,22096800,0.3,0.3,0.1
9/13/2021 20:00,22100400,0.3,0.3,0.1
9/13/2021 21:00,22104000,0.4,0.2,0
9/13/2021 22:00,22107600,0.4,0.2,0
9/13/2021 23:00,22111200,0.2,0.1,0
9/14/2021 0:00,22114800,0.1,0.05,0
9/14/2021 1:00,22118400,0.1,0.05,0
9/14/2021 2:00,22122000,0.1,0.05,0
9/14/2021 3:00,22125600,0.1,0.05,0
9/14/2021 4:00,22129200,0.1,0.05,0
9/14/2021 5:00,22132800,0.1,0.05,0
9/14/2021 6:00,22136400,0,0.1,0
9/14/2021 7:00,22140000,0,0.1,0.1
9/14/2021 8:00,22143600,0,0.3,0.2
9/14/2021 9:00,22147200,0,0.9,1
9/14/2021 10:00,22150800,0,0.9,1
9/14/2021 11:00,22154400,0,0.9,1
9/14/2021 12:00,22158000,0,0.9,1
9/14/2021 13:00,22161600,0,0.9,0.5
9/14/2021 14:00,22165200,0,0.9,1
9/14/2021 15:00,22168800,0.1,0.9,1
9/14/2021 16:00,22172400,0.4,0.9,1
9/14/2021 17:00,22176000,0.1,0.9,1
9/14/2021 18:00,22179600,0,0.5,0.3
9/14/2021 19:00,22183200,0,0.3,0.1
9/14/2021 20:00,22186800,0,0.3,0.1
9/14/2021 21:00,22190400,0,0.2,0
9/14/2021 22:00,22194000,0,0.2,0
9/14/2021 23:00,22197600,0,0.1,0
9/15/2021 0:00,22201200,0,0.05,0
9/15/2021 1:00,22204800,0,0.05,0
9/15/2021 2:00,22208400,0,0.05,0
9/15/2021 3:00,22212000,0,0.05,0
9/15/2021 4:00,22215600,0,0.05,0
9/15/2021 5:00,22219200,0,0.05,0
9/15/2021 6:00,22222800,0,0.05,0
9/15/2021 7:00,22226400,0,0.1,0.1
9/15/2021 8:00,22230000,0,0.1,0.1
9/15/2021 9:00,22233600,0.1,0.3,0.3
9/15/2021 10:00,22237200,0.1,0.3,0.3
9/15/2021 11:00,22240800,0.1,0.3,0.3
9/15/2021 12:00,22244400,0.1,0.3,0.3
9/15/2021 13:00,22248000,0.1,0.15,0.1
9/15/2021 14:00,22251600,0.1,0.15,0.1
9/15/2021 15:00,22255200,0,0.15,0.1
9/15/2021 16:00,22258800,0,0.15,0.1
9/15/2021 17:00,22262400,0.1,0.15,0.1
9/15/2021 18:00,22266000,0.1,0.05,0
9/15/2021 19:00,22269600,0,0.05,0
9/15/2021 20:00,22273200,0,0.05,0
9/15/2021 21:00,22276800,0,0.05,0
9/15/2021 22:00,22280400,0,0.05,0
9/15/2021 23:00,22284000,0,0.05,0
9/16/2021 0:00,22287600,0,0.05,0
9/16/2021 1:00,22291200,0,0,0
9/16/2021 2:00,22294800,0,0,0
9/16/2021 3:00,22298400,0,0,0
9/16/2021 4:00,22302000,0,0,0
9/16/2021 5:00,22305600,0,0,0
9/16/2021 6:00,22309200,0,0,0
9/16/2021 7:00,22312800,0,0,0
9/16/2021 8:00,22316400,0.1,0,0
9/16/2021 9:00,22320000,0.1,0,0
9/16/2021 10:00,22323600,0,0,0
9/16/2021 11:00,22327200,0,0,0
9/16/2021 12:00,22330800,0,0,0
9/16/2021 13:00,22334400,0.1,0,0
9/16/2021 14:00,22338000,0.1,0,0
9/16/2021 15:00,22341600,0.1,0,0
9/16/2021 16:00,22345200,0.2,0,0
9/16/2021 17:00,22348800,0.1,0,0
9/16/2021 18:00,22352400,0.2,0,0
9/16/2021 19:00,22356000,0.1,0,0
9/16/2021 20:00,22359600,0,0,0
9/16/2021 21:00,22363200,0,0,0
9/16/2021 22:00,22366800,0.2,0,0
9/16/2021 23:00,22370400,0.3,0,0
9/17/2021 0:00,22374000,0.3,0,0
9/17/2021 1:00,22377600,0,0.05,0
9/17/2021 2:00,22381200,0,0.05,0
9/17/2021 3:00,22384800,0,0.05,0
9/17/2021 4:00,22388400,0,0.05,0
9/17/2021 5:00,22392000,0,0.05,0
9/17/2021 6:00,22395600,0,0.1,0
9/17/2021 7:00,22399200,0,0.1,0.1
9/17/2021 8:00,22402800,0,0.3,0.2
9/17/2021 9:00,22406400,0,0.9,1
9/17/2021 10:00,22410000,0,0.9,1
9/17/2021 11:00,22413600,0,0.9,1
9/17/2021 12:00,22417200,0,0.9,1
9/17/2021 13:00,22420800,0,0.9,0.5
9/17/2021 14:00,22424400,0,0.9,1
9/17/2021 15:00,22428000,0,0.9,1
9/17/2021 16:00,22431600,0,0.9,1
9/17/2021 17:00,22435200,0,0.9,1
9/17/2021 18:00,22438800,0,0.5,0.3
9/17/2021 19:00,22442400,0,0.3,0.1
9/17/2021 20:00,22446000,0,0.3,0.1
9/17/2021 21:00,22449600,0,0.2,0
9/17/2021 22:00,22453200,0,0.2,0
9/17/2021 23:00,22456800,0,0.1,0
9/18/2021 0:00,22460400,0,0.05,0
9/18/2021 1:00,22464000,0,0.05,0
9/18/2021 2:00,22467600,0,0.05,0
9/18/2021 3:00,22471200,0,0.05,0
9/18/2021 4:00,22474800,0,0.05,0
9/18/2021 5:00,22478400,0,0.05,0
9/18/2021 6:00,22482000,0,0.1,0
9/18/2021 7:00,22485600,0,0.1,0.1
9/18/2021 8:00,22489200,0,0.3,0.2
9/18/2021 9:00,22492800,0,0.9,1
9/18/2021 10:00,22496400,0.1,0.9,1
9/18/2021 11:00,22500000,0.2,0.9,1
9/18/2021 12:00,22503600,0.2,0.9,1
9/18/2021 13:00,22507200,0.2,0.9,0.5
9/18/2021 14:00,22510800,0.3,0.9,1
9/18/2021 15:00,22514400,0.6,0.9,1
9/18/2021 16:00,22518000,0.6,0.9,1
9/18/2021 17:00,22521600,0.4,0.9,1
9/18/2021 18:00,22525200,0.2,0.5,0.3
9/18/2021 19:00,22528800,0.1,0.3,0.1
9/18/2021 20:00,22532400,0.5,0.3,0.1
9/18/2021 21:00,22536000,0.2,0.2,0
9/18/2021 22:00,22539600,0.1,0.2,0
9/18/2021 23:00,22543200,0.4,0.1,0
9/19/2021 0:00,22546800,0,0.05,0
9/19/2021 1:00,22550400,0.2,0.05,0
9/19/2021 2:00,22554000,0.5,0.05,0
9/19/2021 3:00,22557600,0.3,0.05,0
9/19/2021 4:00,22561200,0.6,0.05,0
9/19/2021 5:00,22564800,0.5,0.05,0
9/19/2021 6:00,22568400,1,0.1,0
9/19/2021 7:00,22572000,1,0.1,0.1
9/19/2021 8:00,22575600,0.9,0.3,0.2
9/19/2021 9:00,22579200,0.6,0.9,1
9/19/2021 10:00,22582800,0.3,0.9,1
9/19/2021 11:00,22586400,0.5,0.9,1
9/19/2021 12:00,22590000,2.9,0.9,1
9/19/2021 13:00,22593600,1.4,0.9,0.5
9/19/2021 14:00,22597200,0.2,0.9,1
9/19/2021 15:00,22600800,1.5,0.9,1
9/19/2021 16:00,22604400,0.8,0.9,1
9/19/2021 17:00,22608000,0.3,0.9,1
9/19/2021 18:00,22611600,0.1,0.5,0.3
9/19/2021 19:00,22615200,0.1,0.3,0.1
9/19/2021 20:00,22618800,0.1,0.3,0.1
9/19/2021 21:00,22622400,0,0.2,0
9/19/2021 22:00,22626000,0,0.2,0
9/19/2021 23:00,22629600,0,0.1,0
9/20/2021 0:00,22633200,0.1,0.05,0
9/20/2021 1:00,22636800,0.1,0.05,0
9/20/2021 2:00,22640400,0.2,0.05,0
9/20/2021 3:00,22644000,0.1,0.05,0
9/20/2021 4:00,22647600,0.1,0.05,0
9/20/2021 5:00,22651200,0.1,0.05,0
9/20/2021 6:00,22654800,0.3,0.1,0
9/20/2021 7:00,22658400,0.5,0.1,0.1
9/20/2021 8:00,22662000,0.2,0.3,0.2
9/20/2021 9:00,22665600,0.1,0.9,1
9/20/2021 10:00,22669200,0.1,0.9,1
9/20/2021 11:00,22672800,0,0.9,1
9/20/2021 12:00,22676400,0,0.9,1
9/20/2021 13:00,22680000,0,0.9,0.5
9/20/2021 14:00,22683600,0,0.9,1
9/20/2021 15:00,22687200,0.1,0.9,1
9/20/2021 16:00,22690800,0,0.9,1
9/20/2021 17:00,22694400,0,0.9,1
9/20/2021 18:00,22698000,0,0.5,0.3
9/20/2021 19:00,22701600,0,0.3,0.1
9/20/2021 20:00,22705200,0,0.3,0.1
9/20/2021 21:00,22708800,0,0.2,0
9/20/2021 22:00,22712400,0,0.2,0
9/20/2021 23:00,22716000,0,0.1,0
9/21/2021 0:00,22719600,0,0.05,0
9/21/2021 1:00,22723200,0,0.05,0
9/21/2021 2:00,22726800,0,0.05,0
9/21/2021 3:00,22730400,0,0.05,0
9/21/2021 4:00,22734000,0,0.05,0
9/21/2021 5:00,22737600,0,0.05,0
9/21/2021 6:00,22741200,0,0.1,0
9/21/2021 7:00,22744800,0.1,0.1,0.1
9/21/2021 8:00,22748400,0.1,0.3,0.2
9/21/2021 9:00,22752000,0,0.9,1
9/21/2021 10:00,22755600,0.1,0.9,1
9/21/2021 11:00,22759200,0.2,0.9,1
9/21/2021 12:00,22762800,0.1,0.9,1
9/21/2021 13:00,22766400,0.7,0.9,0.5
9/21/2021 14:00,22770000,0.2,0.9,1
9/21/2021 15:00,22773600,0.1,0.9,1
9/21/2021 16:00,22777200,0,0.9,1
9/21/2021 17:00,22780800,0,0.9,1
9/21/2021 18:00,22784400,0.1,0.5,0.3
9/21/2021 19:00,22788000,0.1,0.3,0.1
9/21/2021 20:00,22791600,0.1,0.3,0.1
9/21/2021 21:00,22795200,0.2,0.2,0
9/21/2021 22:00,22798800,0.1,0.2,0
9/21/2021 23:00,22802400,0,0.1,0
9/22/2021 0:00,22806000,0,0.05,0
9/22/2021 1:00,22809600,0,0.05,0
9/22/2021 2:00,22813200,0,0.05,0
9/22/2021 3:00,22816800,0,0.05,0
9/22/2021 4:00,22820400,0,0.05,0
9/22/2021 5:00,22824000,0,0.05,0
9/22/2021 6:00,22827600,0.1,0.05,0
9/22/2021 7:00,22831200,0,0.1,0.1
9/22/2021 8:00,22834800,0,0.1,0.1
9/22/2021 9:00,22838400,0,0.3,0.3
9/22/2021 10:00,22842000,0,0.3,0.3
9/22/2021 11:00,22845600,0,0.3,0.3
9/22/2021 12:00,22849200,0,0.3,0.3
9/22/2021 13:00,22852800,0,0.15,0.1
9/22/2021 14:00,22856400,0.3,0.15,0.1
9/22/2021 15:00,22860000,0,0.15,0.1
9/22/2021 16:00,22863600,0,0.15,0.1
9/22/2021 17:00,22867200,0,0.15,0.1
9/22/2021 18:00,22870800,0,0.05,0
9/22/2021 19:00,22874400,0,0.05,0
9/22/2021 20:00,22878000,0,0.05,0
9/22/2021 21:00,22881600,0,0.05,0
9/22/2021 22:00,22885200,0,0.05,0
9/22/2021 23:00,22888800,0.1,0.05,0
9/23/2021 0:00,22892400,0,0.05,0
9/23/2021 1:00,22896000,0,0,0
9/23/2021 2:00,22899600,0,0,0
9/23/2021 3:00,22903200,0.3,0,0
9/23/2021 4:00,22906800,0,0,0
9/23/2021 5:00,22910400,0.3,0,0
9/23/2021 6:00,22914000,1.2,0,0
9/23/2021 7:00,22917600,1.1,0,0
9/23/2021 8:00,22921200,0.3,0,0
9/23/2021 9:00,22924800,0.6,0,0
9/23/2021 10:00,22928400,0.2,0,0
9/23/2021 11:00,22932000,0.1,0,0
9/23/2021 12:00,22935600,0.1,0,0
9/23/2021 13:00,22939200,0.1,0,0
9/23/2021 14:00,22942800,0.1,0,0
9/23/2021 15:00,22946400,0.1,0,0
9/23/2021 16:00,22950000,0.1,0,0
9/23/2021 17:00,22953600,0.1,0,0
9/23/2021 18:00,22957200,0.1,0,0
9/23/2021 19:00,22960800,0.1,0,0
9/23/2021 20:00,22964400,0,0,0
9/23/2021 21:00,22968000,0.1,0,0
9/23/2021 22:00,22971600,0.1,0,0
9/23/2021 23:00,22975200,0,0,0
9/24/2021 0:00,22978800,0,0,0
9/24/2021 1:00,22982400,0,0.05,0
9/24/2021 2:00,22986000,0,0.05,0
9/24/2021 3:00,22989600,0,0.05,0
9/24/2021 4:00,22993200,0,0.05,0
9/24/2021 5:00,22996800,0,0.05,0
9/24/2021 6:00,23000400,0,0.1,0
9/24/2021 7:00,23004000,0.1,0.1,0.1
9/24/2021 8:00,23007600,0.3,0.3,0.2
9/24/2021 9:00,23011200,0.8,0.9,1
9/24/2021 10:00,23014800,0.3,0.9,1
9/24/2021 11:00,23018400,0,0.9,1
9/24/2021 12:00,23022000,0.1,0.9,1
9/24/2021 13:00,23025600,0.1,0.9,0.5
9/24/2021 14:00,23029200,0,0.9,1
9/24/2021 15:00,23032800,0.3,0.9,1
9/24/2021 16:00,23036400,0.1,0.9,1
9/24/2021 17:00,23040000,0.2,0.9,1
9/24/2021 18:00,23043600,0.1,0.5,0.3
9/24/2021 19:00,23047200,0,0.3,0.1
9/24/2021 20:00,23050800,0.4,0.3,0.1
9/24/2021 21:00,23054400,1.1,0.2,0
9/24/2021 22:00,23058000,0.6,0.2,0
9/24/2021 23:00,23061600,0,0.1,0
9/25/2021 0:00,23065200,0,0.05,0
9/25/2021 1:00,23068800,0,0.05,0
9/25/2021 2:00,23072400,0,0.05,0
9/25/2021 3:00,23076000,0,0.05,0
9/25/2021 4:00,23079600,0.2,0.05,0
9/25/2021 5:00,23083200,0.9,0.05,0
9/25/2021 6:00,23086800,0.4,0.1,0
9/25/2021 7:00,23090400,0.2,0.1,0.1
9/25/2021 8:00,23094000,0.3,0.3,0.2
9/25/2021 9:00,23097600,0.2,0.9,1
9/25/2021 10:00,23101200,0.1,0.9,1
9/25/2021 11:00,23104800,0.1,0.9,1
9/25/2021 12:00,23108400,0.2,0.9,1
9/25/2021 13:00,23112000,0.2,0.9,0.5
9/25/2021 14:00,23115600,0.2,0.9,1
9/25/2021 15:00,23119200,0.1,0.9,1
9/25/2021 16:00,23122800,0.2,0.9,1
9/25/2021 17:00,23126400,0.1,0.9,1
9/25/2021 18:00,23130000,0.2,0.5,0.3
9/25/2021 19:00,23133600,0.3,0.3,0.1
9/25/2021 20:00,23137200,0.4,0.3,0.1
9/25/2021 21:00,23140800,0.6,0.2,0
9/25/2021 22:00,23144400,0.9,0.2,0
9/25/2021 23:00,23148000,1.1,0.1,0
9/26/2021 0:00,23151600,1,0.05,0
9/26/2021 1:00,23155200,0,0.05,0
9/26/2021 2:00,23158800,0,0.05,0
9/26/2021 3:00,23162400,0,0.05,0
9/26/2021 4:00,23166000,0,0.05,0
9/26/2021 5:00,23169600,0,0.05,0
9/26/2021 6:00,23173200,0,0.1,0
9/26/2021 7:00,23176800,0.1,0.1,0.1
9/26/2021 8:00,23180400,0.4,0.3,0.2
9/26/2021 9:00,23184000,0.4,0.9,1
9/26/2021 10:00,23187600,0.4,0.9,1
9/26/2021 11:00,23191200,0.5,0.9,1
9/26/2021 12:00,23194800,0.2,0.9,1
9/26/2021 13:00,23198400,0.1,0.9,0.5
9/26/2021 14:00,23202000,0.7,0.9,1
9/26/2021 15:00,23205600,0.8,0.9,1
9/26/2021 16:00,23209200,0.7,0.9,1
9/26/2021 17:00,23212800,0.4,0.9,1
9/26/2021 18:00,23216400,0.1,0.5,0.3
9/26/2021 19:00,23220000,0.1,0.3,0.1
9/26/2021 20:00,23223600,0.8,0.3,0.1
9/26/2021 21:00,23227200,1.8,0.2,0
9/26/2021 22:00,23230800,1.3,0.2,0
9/26/2021 23:00,23234400,1.3,0.1,0
9/27/2021 0:00,23238000,1.1,0.05,0
9/27/2021 1:00,23241600,1,0.05,0
9/27/2021 2:00,23245200,1.1,0.05,0
9/27/2021 3:00,23248800,0,0.05,0
9/27/2021 4:00,23252400,0.2,0.05,0
9/27/2021 5:00,23256000,0,0.05,0
9/27/2021 6:00,23259600,0.3,0.1,0
9/27/2021 7:00,23263200,0.7,0.1,0.1
9/27/2021 8:00,23266800,1,0.3,0.2
9/27/2021 9:00,23270400,0.4,0.9,1
9/27/2021 10:00,23274000,0.3,0.9,1
9/27/2021 11:00,23277600,0.2,0.9,1
9/27/2021 12:00,23281200,0.1,0.9,1
9/27/2021 13:00,23284800,0.2,0.9,0.5
9/27/2021 14:00,23288400,1.4,0.9,1
9/27/2021 15:00,23292000,3,0.9,1
9/27/2021 16:00,23295600,2.1,0.9,1
9/27/2021 17:00,23299200,0.3,0.9,1
9/27/2021 18:00,23302800,0.2,0.5,0.3
9/27/2021 19:00,23306400,0.2,0.3,0.1
9/27/2021 20:00,23310000,0,0.3,0.1
9/27/2021 21:00,23313600,0,0.2,0
9/27/2021 22:00,23317200,0,0.2,0
9/27/2021 23:00,23320800,0,0.1,0
9/28/2021 0:00,23324400,0,0.05,0
9/28/2021 1:00,23328000,0,0.05,0
9/28/2021 2:00,23331600,0.1,0.05,0
9/28/2021 3:00,23335200,0,0.05,0
9/28/2021 4:00,23338800,0.4,0.05,0
9/28/2021 5:00,23342400,0.3,0.05,0
9/28/2021 6:00,23346000,0.4,0.1,0
9/28/2021 7:00,23349600,0.3,0.1,0.1
9/28/2021 8:00,23353200,0.3,0.3,0.2
9/28/2021 9:00,23356800,0.6,0.9,1
9/28/2021 10:00,23360400,0.1,0.9,1
9/28/2021 11:00,23364000,0.1,0.9,1
9/28/2021 12:00,23367600,0.3,0.9,1
9/28/2021 13:00,23371200,0.3,0.9,0.5
9/28/2021 14:00,23374800,0.1,0.9,1
9/28/2021 15:00,23378400,2.1,0.9,1
9/28/2021 16:00,23382000,0.8,0.9,1
9/28/2021 17:00,23385600,0.1,0.9,1
9/28/2021 18:00,23389200,0,0.5,0.3
9/28/2021 19:00,23392800,0,0.3,0.1
9/28/2021 20:00,23396400,0,0.3,0.1
9/28/2021 21:00,23400000,0,0.2,0
9/28/2021 22:00,23403600,0,0.2,0
9/28/2021 23:00,23407200,0,0.1,0
9/29/2021 0:00,23410800,0.1,0.05,0
9/29/2021 1:00,23414400,0.2,0.05,0
9/29/2021 2:00,23418000,0.3,0.05,0
9/29/2021 3:00,23421600,0,0.05,0
9/29/2021 4:00,23425200,0.1,0.05,0
9/29/2021 5:00,23428800,0.1,0.05,0
9/29/2021 6:00,23432400,0.3,0.05,0
9/29/2021 7:00,23436000,0.6,0.1,0.1
9/29/2021 8:00,23439600,0.6,0.1,0.1
9/29/2021 9:00,23443200,0.1,0.3,0.3
9/29/2021 10:00,23446800,0.3,0.3,0.3
9/29/2021 11:00,23450400,0.6,0.3,0.3
9/29/2021 12:00,23454000,1.6,0.3,0.3
9/29/2021 13:00,23457600,0.3,0.15,0.1
9/29/2021 14:00,23461200,0.1,0.15,0.1
9/29/2021 15:00,23464800,0,0.15,0.1
9/29/2021 16:00,23468400,0,0.15,0.1
9/29/2021 17:00,23472000,0.1,0.15,0.1
9/29/2021 18:00,23475600,0.1,0.05,0
9/29/2021 19:00,23479200,0,0.05,0
9/29/2021 20:00,23482800,0.2,0.05,0
9/29/2021 21:00,23486400,0.2,0.05,0
9/29/2021 22:00,23490000,0.7,0.05,0
9/29/2021 23:00,23493600,1.1,0.05,0
9/30/2021 0:00,23497200,0.7,0.05,0
9/30/2021 1:00,23500800,1.2,0,0
9/30/2021 2:00,23504400,1.5,0,0
9/30/2021 3:00,23508000,3.7,0,0
9/30/2021 4:00,23511600,3.5,0,0
9/30/2021 5:00,23515200,1.9,0,0
9/30/2021 6:00,23518800,1.9,0,0
9/30/2021 7:00,23522400,2.2,0,0
9/30/2021 8:00,23526000,2.5,0,0
9/30/2021 9:00,23529600,2.6,0,0
9/30/2021 10:00,23533200,2,0,0
9/30/2021 11:00,23536800,0.9,0,0
9/30/2021 12:00,23540400,1.3,0,0
9/30/2021 13:00,23544000,1.8,0,0
9/30/2021 14:00,23547600,2,0,0
9/30/2021 15:00,23551200,1.4,0,0
9/30/2021 16:00,23554800,1.1,0,0
9/30/2021 17:00,23558400,0.7,0,0
9/30/2021 18:00,23562000,0.5,0,0
9/30/2021 19:00,23565600,0.3,0,0
9/30/2021 20:00,23569200,0.6,0,0
9/30/2021 21:00,23572800,0.2,0,0
9/30/2021 22:00,23576400,0.4,0,0
9/30/2021 23:00,23580000,0,0,0
10/1/2021 0:00,23583600,0.3,0,0
10/1/2021 1:00,23587200,0.1,0.05,0
10/1/2021 2:00,23590800,0.2,0.05,0
10/1/2021 3:00,23594400,0,0.05,0
10/1/2021 4:00,23598000,0,0.05,0
10/1/2021 5:00,23601600,0,0.05,0
10/1/2021 6:00,23605200,0,0.1,0
10/1/2021 7:00,23608800,0,0.1,0.1
10/1/2021 8:00,23612400,0.1,0.3,0.2
10/1/2021 9:00,23616000,0.1,0.9,1
10/1/2021 10:00,23619600,0.2,0.9,1
10/1/2021 11:00,23623200,0.2,0.9,1
10/1/2021 12:00,23626800,1.1,0.9,1
10/1/2021 13:00,23630400,2.2,0.9,0.5
10/1/2021 14:00,23634000,1,0.9,1
10/1/2021 15:00,23637600,3.5,0.9,1
10/1/2021 16:00,23641200,3.1,0.9,1
10/1/2021 17:00,23644800,1.1,0.9,1
10/1/2021 18:00,23648400,0.2,0.5,0.3
10/1/2021 19:00,23652000,0.1,0.3,0.1
10/1/2021 20:00,23655600,0,0.3,0.1
10/1/2021 21:00,23659200,0,0.2,0
10/1/2021 22:00,23662800,0,0.2,0
10/1/2021 23:00,23666400,0,0.1,0
10/2/2021 0:00,23670000,0,0.05,0
10/2/2021 1:00,23673600,0,0.05,0
10/2/2021 2:00,23677200,0.2,0.05,0
10/2/2021 3:00,23680800,0.1,0.05,0
10/2/2021 4:00,23684400,0.1,0.05,0
10/2/2021 5:00,23688000,0,0.05,0
10/2/2021 6:00,23691600,0,0.1,0
10/2/2021 7:00,23695200,0,0.1,0.1
10/2/2021 8:00,23698800,0,0.3,0.2
10/2/2021 9:00,23702400,0,0.9,1
10/2/2021 10:00,23706000,0,0.9,1
10/2/2021 11:00,23709600,0,0.9,1
10/2/2021 12:00,23713200,0,0.9,1
10/2/2021 13:00,23716800,0,0.9,0.5
10/2/2021 14:00,23720400,0,0.9,1
10/2/2021 15:00,23724000,0,0.9,1
10/2/2021 16:00,23727600,0,0.9,1
10/2/2021 17:00,23731200,0,0.9,1
10/2/2021 18:00,23734800,0,0.5,0.3
10/2/2021 19:00,23738400,0,0.3,0.1
10/2/2021 20:00,23742000,0,0.3,0.1
10/2/2021 21:00,23745600,0.1,0.2,0
10/2/2021 22:00,23749200,0.1,0.2,0
10/2/2021 23:00,23752800,0,0.1,0
10/3/2021 0:00,23756400,0,0.05,0
10/3/2021 1:00,23760000,0,0.05,0
10/3/2021 2:00,23763600,0.1,0.05,0
10/3/2021 3:00,23767200,0.1,0.05,0
10/3/2021 4:00,23770800,0,0.05,0
10/3/2021 5:00,23774400,0.1,0.05,0
10/3/2021 6:00,23778000,0,0.1,0
10/3/2021 7:00,23781600,0,0.1,0.1
10/3/2021 8:00,23785200,0,0.3,0.2
10/3/2021 9:00,23788800,0,0.9,1
10/3/2021 10:00,23792400,0,0.9,1
10/3/2021 11:00,23796000,0,0.9,1
10/3/2021 12:00,23799600,0,0.9,1
10/3/2021 13:00,23803200,0,0.9,0.5
10/3/2021 14:00,23806800,0,0.9,1
10/3/2021 15:00,23810400,0,0.9,1
10/3/2021 16:00,23814000,0.1,0.9,1
10/3/2021 17:00,23817600,0.1,0.9,1
10/3/2021 18:00,23821200,0,0.5,0.3
10/3/2021 19:00,23824800,0,0.3,0.1
10/3/2021 20:00,23828400,0,0.3,0.1
10/3/2021 21:00,23832000,0,0.2,0
10/3/2021 22:00,23835600,0,0.2,0
10/3/2021 23:00,23839200,0,0.1,0
10/4/2021 0:00,23842800,0,0.05,0
10/4/2021 1:00,23846400,0,0.05,0
10/4/2021 2:00,23850000,0,0.05,0
10/4/2021 3:00,23853600,0,0.05,0
10/4/2021 4:00,23857200,0,0.05,0
10/4/2021 5:00,23860800,0,0.05,0
10/4/2021 6:00,23864400,0,0.1,0
10/4/2021 7:00,23868000,0.3,0.1,0.1
10/4/2021 8:00,23871600,0,0.3,0.2
10/4/2021 9:00,23875200,0,0.9,1
10/4/2021 10:00,23878800,0.1,0.9,1
10/4/2021 11:00,23882400,0.1,0.9,1
10/4/2021 12:00,23886000,0.1,0.9,1
10/4/2021 13:00,23889600,0.1,0.9,0.5
10/4/2021 14:00,23893200,0.2,0.9,1
10/4/2021 15:00,23896800,0.1,0.9,1
10/4/2021 16:00,23900400,0.1,0.9,1
10/4/2021 17:00,23904000,0,0.9,1
10/4/2021 18:00,23907600,0,0.5,0.3
10/4/2021 19:00,23911200,0,0.3,0.1
10/4/2021 20:00,23914800,0,0.3,0.1
10/4/2021 21:00,23918400,0,0.2,0
10/4/2021 22:00,23922000,0,0.2,0
10/4/2021 23:00,23925600,0,0.1,0
10/5/2021 0:00,23929200,0,0.05,0
10/5/2021 1:00,23932800,0,0.05,0
10/5/2021 2:00,23936400,0,0.05,0
10/5/2021 3:00,23940000,0,0.05,0
10/5/2021 4:00,23943600,0,0.05,0
10/5/2021 5:00,23947200,0,0.05,0
10/5/2021 6:00,23950800,0.1,0.1,0
10/5/2021 7:00,23954400,0,0.1,0.1
10/5/2021 8:00,23958000,0.3,0.3,0.2
10/5/2021 9:00,23961600,0.9,0.9,1
10/5/2021 10:00,23965200,1,0.9,1
10/5/2021 11:00,23968800,0.2,0.9,1
10/5/2021 12:00,23972400,0.2,0.9,1
10/5/2021 13:00,23976000,0.1,0.9,0.5
10/5/2021 14:00,23979600,0,0.9,1
10/5/2021 15:00,23983200,0.9,0.9,1
10/5/2021 16:00,23986800,0.3,0.9,1
10/5/2021 17:00,23990400,0,0.9,1
10/5/2021 18:00,23994000,0,0.5,0.3
10/5/2021 19:00,23997600,0,0.3,0.1
10/5/2021 20:00,24001200,0,0.3,0.1
10/5/2021 21:00,24004800,0,0.2,0
10/5/2021 22:00,24008400,0,0.2,0
10/5/2021 23:00,24012000,0,0.1,0
10/6/2021 0:00,24015600,0,0.05,0
10/6/2021 1:00,24019200,0,0.05,0
10/6/2021 2:00,24022800,0,0.05,0
10/6/2021 3:00,24026400,0,0.05,0
10/6/2021 4:00,24030000,0,0.05,0
10/6/2021 5:00,24033600,0,0.05,0
10/6/2021 6:00,24037200,0,0.05,0
10/6/2021 7:00,24040800,0,0.1,0.1
10/6/2021 8:00,24044400,0,0.1,0.1
10/6/2021 9:00,24048000,0.1,0.3,0.3
10/6/2021 10:00,24051600,0.1,0.3,0.3
10/6/2021 11:00,24055200,0.1,0.3,0.3
10/6/2021 12:00,24058800,0.1,0.3,0.3
10/6/2021 13:00,24062400,0.1,0.15,0.1
10/6/2021 14:00,24066000,0,0.15,0.1
10/6/2021 15:00,24069600,0,0.15,0.1
10/6/2021 16:00,24073200,0,0.15,0.1
10/6/2021 17:00,24076800,0,0.15,0.1
10/6/2021 18:00,24080400,0,0.05,0
10/6/2021 19:00,24084000,0,0.05,0
10/6/2021 20:00,24087600,0,0.05,0
10/6/2021 21:00,24091200,0,0.05,0
10/6/2021 22:00,24094800,0,0.05,0
10/6/2021 23:00,24098400,0,0.05,0
10/7/2021 0:00,24102000,0,0.05,0
10/7/2021 1:00,24105600,0,0,0
10/7/2021 2:00,24109200,0,0,0
10/7/2021 3:00,24112800,0,0,0
10/7/2021 4:00,24116400,0,0,0
10/7/2021 5:00,24120000,0,0,0
10/7/2021 6:00,24123600,0,0,0
10/7/2021 7:00,24127200,0,0,0
10/7/2021 8:00,24130800,0.1,0,0
10/7/2021 9:00,24134400,0,0,0
10/7/2021 10:00,24138000,0.1,0,0
10/7/2021 11:00,24141600,0.1,0,0
10/7/2021 12:00,24145200,0.1,0,0
10/7/2021 13:00,24148800,0.1,0,0
10/7/2021 14:00,24152400,1.3,0,0
10/7/2021 15:00,24156000,0.1,0,0
10/7/2021 16:00,24159600,0.1,0,0
10/7/2021 17:00,24163200,0,0,0
10/7/2021 18:00,24166800,0,0,0
10/7/2021 19:00,24170400,0,0,0
10/7/2021 20:00,24174000,0.1,0,0
10/7/2021 21:00,24177600,0,0,0
10/7/2021 22:00,24181200,0,0,0
10/7/2021 23:00,24184800,0,0,0
10/8/2021 0:00,24188400,0,0,0
10/8/2021 1:00,24192000,0.1,0.05,0
10/8/2021 2:00,24195600,0.3,0.05,0
10/8/2021 3:00,24199200,0.3,0.05,0
10/8/2021 4:00,24202800,0.2,0.05,0
10/8/2021 5:00,24206400,0.4,0.05,0
10/8/2021 6:00,24210000,0.4,0.1,0
10/8/2021 7:00,24213600,0.1,0.1,0.1
10/8/2021 8:00,24217200,0.2,0.3,0.2
10/8/2021 9:00,24220800,0.1,0.9,1
10/8/2021 10:00,24224400,0.2,0.9,1
10/8/2021 11:00,24228000,0.2,0.9,1
10/8/2021 12:00,24231600,0.3,0.9,1
10/8/2021 13:00,24235200,0.1,0.9,0.5
10/8/2021 14:00,24238800,0,0.9,1
10/8/2021 15:00,24242400,0.1,0.9,1
10/8/2021 16:00,24246000,0,0.9,1
10/8/2021 17:00,24249600,0,0.9,1
10/8/2021 18:00,24253200,0,0.5,0.3
10/8/2021 19:00,24256800,0,0.3,0.1
10/8/2021 20:00,24260400,0,0.3,0.1
10/8/2021 21:00,24264000,0,0.2,0
10/8/2021 22:00,24267600,0,0.2,0
10/8/2021 23:00,24271200,0,0.1,0
10/9/2021 0:00,24274800,0,0.05,0
10/9/2021 1:00,24278400,0,0.05,0
10/9/2021 2:00,24282000,0.2,0.05,0
10/9/2021 3:00,24285600,0.2,0.05,0
10/9/2021 4:00,24289200,0,0.05,0
10/9/2021 5:00,24292800,0,0.05,0
10/9/2021 6:00,24296400,0,0.1,0
10/9/2021 7:00,24300000,0.1,0.1,0.1
10/9/2021 8:00,24303600,0,0.3,0.2
10/9/2021 9:00,24307200,0,0.9,1
10/9/2021 10:00,24310800,0.1,0.9,1
10/9/2021 11:00,24314400,0,0.9,1
10/9/2021 12:00,24318000,0.1,0.9,1
10/9/2021 13:00,24321600,0.1,0.9,0.5
10/9/2021 14:00,24325200,0.2,0.9,1
10/9/2021 15:00,24328800,0.1,0.9,1
10/9/2021 16:00,24332400,0,0.9,1
10/9/2021 17:00,24336000,0,0.9,1
10/9/2021 18:00,24339600,0,0.5,0.3
10/9/2021 19:00,24343200,0,0.3,0.1
10/9/2021 20:00,24346800,0,0.3,0.1
10/9/2021 21:00,24350400,0,0.2,0
10/9/2021 22:00,24354000,0,0.2,0
10/9/2021 23:00,24357600,0,0.1,0
10/10/2021 0:00,24361200,0,0.05,0
10/10/2021 1:00,24364800,0,0.05,0
10/10/2021 2:00,24368400,0.1,0.05,0
10/10/2021 3:00,24372000,0,0.05,0
10/10/2021 4:00,24375600,0.1,0.05,0
10/10/2021 5:00,24379200,0.1,0.05,0
10/10/2021 6:00,24382800,0,0.1,0
10/10/2021 7:00,24386400,0.1,0.1,0.1
10/10/2021 8:00,24390000,0.2,0.3,0.2
10/10/2021 9:00,24393600,0.1,0.9,1
10/10/2021 10:00,24397200,0,0.9,1
10/10/2021 11:00,24400800,0,0.9,1
10/10/2021 12:00,24404400,0.1,0.9,1
10/10/2021 13:00,24408000,0,0.9,0.5
10/10/2021 14:00,24411600,0,0.9,1
10/10/2021 15:00,24415200,0.7,0.9,1
10/10/2021 16:00,24418800,0.3,0.9,1
10/10/2021 17:00,24422400,0.7,0.9,1
10/10/2021 18:00,24426000,1.4,0.5,0.3
10/10/2021 19:00,24429600,0.2,0.3,0.1
10/10/2021 20:00,24433200,0.1,0.3,0.1
10/10/2021 21:00,24436800,0,0.2,0
10/10/2021 22:00,24440400,0.1,0.2,0
10/10/2021 23:00,24444000,0,0.1,0
10/11/2021 0:00,24447600,0,0.05,0
10/11/2021 1:00,24451200,0,0.05,0
10/11/2021 2:00,24454800,0,0.05,0
10/11/2021 3:00,24458400,0,0.05,0
10/11/2021 4:00,24462000,0,0.05,0
10/11/2021 5:00,24465600,0,0.05,0
10/11/2021 6:00,24469200,0,0.1,0
10/11/2021 7:00,24472800,0,0.1,0.1
10/11/2021 8:00,24476400,0,0.3,0.2
10/11/2021 9:00,24480000,0,0.9,1
10/11/2021 10:00,24483600,0,0.9,1
10/11/2021 11:00,24487200,0,0.9,1
10/11/2021 12:00,24490800,0,0.9,1
10/11/2021 13:00,24494400,0,0.9,0.5
10/11/2021 14:00,24498000,0,0.9,1
10/11/2021 15:00,24501600,0,0.9,1
10/11/2021 16:00,24505200,0,0.9,1
10/11/2021 17:00,24508800,0,0.9,1
10/11/2021 18:00,24512400,0,0.5,0.3
10/11/2021 19:00,24516000,0,0.3,0.1
10/11/2021 20:00,24519600,0,0.3,0.1
10/11/2021 21:00,24523200,0,0.2,0
10/11/2021 22:00,24526800,0,0.2,0
10/11/2021 23:00,24530400,0,0.1,0
10/12/2021 0:00,24534000,0,0.05,0
10/12/2021 1:00,24537600,0,0.05,0
10/12/2021 2:00,24541200,0,0.05,0
10/12/2021 3:00,24544800,0,0.05,0
10/12/2021 4:00,24548400,0,0.05,0
10/12/2021 5:00,24552000,0,0.05,0
10/12/2021 6:00,24555600,0,0.1,0
10/12/2021 7:00,24559200,0,0.1,0.1
10/12/2021 8:00,24562800,0,0.3,0.2
10/12/2021 9:00,24566400,0.1,0.9,1
10/12/2021 10:00,24570000,0,0.9,1
10/12/2021 11:00,24573600,0,0.9,1
10/12/2021 12:00,24577200,0,0.9,1
10/12/2021 13:00,24580800,0,0.9,0.5
10/12/2021 14:00,24584400,0,0.9,1
10/12/2021 15:00,24588000,0.1,0.9,1
10/12/2021 16:00,24591600,0,0.9,1
10/12/2021 17:00,24595200,0.1,0.9,1
10/12/2021 18:00,24598800,0,0.5,0.3
10/12/2021 19:00,24602400,0,0.3,0.1
10/12/2021 20:00,24606000,0,0.3,0.1
10/12/2021 21:00,24609600,0,0.2,0
10/12/2021 22:00,24613200,0,0.2,0
10/12/2021 23:00,24616800,0.2,0.1,0
10/13/2021 0:00,24620400,0,0.05,0
10/13/2021 1:00,24624000,0.1,0.05,0
10/13/2021 2:00,24627600,0,0.05,0
10/13/2021 3:00,24631200,0,0.05,0
10/13/2021 4:00,24634800,0,0.05,0
10/13/2021 5:00,24638400,0,0.05,0
10/13/2021 6:00,24642000,0,0.05,0
10/13/2021 7:00,24645600,0,0.1,0.1
10/13/2021 8:00,24649200,0,0.1,0.1
10/13/2021 9:00,24652800,0,0.3,0.3
10/13/2021 10:00,24656400,0.1,0.3,0.3
10/13/2021 11:00,24660000,0.1,0.3,0.3
10/13/2021 12:00,24663600,0.1,0.3,0.3
10/13/2021 13:00,24667200,0,0.15,0.1
10/13/2021 14:00,24670800,0,0.15,0.1
10/13/2021 15:00,24674400,0,0.15,0.1
10/13/2021 16:00,24678000,0,0.15,0.1
10/13/2021 17:00,24681600,0,0.15,0.1
10/13/2021 18:00,24685200,0,0.05,0
10/13/2021 19:00,24688800,0,0.05,0
10/13/2021 20:00,24692400,0,0.05,0
10/13/2021 21:00,24696000,0,0.05,0
10/13/2021 22:00,24699600,0,0.05,0
10/13/2021 23:00,24703200,0,0.05,0
10/14/2021 0:00,24706800,0,0.05,0
10/14/2021 1:00,24710400,0,0,0
10/14/2021 2:00,24714000,0.1,0,0
10/14/2021 3:00,24717600,0.3,0,0
10/14/2021 4:00,24721200,0.3,0,0
10/14/2021 5:00,24724800,0,0,0
10/14/2021 6:00,24728400,0,0,0
10/14/2021 7:00,24732000,0.1,0,0
10/14/2021 8:00,24735600,0.1,0,0
10/14/2021 9:00,24739200,0.1,0,0
10/14/2021 10:00,24742800,0.2,0,0
10/14/2021 11:00,24746400,0.9,0,0
10/14/2021 12:00,24750000,1.1,0,0
10/14/2021 13:00,24753600,0.2,0,0
10/14/2021 14:00,24757200,0.1,0,0
10/14/2021 15:00,24760800,0,0,0
10/14/2021 16:00,24764400,0.2,0,0
10/14/2021 17:00,24768000,0,0,0
10/14/2021 18:00,24771600,0,0,0
10/14/2021 19:00,24775200,0,0,0
10/14/2021 20:00,24778800,0,0,0
10/14/2021 21:00,24782400,0.2,0,0
10/14/2021 22:00,24786000,0.2,0,0
10/14/2021 23:00,24789600,0.3,0,0
10/15/2021 0:00,24793200,0.1,0,0
10/15/2021 1:00,24796800,0.1,0.05,0
10/15/2021 2:00,24800400,0.3,0.05,0
10/15/2021 3:00,24804000,0,0.05,0
10/15/2021 4:00,24807600,0,0.05,0
10/15/2021 5:00,24811200,0,0.05,0
10/15/2021 6:00,24814800,0,0.1,0
10/15/2021 7:00,24818400,0,0.1,0.1
10/15/2021 8:00,24822000,0,0.3,0.2
10/15/2021 9:00,24825600,0.1,0.9,1
10/15/2021 10:00,24829200,0.1,0.9,1
10/15/2021 11:00,24832800,0.1,0.9,1
10/15/2021 12:00,24836400,0.1,0.9,1
10/15/2021 13:00,24840000,0,0.9,0.5
10/15/2021 14:00,24843600,0.1,0.9,1
10/15/2021 15:00,24847200,0,0.9,1
10/15/2021 16:00,24850800,0,0.9,1
10/15/2021 17:00,24854400,0,0.9,1
10/15/2021 18:00,24858000,0,0.5,0.3
10/15/2021 19:00,24861600,0,0.3,0.1
10/15/2021 20:00,24865200,0,0.3,0.1
10/15/2021 21:00,24868800,0,0.2,0
10/15/2021 22:00,24872400,0,0.2,0
10/15/2021 23:00,24876000,0,0.1,0
10/16/2021 0:00,24879600,0,0.05,0
10/16/2021 1:00,24883200,0,0.05,0
10/16/2021 2:00,24886800,0,0.05,0
10/16/2021 3:00,24890400,0,0.05,0
10/16/2021 4:00,24894000,0,0.05,0
10/16/2021 5:00,24897600,0,0.05,0
10/16/2021 6:00,24901200,0,0.1,0
10/16/2021 7:00,24904800,0,0.1,0.1
10/16/2021 8:00,24908400,0,0.3,0.2
10/16/2021 9:00,24912000,0,0.9,1
10/16/2021 10:00,24915600,0,0.9,1
10/16/2021 11:00,24919200,0.2,0.9,1
10/16/2021 12:00,24922800,0,0.9,1
10/16/2021 13:00,24926400,0.1,0.9,0.5
10/16/2021 14:00,24930000,0.1,0.9,1
10/16/2021 15:00,24933600,1.3,0.9,1
10/16/2021 16:00,24937200,0.1,0.9,1
10/16/2021 17:00,24940800,0.2,0.9,1
10/16/2021 18:00,24944400,0.1,0.5,0.3
10/16/2021 19:00,24948000,0.1,0.3,0.1
10/16/2021 20:00,24951600,0.1,0.3,0.1
10/16/2021 21:00,24955200,0.1,0.2,0
10/16/2021 22:00,24958800,0.1,0.2,0
10/16/2021 23:00,24962400,0.1,0.1,0
10/17/2021 0:00,24966000,0.1,0.05,0
10/17/2021 1:00,24969600,0,0.05,0
10/17/2021 2:00,24973200,0,0.05,0
10/17/2021 3:00,24976800,0,0.05,0
10/17/2021 4:00,24980400,0.1,0.05,0
10/17/2021 5:00,24984000,0.2,0.05,0
10/17/2021 6:00,24987600,0,0.1,0
10/17/2021 7:00,24991200,0.2,0.1,0.1
10/17/2021 8:00,24994800,0,0.3,0.2
10/17/2021 9:00,24998400,0.1,0.9,1
10/17/2021 10:00,25002000,0.3,0.9,1
10/17/2021 11:00,25005600,3,0.9,1
10/17/2021 12:00,25009200,3.3,0.9,1
10/17/2021 13:00,25012800,1.1,0.9,0.5
10/17/2021 14:00,25016400,0.2,0.9,1
10/17/2021 15:00,25020000,0.8,0.9,1
10/17/2021 16:00,25023600,0.8,0.9,1
10/17/2021 17:00,25027200,0.2,0.9,1
10/17/2021 18:00,25030800,0.3,0.5,0.3
10/17/2021 19:00,25034400,0,0.3,0.1
10/17/2021 20:00,25038000,0.2,0.3,0.1
10/17/2021 21:00,25041600,0.1,0.2,0
10/17/2021 22:00,25045200,0.5,0.2,0
10/17/2021 23:00,25048800,0.2,0.1,0
10/18/2021 0:00,25052400,0.8,0.05,0
10/18/2021 1:00,25056000,0.7,0.05,0
10/18/2021 2:00,25059600,0.4,0.05,0
10/18/2021 3:00,25063200,0,0.05,0
10/18/2021 4:00,25066800,0,0.05,0
10/18/2021 5:00,25070400,0,0.05,0
10/18/2021 6:00,25074000,0,0.1,0
10/18/2021 7:00,25077600,0.1,0.1,0.1
10/18/2021 8:00,25081200,0.3,0.3,0.2
10/18/2021 9:00,25084800,0.1,0.9,1
10/18/2021 10:00,25088400,0.2,0.9,1
10/18/2021 11:00,25092000,0.2,0.9,1
10/18/2021 12:00,25095600,0.7,0.9,1
10/18/2021 13:00,25099200,2.6,0.9,0.5
10/18/2021 14:00,25102800,1.1,0.9,1
10/18/2021 15:00,25106400,1.3,0.9,1
10/18/2021 16:00,25110000,0.4,0.9,1
10/18/2021 17:00,25113600,0.1,0.9,1
10/18/2021 18:00,25117200,0,0.5,0.3
10/18/2021 19:00,25120800,0,0.3,0.1
10/18/2021 20:00,25124400,0,0.3,0.1
10/18/2021 21:00,25128000,0,0.2,0
10/18/2021 22:00,25131600,0,0.2,0
10/18/2021 23:00,25135200,0,0.1,0
10/19/2021 0:00,25138800,0,0.05,0
10/19/2021 1:00,25142400,0,0.05,0
10/19/2021 2:00,25146000,0,0.05,0
10/19/2021 3:00,25149600,0.3,0.05,0
10/19/2021 4:00,25153200,0.4,0.05,0
10/19/2021 5:00,25156800,1.9,0.05,0
10/19/2021 6:00,25160400,2.7,0.1,0
10/19/2021 7:00,25164000,0.4,0.1,0.1
10/19/2021 8:00,25167600,0,0.3,0.2
10/19/2021 9:00,25171200,0,0.9,1
10/19/2021 10:00,25174800,0,0.9,1
10/19/2021 11:00,25178400,0.3,0.9,1
10/19/2021 12:00,25182000,0.3,0.9,1
10/19/2021 13:00,25185600,1.6,0.9,0.5
10/19/2021 14:00,25189200,0.9,0.9,1
10/19/2021 15:00,25192800,1,0.9,1
10/19/2021 16:00,25196400,1.3,0.9,1
10/19/2021 17:00,25200000,1,0.9,1
10/19/2021 18:00,25203600,0,0.5,0.3
10/19/2021 19:00,25207200,0,0.3,0.1
10/19/2021 20:00,25210800,0,0.3,0.1
10/19/2021 21:00,25214400,0.2,0.2,0
10/19/2021 22:00,25218000,0.2,0.2,0
10/19/2021 23:00,25221600,0,0.1,0
10/20/2021 0:00,25225200,0.1,0.05,0
10/20/2021 1:00,25228800,0.1,0.05,0
10/20/2021 2:00,25232400,0.5,0.05,0
10/20/2021 3:00,25236000,0.7,0.05,0
10/20/2021 4:00,25239600,0.3,0.05,0
10/20/2021 5:00,25243200,0.2,0.05,0
10/20/2021 6:00,25246800,0.6,0.05,0
10/20/2021 7:00,25250400,1,0.1,0.1
10/20/2021 8:00,25254000,1.9,0.1,0.1
10/20/2021 9:00,25257600,2.8,0.3,0.3
10/20/2021 10:00,25261200,2.6,0.3,0.3
10/20/2021 11:00,25264800,2.8,0.3,0.3
10/20/2021 12:00,25268400,1.2,0.3,0.3
10/20/2021 13:00,25272000,1,0.15,0.1
10/20/2021 14:00,25275600,0.6,0.15,0.1
10/20/2021 15:00,25279200,1.5,0.15,0.1
10/20/2021 16:00,25282800,1.9,0.15,0.1
10/20/2021 17:00,25286400,1.5,0.15,0.1
10/20/2021 18:00,25290000,0.5,0.05,0
10/20/2021 19:00,25293600,0.2,0.05,0
10/20/2021 20:00,25297200,0.1,0.05,0
10/20/2021 21:00,25300800,0.4,0.05,0
10/20/2021 22:00,25304400,0.5,0.05,0
10/20/2021 23:00,25308000,0.5,0.05,0
10/21/2021 0:00,25311600,0.1,0.05,0
10/21/2021 1:00,25315200,0.1,0,0
10/21/2021 2:00,25318800,0.6,0,0
10/21/2021 3:00,25322400,0.4,0,0
10/21/2021 4:00,25326000,0.5,0,0
10/21/2021 5:00,25329600,0.3,0,0
10/21/2021 6:00,25333200,0.4,0,0
10/21/2021 7:00,25336800,0.5,0,0
10/21/2021 8:00,25340400,0.2,0,0
10/21/2021 9:00,25344000,0,0,0
10/21/2021 10:00,25347600,0,0,0
10/21/2021 11:00,25351200,0,0,0
10/21/2021 12:00,25354800,0.1,0,0
10/21/2021 13:00,25358400,0.2,0,0
10/21/2021 14:00,25362000,0.3,0,0
10/21/2021 15:00,25365600,1.8,0,0
10/21/2021 16:00,25369200,1.2,0,0
10/21/2021 17:00,25372800,1.4,0,0
10/21/2021 18:00,25376400,0.4,0,0
10/21/2021 19:00,25380000,0,0,0
10/21/2021 20:00,25383600,0,0,0
10/21/2021 21:00,25387200,0,0,0
10/21/2021 22:00,25390800,0,0,0
10/21/2021 23:00,25394400,0,0,0
10/22/2021 0:00,25398000,0,0,0
10/22/2021 1:00,25401600,0,0.05,0
10/22/2021 2:00,25405200,0.2,0.05,0
10/22/2021 3:00,25408800,0,0.05,0
10/22/2021 4:00,25412400,0,0.05,0
10/22/2021 5:00,25416000,0,0.05,0
10/22/2021 6:00,25419600,0,0.1,0
10/22/2021 7:00,25423200,0,0.1,0.1
10/22/2021 8:00,25426800,0.1,0.3,0.2
10/22/2021 9:00,25430400,0,0.9,1
10/22/2021 10:00,25434000,0.1,0.9,1
10/22/2021 11:00,25437600,0.5,0.9,1
10/22/2021 12:00,25441200,0.3,0.9,1
10/22/2021 13:00,25444800,1.2,0.9,0.5
10/22/2021 14:00,25448400,4.7,0.9,1
10/22/2021 15:00,25452000,4.8,0.9,1
10/22/2021 16:00,25455600,0.8,0.9,1
10/22/2021 17:00,25459200,0.3,0.9,1
10/22/2021 18:00,25462800,0,0.5,0.3
10/22/2021 19:00,25466400,0.2,0.3,0.1
10/22/2021 20:00,25470000,0.1,0.3,0.1
10/22/2021 21:00,25473600,0,0.2,0
10/22/2021 22:00,25477200,0,0.2,0
10/22/2021 23:00,25480800,0,0.1,0
10/23/2021 0:00,25484400,0.1,0.05,0
10/23/2021 1:00,25488000,0.2,0.05,0
10/23/2021 2:00,25491600,0.2,0.05,0
10/23/2021 3:00,25495200,0.1,0.05,0
10/23/2021 4:00,25498800,0.6,0.05,0
10/23/2021 5:00,25502400,0.8,0.05,0
10/23/2021 6:00,25506000,0.2,0.1,0
10/23/2021 7:00,25509600,0,0.1,0.1
10/23/2021 8:00,25513200,0,0.3,0.2
10/23/2021 9:00,25516800,0,0.9,1
10/23/2021 10:00,25520400,0,0.9,1
10/23/2021 11:00,25524000,0.1,0.9,1
10/23/2021 12:00,25527600,0.1,0.9,1
10/23/2021 13:00,25531200,0.1,0.9,0.5
10/23/2021 14:00,25534800,0.1,0.9,1
10/23/2021 15:00,25538400,0.2,0.9,1
10/23/2021 16:00,25542000,0.2,0.9,1
10/23/2021 17:00,25545600,0,0.9,1
10/23/2021 18:00,25549200,0,0.5,0.3
10/23/2021 19:00,25552800,0,0.3,0.1
10/23/2021 20:00,25556400,0,0.3,0.1
10/23/2021 21:00,25560000,0,0.2,0
10/23/2021 22:00,25563600,0.1,0.2,0
10/23/2021 23:00,25567200,0.2,0.1,0
10/24/2021 0:00,25570800,0.1,0.05,0
10/24/2021 1:00,25574400,0.2,0.05,0
10/24/2021 2:00,25578000,0.1,0.05,0
10/24/2021 3:00,25581600,0.3,0.05,0
10/24/2021 4:00,25585200,0.1,0.05,0
10/24/2021 5:00,25588800,0.1,0.05,0
10/24/2021 6:00,25592400,0.1,0.1,0
10/24/2021 7:00,25596000,1.7,0.1,0.1
10/24/2021 8:00,25599600,1.9,0.3,0.2
10/24/2021 9:00,25603200,1.2,0.9,1
10/24/2021 10:00,25606800,0.4,0.9,1
10/24/2021 11:00,25610400,0.1,0.9,1
10/24/2021 12:00,25614000,0.1,0.9,1
10/24/2021 13:00,25617600,0.1,0.9,0.5
10/24/2021 14:00,25621200,0.1,0.9,1
10/24/2021 15:00,25624800,3.2,0.9,1
10/24/2021 16:00,25628400,3.2,0.9,1
10/24/2021 17:00,25632000,0.9,0.9,1
10/24/2021 18:00,25635600,0.5,0.5,0.3
10/24/2021 19:00,25639200,0.3,0.3,0.1
10/24/2021 20:00,25642800,0.2,0.3,0.1
10/24/2021 21:00,25646400,0.1,0.2,0
10/24/2021 22:00,25650000,0.1,0.2,0
10/24/2021 23:00,25653600,0.1,0.1,0
10/25/2021 0:00,25657200,0.1,0.05,0
10/25/2021 1:00,25660800,0.1,0.05,0
10/25/2021 2:00,25664400,0,0.05,0
10/25/2021 3:00,25668000,0.1,0.05,0
10/25/2021 4:00,25671600,0.6,0.05,0
10/25/2021 5:00,25675200,0.2,0.05,0
10/25/2021 6:00,25678800,0,0.1,0
10/25/2021 7:00,25682400,0,0.1,0.1
10/25/2021 8:00,25686000,0,0.3,0.2
10/25/2021 9:00,25689600,0,0.9,1
10/25/2021 10:00,25693200,0,0.9,1
10/25/2021 11:00,25696800,0.1,0.9,1
10/25/2021 12:00,25700400,0.6,0.9,1
10/25/2021 13:00,25704000,2.3,0.9,0.5
10/25/2021 14:00,25707600,1.3,0.9,1
10/25/2021 15:00,25711200,0.7,0.9,1
10/25/2021 16:00,25714800,0,0.9,1
10/25/2021 17:00,25718400,0.1,0.9,1
10/25/2021 18:00,25722000,0.9,0.5,0.3
10/25/2021 19:00,25725600,0.2,0.3,0.1
10/25/2021 20:00,25729200,0.2,0.3,0.1
10/25/2021 21:00,25732800,0.6,0.2,0
10/25/2021 22:00,25736400,0.5,0.2,0
10/25/2021 23:00,25740000,0,0.1,0
10/26/2021 0:00,25743600,0,0.05,0
10/26/2021 1:00,25747200,0,0.05,0
10/26/2021 2:00,25750800,0,0.05,0
10/26/2021 3:00,25754400,0,0.05,0
10/26/2021 4:00,25758000,0,0.05,0
10/26/2021 5:00,25761600,0.1,0.05,0
10/26/2021 6:00,25765200,0.2,0.1,0
10/26/2021 7:00,25768800,0.2,0.1,0.1
10/26/2021 8:00,25772400,0.1,0.3,0.2
10/26/2021 9:00,25776000,0,0.9,1
10/26/2021 10:00,25779600,0,0.9,1
10/26/2021 11:00,25783200,0.1,0.9,1
10/26/2021 12:00,25786800,0.1,0.9,1
10/26/2021 13:00,25790400,0,0.9,0.5
10/26/2021 14:00,25794000,0.3,0.9,1
10/26/2021 15:00,25797600,0.1,0.9,1
10/26/2021 16:00,25801200,1.4,0.9,1
10/26/2021 17:00,25804800,1,0.9,1
10/26/2021 18:00,25808400,0,0.5,0.3
10/26/2021 19:00,25812000,0.2,0.3,0.1
10/26/2021 20:00,25815600,0.6,0.3,0.1
10/26/2021 21:00,25819200,0.4,0.2,0
10/26/2021 22:00,25822800,0.1,0.2,0
10/26/2021 23:00,25826400,0,0.1,0
10/27/2021 0:00,25830000,0,0.05,0
10/27/2021 1:00,25833600,0,0.05,0
10/27/2021 2:00,25837200,0,0.05,0
10/27/2021 3:00,25840800,0,0.05,0
10/27/2021 4:00,25844400,0.1,0.05,0
10/27/2021 5:00,25848000,0.7,0.05,0
10/27/2021 6:00,25851600,0.7,0.05,0
10/27/2021 7:00,25855200,0.1,0.1,0.1
10/27/2021 8:00,25858800,0.1,0.1,0.1
10/27/2021 9:00,25862400,0.1,0.3,0.3
10/27/2021 10:00,25866000,0.1,0.3,0.3
10/27/2021 11:00,25869600,0.1,0.3,0.3
10/27/2021 12:00,25873200,0.2,0.3,0.3
10/27/2021 13:00,25876800,0.6,0.15,0.1
10/27/2021 14:00,25880400,2,0.15,0.1
10/27/2021 15:00,25884000,0,0.15,0.1
10/27/2021 16:00,25887600,0,0.15,0.1
10/27/2021 17:00,25891200,0,0.15,0.1
10/27/2021 18:00,25894800,0,0.05,0
10/27/2021 19:00,25898400,0,0.05,0
10/27/2021 20:00,25902000,0,0.05,0
10/27/2021 21:00,25905600,0,0.05,0
10/27/2021 22:00,25909200,0,0.05,0
10/27/2021 23:00,25912800,0,0.05,0
10/28/2021 0:00,25916400,0,0.05,0
10/28/2021 1:00,25920000,0,0,0
10/28/2021 2:00,25923600,0.1,0,0
10/28/2021 3:00,25927200,2.4,0,0
10/28/2021 4:00,25930800,1,0,0
10/28/2021 5:00,25934400,0.2,0,0
10/28/2021 6:00,25938000,0,0,0
10/28/2021 7:00,25941600,0,0,0
10/28/2021 8:00,25945200,0,0,0
10/28/2021 9:00,25948800,0,0,0
10/28/2021 10:00,25952400,0,0,0
10/28/2021 11:00,25956000,0,0,0
10/28/2021 12:00,25959600,0.1,0,0
10/28/2021 13:00,25963200,0.5,0,0
10/28/2021 14:00,25966800,2.1,0,0
10/28/2021 15:00,25970400,0.4,0,0
10/28/2021 16:00,25974000,1.4,0,0
10/28/2021 17:00,25977600,0.6,0,0
10/28/2021 18:00,25981200,2.1,0,0
10/28/2021 19:00,25984800,1.7,0,0
10/28/2021 20:00,25988400,0.8,0,0
10/28/2021 21:00,25992000,0.2,0,0
10/28/2021 22:00,25995600,0.5,0,0
10/28/2021 23:00,25999200,0.6,0,0
10/29/2021 0:00,26002800,0.5,0,0
10/29/2021 1:00,26006400,0.6,0.05,0
10/29/2021 2:00,26010000,1.5,0.05,0
10/29/2021 3:00,26013600,0.3,0.05,0
10/29/2021 4:00,26017200,0.1,0.05,0
10/29/2021 5:00,26020800,0.1,0.05,0
10/29/2021 6:00,26024400,0,0.1,0
10/29/2021 7:00,26028000,0,0.1,0.1
10/29/2021 8:00,26031600,0,0.3,0.2
10/29/2021 9:00,26035200,0.2,0.9,1
10/29/2021 10:00,26038800,0,0.9,1
10/29/2021 11:00,26042400,0,0.9,1
10/29/2021 12:00,26046000,0,0.9,1
10/29/2021 13:00,26049600,0,0.9,0.5
10/29/2021 14:00,26053200,0,0.9,1
10/29/2021 15:00,26056800,0,0.9,1
10/29/2021 16:00,26060400,0.1,0.9,1
10/29/2021 17:00,26064000,0.1,0.9,1
10/29/2021 18:00,26067600,0,0.5,0.3
10/29/2021 19:00,26071200,0,0.3,0.1
10/29/2021 20:00,26074800,0,0.3,0.1
10/29/2021 21:00,26078400,0,0.2,0
10/29/2021 22:00,26082000,0,0.2,0
10/29/2021 23:00,26085600,0,0.1,0
10/30/2021 0:00,26089200,0,0.05,0
10/30/2021 1:00,26092800,0,0.05,0
10/30/2021 2:00,26096400,0.7,0.05,0
10/30/2021 3:00,26100000,0.1,0.05,0
10/30/2021 4:00,26103600,1.6,0.05,0
10/30/2021 5:00,26107200,1.4,0.05,0
10/30/2021 6:00,26110800,0.5,0.1,0
10/30/2021 7:00,26114400,0,0.1,0.1
10/30/2021 8:00,26118000,0,0.3,0.2
10/30/2021 9:00,26121600,0,0.9,1
10/30/2021 10:00,26125200,0.2,0.9,1
10/30/2021 11:00,26128800,1.2,0.9,1
10/30/2021 12:00,26132400,4.1,0.9,1
10/30/2021 13:00,26136000,1.4,0.9,0.5
10/30/2021 14:00,26139600,0.2,0.9,1
10/30/2021 15:00,26143200,2.7,0.9,1
10/30/2021 16:00,26146800,0.4,0.9,1
10/30/2021 17:00,26150400,0,0.9,1
10/30/2021 18:00,26154000,0.2,0.5,0.3
10/30/2021 19:00,26157600,0.1,0.3,0.1
10/30/2021 20:00,26161200,0.5,0.3,0.1
10/30/2021 21:00,26164800,1.4,0.2,0
10/30/2021 22:00,26168400,1.7,0.2,0
10/30/2021 23:00,26172000,0.9,0.1,0
10/31/2021 0:00,26175600,0.3,0.05,0
10/31/2021 1:00,26179200,0.2,0.05,0
10/31/2021 2:00,26182800,0.2,0.05,0
10/31/2021 3:00,26186400,0.1,0.05,0
10/31/2021 4:00,26190000,0,0.05,0
10/31/2021 5:00,26193600,0,0.05,0
10/31/2021 6:00,26197200,0,0.1,0
10/31/2021 7:00,26200800,0,0.1,0.1
10/31/2021 8:00,26204400,0,0.3,0.2
10/31/2021 9:00,26208000,0,0.9,1
10/31/2021 10:00,26211600,0,0.9,1
10/31/2021 11:00,26215200,0,0.9,1
10/31/2021 12:00,26218800,0.1,0.9,1
10/31/2021 13:00,26222400,0.1,0.9,0.5
10/31/2021 14:00,26226000,0.1,0.9,1
10/31/2021 15:00,26229600,2.7,0.9,1
10/31/2021 16:00,26233200,2.4,0.9,1
10/31/2021 17:00,26236800,0.2,0.9,1
10/31/2021 18:00,26240400,0.4,0.5,0.3
10/31/2021 19:00,26244000,0.4,0.3,0.1
10/31/2021 20:00,26247600,0.1,0.3,0.1
10/31/2021 21:00,26251200,1.6,0.2,0
10/31/2021 22:00,26254800,2.3,0.2,0
10/31/2021 23:00,26258400,1,0.1,0
11/1/2021 0:00,26262000,0.1,0.05,0
11/1/2010 1:00,26265600,0.2,0.05,0
11/1/2010 2:00,26269200,0.4,0.05,0
11/1/2010 3:00,26272800,0.2,0.05,0
11/1/2010 4:00,26276400,0.4,0.05,0
11/1/2010 5:00,26280000,0.5,0.05,0
11/1/2010 6:00,26283600,0.3,0.1,0
11/1/2010 7:00,26287200,0.2,0.1,0.1
11/1/2010 8:00,26290800,0.2,0.3,0.2
11/1/2010 9:00,26294400,0.3,0.9,1
11/1/2010 10:00,26298000,0.2,0.9,1
11/1/2010 11:00,26301600,0.2,0.9,1
11/1/2010 12:00,26305200,0.1,0.9,1
11/1/2010 13:00,26308800,0.1,0.9,0.5
11/1/2010 14:00,26312400,0.1,0.9,1
11/1/2010 15:00,26316000,0.1,0.9,1
11/1/2010 16:00,26319600,1.7,0.9,1
11/1/2010 17:00,26323200,2,0.9,1
11/1/2010 18:00,26326800,2.6,0.5,0.3
11/1/2010 19:00,26330400,4.4,0.3,0.1
11/1/2010 20:00,26334000,3.6,0.3,0.1
11/1/2010 21:00,26337600,1.1,0.2,0
11/1/2010 22:00,26341200,1.3,0.2,0
11/1/2010 23:00,26344800,1.9,0.1,0
11/2/2010 0:00,26348400,1.7,0.05,0
11/2/2010 1:00,26352000,1.3,0.05,0
11/2/2010 2:00,26355600,0.9,0.05,0
11/2/2010 3:00,26359200,2.3,0.05,0
11/2/2010 4:00,26362800,1.9,0.05,0
11/2/2010 5:00,26366400,1,0.05,0
11/2/2010 6:00,26370000,0.6,0.1,0
11/2/2010 7:00,26373600,0.3,0.1,0.1
11/2/2010 8:00,26377200,0.3,0.3,0.2
11/2/2010 9:00,26380800,0.2,0.9,1
11/2/2010 10:00,26384400,0.1,0.9,1
11/2/2010 11:00,26388000,0.1,0.9,1
11/2/2010 12:00,26391600,0.1,0.9,1
11/2/2010 13:00,26395200,0.1,0.9,0.5
11/2/2010 14:00,26398800,0.1,0.9,1
11/2/2010 15:00,26402400,0.1,0.9,1
11/2/2010 16:00,26406000,0.1,0.9,1
11/2/2010 17:00,26409600,0,0.9,1
11/2/2010 18:00,26413200,0,0.5,0.3
11/2/2010 19:00,26416800,0,0.3,0.1
11/2/2010 20:00,26420400,0.1,0.3,0.1
11/2/2010 21:00,26424000,0.2,0.2,0
11/2/2010 22:00,26427600,0.1,0.2,0
11/2/2010 23:00,26431200,0.1,0.1,0
11/3/2010 0:00,26434800,0.3,0.05,0
11/3/2010 1:00,26438400,0.4,0.05,0
11/3/2010 2:00,26442000,0.1,0.05,0
11/3/2010 3:00,26445600,0.1,0.05,0
11/3/2010 4:00,26449200,0.1,0.05,0
11/3/2010 5:00,26452800,0.1,0.05,0
11/3/2010 6:00,26456400,0,0.05,0
11/3/2010 7:00,26460000,0.1,0.1,0.1
11/3/2010 8:00,26463600,0,0.1,0.1
11/3/2010 9:00,26467200,0,0.3,0.3
11/3/2010 10:00,26470800,0,0.3,0.3
11/3/2010 11:00,26474400,0,0.3,0.3
11/3/2010 12:00,26478000,0.1,0.3,0.3
11/3/2010 13:00,26481600,0.9,0.15,0.1
11/3/2010 14:00,26485200,0.1,0.15,0.1
11/3/2010 15:00,26488800,0.1,0.15,0.1
11/3/2010 16:00,26492400,0,0.15,0.1
11/3/2010 17:00,26496000,0,0.15,0.1
11/3/2010 18:00,26499600,0,0.05,0
11/3/2010 19:00,26503200,0,0.05,0
11/3/2010 20:00,26506800,0,0.05,0
11/3/2010 21:00,26510400,0.5,0.05,0
11/3/2010 22:00,26514000,0.6,0.05,0
11/3/2010 23:00,26517600,0.1,0.05,0
11/4/2010 0:00,26521200,0.1,0.05,0
11/4/2010 1:00,26524800,0,0,0
11/4/2010 2:00,26528400,0,0,0
11/4/2010 3:00,26532000,0,0,0
11/4/2010 4:00,26535600,0.1,0,0
11/4/2010 5:00,26539200,0,0,0
11/4/2010 6:00,26542800,0.2,0,0
11/4/2010 7:00,26546400,0.8,0,0
11/4/2010 8:00,26550000,1.1,0,0
11/4/2010 9:00,26553600,0.7,0,0
11/4/2010 10:00,26557200,0.2,0,0
11/4/2010 11:00,26560800,0.3,0,0
11/4/2010 12:00,26564400,0.2,0,0
11/4/2010 13:00,26568000,0.1,0,0
11/4/2010 14:00,26571600,0.1,0,0
11/4/2010 15:00,26575200,0.1,0,0
11/4/2010 16:00,26578800,0.1,0,0
11/4/2010 17:00,26582400,0,0,0
11/4/2010 18:00,26586000,0,0,0
11/4/2010 19:00,26589600,0,0,0
11/4/2010 20:00,26593200,0,0,0
11/4/2010 21:00,26596800,0.2,0,0
11/4/2010 22:00,26600400,0,0,0
11/4/2010 23:00,26604000,0.4,0,0
11/5/2010 0:00,26607600,0.4,0,0
11/5/2010 1:00,26611200,0.7,0.05,0
11/5/2010 2:00,26614800,0.3,0.05,0
11/5/2010 3:00,26618400,0.1,0.05,0
11/5/2010 4:00,26622000,0.3,0.05,0
11/5/2010 5:00,26625600,0.2,0.05,0
11/5/2010 6:00,26629200,0.8,0.1,0
11/5/2010 7:00,26632800,1.9,0.1,0.1
11/5/2010 8:00,26636400,0.2,0.3,0.2
11/5/2010 9:00,26640000,0.1,0.9,1
11/5/2010 10:00,26643600,0.1,0.9,1
11/5/2010 11:00,26647200,0.1,0.9,1
11/5/2010 12:00,26650800,0.1,0.9,1
11/5/2010 13:00,26654400,0.1,0.9,0.5
11/5/2010 14:00,26658000,0.2,0.9,1
11/5/2010 15:00,26661600,1.1,0.9,1
11/5/2010 16:00,26665200,0.5,0.9,1
11/5/2010 17:00,26668800,0.7,0.9,1
11/5/2010 18:00,26672400,0.6,0.5,0.3
11/5/2010 19:00,26676000,0,0.3,0.1
11/5/2010 20:00,26679600,0,0.3,0.1
11/5/2010 21:00,26683200,0,0.2,0
11/5/2010 22:00,26686800,0.3,0.2,0
11/5/2010 23:00,26690400,0.1,0.1,0
11/6/2010 0:00,26694000,0,0.05,0
11/6/2010 1:00,26697600,0.2,0.05,0
11/6/2010 2:00,26701200,0.3,0.05,0
11/6/2010 3:00,26704800,1,0.05,0
11/6/2010 4:00,26708400,0.7,0.05,0
11/6/2010 5:00,26712000,0.5,0.05,0
11/6/2010 6:00,26715600,1.2,0.1,0
11/6/2010 7:00,26719200,1.3,0.1,0.1
11/6/2010 8:00,26722800,0.3,0.3,0.2
11/6/2010 9:00,26726400,0.2,0.9,1
11/6/2010 10:00,26730000,0.7,0.9,1
11/6/2010 11:00,26733600,0.5,0.9,1
11/6/2010 12:00,26737200,0.4,0.9,1
11/6/2010 13:00,26740800,0.4,0.9,0.5
11/6/2010 14:00,26744400,0.2,0.9,1
11/6/2010 15:00,26748000,0.4,0.9,1
11/6/2010 16:00,26751600,0,0.9,1
11/6/2010 17:00,26755200,0,0.9,1
11/6/2010 18:00,26758800,0.4,0.5,0.3
11/6/2010 19:00,26762400,1.5,0.3,0.1
11/6/2010 20:00,26766000,0.3,0.3,0.1
11/6/2010 21:00,26769600,0.3,0.2,0
11/6/2010 22:00,26773200,1.3,0.2,0
11/6/2010 23:00,26776800,0.6,0.1,0
11/7/2010 0:00,26780400,0.1,0.05,0
11/7/2010 1:00,26784000,0.7,0.05,0
11/7/2010 2:00,26787600,1.8,0.05,0
11/7/2010 3:00,26791200,1.5,0.05,0
11/7/2010 4:00,26794800,1.8,0.05,0
11/7/2010 5:00,26798400,1.6,0.05,0
11/7/2010 6:00,26802000,1.1,0.1,0
11/7/2010 7:00,26805600,0.7,0.1,0.1
11/7/2010 8:00,26809200,0.6,0.3,0.2
11/7/2010 9:00,26812800,0.4,0.9,1
11/7/2010 10:00,26816400,0.2,0.9,1
11/7/2010 11:00,26820000,0.2,0.9,1
11/7/2010 12:00,26823600,0.2,0.9,1
11/7/2010 13:00,26827200,0.4,0.9,0.5
11/7/2010 14:00,26830800,0.5,0.9,1
11/7/2010 15:00,26834400,0,0.9,1
11/7/2010 16:00,26838000,0.1,0.9,1
11/7/2010 17:00,26841600,0,0.9,1
11/7/2010 18:00,26845200,0.3,0.5,0.3
11/7/2010 19:00,26848800,0.2,0.3,0.1
11/7/2010 20:00,26852400,0.5,0.3,0.1
11/7/2010 21:00,26856000,0.1,0.2,0
11/7/2010 22:00,26859600,0.3,0.2,0
11/7/2010 23:00,26863200,0.2,0.1,0
11/8/2010 0:00,26866800,0.3,0.05,0
11/8/2010 1:00,26870400,0.3,0.05,0
11/8/2010 2:00,26874000,0.4,0.05,0
11/8/2010 3:00,26877600,1.1,0.05,0
11/8/2010 4:00,26881200,0.9,0.05,0
11/8/2010 5:00,26884800,0.5,0.05,0
11/8/2010 6:00,26888400,0.3,0.1,0
11/8/2010 7:00,26892000,0.9,0.1,0.1
11/8/2010 8:00,26895600,1.2,0.3,0.2
11/8/2010 9:00,26899200,0.7,0.9,1
11/8/2010 10:00,26902800,0.3,0.9,1
11/8/2010 11:00,26906400,0.3,0.9,1
11/8/2010 12:00,26910000,0.3,0.9,1
11/8/2010 13:00,26913600,0.3,0.9,0.5
11/8/2010 14:00,26917200,0.2,0.9,1
11/8/2010 15:00,26920800,0.2,0.9,1
11/8/2010 16:00,26924400,0.2,0.9,1
11/8/2010 17:00,26928000,1.6,0.9,1
11/8/2010 18:00,26931600,0.9,0.5,0.3
11/8/2010 19:00,26935200,0.4,0.3,0.1
11/8/2010 20:00,26938800,0.1,0.3,0.1
11/8/2010 21:00,26942400,0,0.2,0
11/8/2010 22:00,26946000,0.1,0.2,0
11/8/2010 23:00,26949600,0.3,0.1,0
11/9/2010 0:00,26953200,0.2,0.05,0
11/9/2010 1:00,26956800,0.1,0.05,0
11/9/2010 2:00,26960400,0.1,0.05,0
11/9/2010 3:00,26964000,0,0.05,0
11/9/2010 4:00,26967600,0.3,0.05,0
11/9/2010 5:00,26971200,0.3,0.05,0
11/9/2010 6:00,26974800,0.3,0.1,0
11/9/2010 7:00,26978400,0.1,0.1,0.1
11/9/2010 8:00,26982000,0.1,0.3,0.2
11/9/2010 9:00,26985600,0,0.9,1
11/9/2010 10:00,26989200,0,0.9,1
11/9/2010 11:00,26992800,0,0.9,1
11/9/2010 12:00,26996400,0.1,0.9,1
11/9/2010 13:00,27000000,0.8,0.9,0.5
11/9/2010 14:00,27003600,1.8,0.9,1
11/9/2010 15:00,27007200,0.2,0.9,1
11/9/2010 16:00,27010800,0.1,0.9,1
11/9/2010 17:00,27014400,0,0.9,1
11/9/2010 18:00,27018000,0,0.5,0.3
11/9/2010 19:00,27021600,0.1,0.3,0.1
11/9/2010 20:00,27025200,0.5,0.3,0.1
11/9/2010 21:00,27028800,0.2,0.2,0
11/9/2010 22:00,27032400,0.7,0.2,0
11/9/2010 23:00,27036000,0.5,0.1,0
11/10/2010 0:00,27039600,0.7,0.05,0
11/10/2010 1:00,27043200,1.2,0.05,0
11/10/2010 2:00,27046800,0.3,0.05,0
11/10/2010 3:00,27050400,0.8,0.05,0
11/10/2010 4:00,27054000,0.7,0.05,0
11/10/2010 5:00,27057600,0.5,0.05,0
11/10/2010 6:00,27061200,1.8,0.05,0
11/10/2010 7:00,27064800,1.8,0.1,0.1
11/10/2010 8:00,27068400,1.3,0.1,0.1
11/10/2010 9:00,27072000,1.1,0.3,0.3
11/10/2010 10:00,27075600,0.1,0.3,0.3
11/10/2010 11:00,27079200,0.1,0.3,0.3
11/10/2010 12:00,27082800,0.1,0.3,0.3
11/10/2010 13:00,27086400,0,0.15,0.1
11/10/2010 14:00,27090000,0,0.15,0.1
11/10/2010 15:00,27093600,0.9,0.15,0.1
11/10/2010 16:00,27097200,0.4,0.15,0.1
11/10/2010 17:00,27100800,0,0.15,0.1
11/10/2010 18:00,27104400,0,0.05,0
11/10/2010 19:00,27108000,0,0.05,0
11/10/2010 20:00,27111600,0.2,0.05,0
11/10/2010 21:00,27115200,0.8,0.05,0
11/10/2010 22:00,27118800,1.5,0.05,0
11/10/2010 23:00,27122400,0,0.05,0
11/11/2010 0:00,27126000,0.1,0.05,0
11/11/2010 1:00,27129600,0,0,0
11/11/2010 2:00,27133200,0.4,0,0
11/11/2010 3:00,27136800,0,0,0
11/11/2010 4:00,27140400,0,0,0
11/11/2010 5:00,27144000,0.2,0,0
11/11/2010 6:00,27147600,0.3,0,0
11/11/2010 7:00,27151200,1.8,0,0
11/11/2010 8:00,27154800,2.5,0,0
11/11/2010 9:00,27158400,0.9,0,0
11/11/2010 10:00,27162000,0.3,0,0
11/11/2010 11:00,27165600,0.4,0,0
11/11/2010 12:00,27169200,0.7,0,0
11/11/2010 13:00,27172800,0.4,0,0
11/11/2010 14:00,27176400,1,0,0
11/11/2010 15:00,27180000,0.8,0,0
11/11/2010 16:00,27183600,0.2,0,0
11/11/2010 17:00,27187200,0.3,0,0
11/11/2010 18:00,27190800,1.6,0,0
11/11/2010 19:00,27194400,1.5,0,0
11/11/2010 20:00,27198000,0.8,0,0
11/11/2010 21:00,27201600,0.2,0,0
11/11/2010 22:00,27205200,0,0,0
11/11/2010 23:00,27208800,0.8,0,0
11/12/2010 0:00,27212400,1.3,0,0
11/12/2010 1:00,27216000,1,0.05,0
11/12/2010 2:00,27219600,1.2,0.05,0
11/12/2010 3:00,27223200,0.2,0.05,0
11/12/2010 4:00,27226800,0.4,0.05,0
11/12/2010 5:00,27230400,0.9,0.05,0
11/12/2010 6:00,27234000,1.6,0.1,0
11/12/2010 7:00,27237600,0.3,0.1,0.1
11/12/2010 8:00,27241200,0.3,0.3,0.2
11/12/2010 9:00,27244800,0.6,0.9,1
11/12/2010 10:00,27248400,0.5,0.9,1
11/12/2010 11:00,27252000,0.7,0.9,1
11/12/2010 12:00,27255600,0.6,0.9,1
11/12/2010 13:00,27259200,1.5,0.9,0.5
11/12/2010 14:00,27262800,2.3,0.9,1
11/12/2010 15:00,27266400,0.2,0.9,1
11/12/2010 16:00,27270000,0.1,0.9,1
11/12/2010 17:00,27273600,0.1,0.9,1
11/12/2010 18:00,27277200,1,0.5,0.3
11/12/2010 19:00,27280800,0.6,0.3,0.1
11/12/2010 20:00,27284400,0.4,0.3,0.1
11/12/2010 21:00,27288000,0.6,0.2,0
11/12/2010 22:00,27291600,0.6,0.2,0
11/12/2010 23:00,27295200,0.5,0.1,0
11/13/2010 0:00,27298800,0.8,0.05,0
11/13/2010 1:00,27302400,2.3,0.05,0
11/13/2010 2:00,27306000,1.6,0.05,0
11/13/2010 3:00,27309600,0,0.05,0
11/13/2010 4:00,27313200,0,0.05,0
11/13/2010 5:00,27316800,0,0.05,0
11/13/2010 6:00,27320400,0,0.1,0
11/13/2010 7:00,27324000,0,0.1,0.1
11/13/2010 8:00,27327600,0,0.3,0.2
11/13/2010 9:00,27331200,0,0.9,1
11/13/2010 10:00,27334800,0,0.9,1
11/13/2010 11:00,27338400,0,0.9,1
11/13/2010 12:00,27342000,0,0.9,1
11/13/2010 13:00,27345600,0,0.9,0.5
11/13/2010 14:00,27349200,0,0.9,1
11/13/2010 15:00,27352800,0,0.9,1
11/13/2010 16:00,27356400,0.2,0.9,1
11/13/2010 17:00,27360000,1.2,0.9,1
11/13/2010 18:00,27363600,0.5,0.5,0.3
11/13/2010 19:00,27367200,0,0.3,0.1
11/13/2010 20:00,27370800,0,0.3,0.1
11/13/2010 21:00,27374400,0,0.2,0
11/13/2010 22:00,27378000,0,0.2,0
11/13/2010 23:00,27381600,0,0.1,0
11/14/2010 0:00,27385200,0,0.05,0
11/14/2010 1:00,27388800,0,0.05,0
11/14/2010 2:00,27392400,1.2,0.05,0
11/14/2010 3:00,27396000,0,0.05,0
11/14/2010 4:00,27399600,0,0.05,0
11/14/2010 5:00,27403200,0,0.05,0
11/14/2010 6:00,27406800,0,0.1,0
11/14/2010 7:00,27410400,0,0.1,0.1
11/14/2010 8:00,27414000,0,0.3,0.2
11/14/2010 9:00,27417600,0,0.9,1
11/14/2010 10:00,27421200,0.2,0.9,1
11/14/2010 11:00,27424800,1.6,0.9,1
11/14/2010 12:00,27428400,3.6,0.9,1
11/14/2010 13:00,27432000,1.5,0.9,0.5
11/14/2010 14:00,27435600,0.3,0.9,1
11/14/2010 15:00,27439200,1,0.9,1
11/14/2010 16:00,27442800,0.7,0.9,1
11/14/2010 17:00,27446400,0.4,0.9,1
11/14/2010 18:00,27450000,0.2,0.5,0.3
11/14/2010 19:00,27453600,0,0.3,0.1
11/14/2010 20:00,27457200,0,0.3,0.1
11/14/2010 21:00,27460800,0,0.2,0
11/14/2010 22:00,27464400,0,0.2,0
11/14/2010 23:00,27468000,0.3,0.1,0
11/15/2010 0:00,27471600,0.1,0.05,0
11/15/2010 1:00,27475200,0,0.05,0
11/15/2010 2:00,27478800,0.4,0.05,0
11/15/2010 3:00,27482400,0.8,0.05,0
11/15/2010 4:00,27486000,0.2,0.05,0
11/15/2010 5:00,27489600,0,0.05,0
11/15/2010 6:00,27493200,0,0.1,0
11/15/2010 7:00,27496800,0.1,0.1,0.1
11/15/2010 8:00,27500400,0.4,0.3,0.2
11/15/2010 9:00,27504000,0.3,0.9,1
11/15/2010 10:00,27507600,0,0.9,1
11/15/2010 11:00,27511200,0.1,0.9,1
11/15/2010 12:00,27514800,0.3,0.9,1
11/15/2010 13:00,27518400,1.8,0.9,0.5
11/15/2010 14:00,27522000,2,0.9,1
11/15/2010 15:00,27525600,0.2,0.9,1
11/15/2010 16:00,27529200,0.2,0.9,1
11/15/2010 17:00,27532800,0.1,0.9,1
11/15/2010 18:00,27536400,0.1,0.5,0.3
11/15/2010 19:00,27540000,0.1,0.3,0.1
11/15/2010 20:00,27543600,0.2,0.3,0.1
11/15/2010 21:00,27547200,0.1,0.2,0
11/15/2010 22:00,27550800,0.3,0.2,0
11/15/2010 23:00,27554400,1,0.1,0
11/16/2010 0:00,27558000,2,0.05,0
11/16/2010 1:00,27561600,0.2,0.05,0
11/16/2010 2:00,27565200,0.2,0.05,0
11/16/2010 3:00,27568800,0.5,0.05,0
11/16/2010 4:00,27572400,0.1,0.05,0
11/16/2010 5:00,27576000,0.4,0.05,0
11/16/2010 6:00,27579600,1.1,0.1,0
11/16/2010 7:00,27583200,1.1,0.1,0.1
11/16/2010 8:00,27586800,0.6,0.3,0.2
11/16/2010 9:00,27590400,0.8,0.9,1
11/16/2010 10:00,27594000,0.7,0.9,1
11/16/2010 11:00,27597600,0.4,0.9,1
11/16/2010 12:00,27601200,0.6,0.9,1
11/16/2010 13:00,27604800,1.7,0.9,0.5
11/16/2010 14:00,27608400,1,0.9,1
11/16/2010 15:00,27612000,2.8,0.9,1
11/16/2010 16:00,27615600,0.5,0.9,1
11/16/2010 17:00,27619200,0.1,0.9,1
11/16/2010 18:00,27622800,0.1,0.5,0.3
11/16/2010 19:00,27626400,0,0.3,0.1
11/16/2010 20:00,27630000,0.1,0.3,0.1
11/16/2010 21:00,27633600,0.4,0.2,0
11/16/2010 22:00,27637200,1.1,0.2,0
11/16/2010 23:00,27640800,1.9,0.1,0
11/17/2010 0:00,27644400,0.7,0.05,0
11/17/2010 1:00,27648000,0.1,0.05,0
11/17/2010 2:00,27651600,0.1,0.05,0
11/17/2010 3:00,27655200,1.3,0.05,0
11/17/2010 4:00,27658800,0.3,0.05,0
11/17/2010 5:00,27662400,0.1,0.05,0
11/17/2010 6:00,27666000,0.4,0.05,0
11/17/2010 7:00,27669600,1,0.1,0.1
11/17/2010 8:00,27673200,1.5,0.1,0.1
11/17/2010 9:00,27676800,0.4,0.3,0.3
11/17/2010 10:00,27680400,0.1,0.3,0.3
11/17/2010 11:00,27684000,0.2,0.3,0.3
11/17/2010 12:00,27687600,0.9,0.3,0.3
11/17/2010 13:00,27691200,1.6,0.15,0.1
11/17/2010 14:00,27694800,1.4,0.15,0.1
11/17/2010 15:00,27698400,3.8,0.15,0.1
11/17/2010 16:00,27702000,4,0.15,0.1
11/17/2010 17:00,27705600,0.8,0.15,0.1
11/17/2010 18:00,27709200,0.1,0.05,0
11/17/2010 19:00,27712800,0,0.05,0
11/17/2010 20:00,27716400,0.1,0.05,0
11/17/2010 21:00,27720000,0.1,0.05,0
11/17/2010 22:00,27723600,0.1,0.05,0
11/17/2010 23:00,27727200,1,0.05,0
11/18/2010 0:00,27730800,1.4,0.05,0
11/18/2010 1:00,27734400,0.1,0,0
11/18/2010 2:00,27738000,0.2,0,0
11/18/2010 3:00,27741600,0.3,0,0
11/18/2010 4:00,27745200,0.9,0,0
11/18/2010 5:00,27748800,1,0,0
11/18/2010 6:00,27752400,0.3,0,0
11/18/2010 7:00,27756000,0.1,0,0
11/18/2010 8:00,27759600,0.1,0,0
11/18/2010 9:00,27763200,0.1,0,0
11/18/2010 10:00,27766800,0.1,0,0
11/18/2010 11:00,27770400,0.2,0,0
11/18/2010 12:00,27774000,0.2,0,0
11/18/2010 13:00,27777600,1.4,0,0
11/18/2010 14:00,27781200,0.8,0,0
11/18/2010 15:00,27784800,3.7,0,0
11/18/2010 16:00,27788400,1.6,0,0
11/18/2010 17:00,27792000,0.4,0,0
11/18/2010 18:00,27795600,0.1,0,0
11/18/2010 19:00,27799200,0.2,0,0
11/18/2010 20:00,27802800,0.3,0,0
11/18/2010 21:00,27806400,0.1,0,0
11/18/2010 22:00,27810000,0.1,0,0
11/18/2010 23:00,27813600,0.3,0,0
11/19/2010 0:00,27817200,0.7,0,0
11/19/2010 1:00,27820800,1.1,0.05,0
11/19/2010 2:00,27824400,0.3,0.05,0
11/19/2010 3:00,27828000,0.5,0.05,0
11/19/2010 4:00,27831600,0.8,0.05,0
11/19/2010 5:00,27835200,0.9,0.05,0
11/19/2010 6:00,27838800,0.1,0.1,0
11/19/2010 7:00,27842400,0.1,0.1,0.1
11/19/2010 8:00,27846000,0.2,0.3,0.2
11/19/2010 9:00,27849600,1.1,0.9,1
11/19/2010 10:00,27853200,1.5,0.9,1
11/19/2010 11:00,27856800,1.9,0.9,1
11/19/2010 12:00,27860400,0.9,0.9,1
11/19/2010 13:00,27864000,0.6,0.9,0.5
11/19/2010 14:00,27867600,0.2,0.9,1
11/19/2010 15:00,27871200,1.5,0.9,1
11/19/2010 16:00,27874800,0.3,0.9,1
11/19/2010 17:00,27878400,0,0.9,1
11/19/2010 18:00,27882000,0,0.5,0.3
11/19/2010 19:00,27885600,0.5,0.3,0.1
11/19/2010 20:00,27889200,0.4,0.3,0.1
11/19/2010 21:00,27892800,1.8,0.2,0
11/19/2010 22:00,27896400,2.3,0.2,0
11/19/2010 23:00,27900000,0.3,0.1,0
11/20/2010 0:00,27903600,0.2,0.05,0
11/20/2010 1:00,27907200,0.1,0.05,0
11/20/2010 2:00,27910800,0,0.05,0
11/20/2010 3:00,27914400,0.4,0.05,0
11/20/2010 4:00,27918000,0.5,0.05,0
11/20/2010 5:00,27921600,1.4,0.05,0
11/20/2010 6:00,27925200,1.2,0.1,0
11/20/2010 7:00,27928800,0.8,0.1,0.1
11/20/2010 8:00,27932400,0.2,0.3,0.2
11/20/2010 9:00,27936000,0.4,0.9,1
11/20/2010 10:00,27939600,0.5,0.9,1
11/20/2010 11:00,27943200,1.4,0.9,1
11/20/2010 12:00,27946800,1.4,0.9,1
11/20/2010 13:00,27950400,1.7,0.9,0.5
11/20/2010 14:00,27954000,2.1,0.9,1
11/20/2010 15:00,27957600,0.4,0.9,1
11/20/2010 16:00,27961200,0.1,0.9,1
11/20/2010 17:00,27964800,0.2,0.9,1
11/20/2010 18:00,27968400,0,0.5,0.3
11/20/2010 19:00,27972000,0,0.3,0.1
11/20/2010 20:00,27975600,0,0.3,0.1
11/20/2010 21:00,27979200,0,0.2,0
11/20/2010 22:00,27982800,0,0.2,0
11/20/2010 23:00,27986400,0,0.1,0
11/21/2010 0:00,27990000,0,0.05,0
11/21/2010 1:00,27993600,0,0.05,0
11/21/2010 2:00,27997200,0,0.05,0
11/21/2010 3:00,28000800,0.3,0.05,0
11/21/2010 4:00,28004400,0,0.05,0
11/21/2010 5:00,28008000,0.3,0.05,0
11/21/2010 6:00,28011600,0.8,0.1,0
11/21/2010 7:00,28015200,1.4,0.1,0.1
11/21/2010 8:00,28018800,0.4,0.3,0.2
11/21/2010 9:00,28022400,0,0.9,1
11/21/2010 10:00,28026000,0,0.9,1
11/21/2010 11:00,28029600,0.1,0.9,1
11/21/2010 12:00,28033200,0.1,0.9,1
11/21/2010 13:00,28036800,0.2,0.9,0.5
11/21/2010 14:00,28040400,0.2,0.9,1
11/21/2010 15:00,28044000,0.1,0.9,1
11/21/2010 16:00,28047600,0.1,0.9,1
11/21/2010 17:00,28051200,0,0.9,1
11/21/2010 18:00,28054800,0,0.5,0.3
11/21/2010 19:00,28058400,0,0.3,0.1
11/21/2010 20:00,28062000,0,0.3,0.1
11/21/2010 21:00,28065600,0,0.2,0
11/21/2010 22:00,28069200,0,0.2,0
11/21/2010 23:00,28072800,0,0.1,0
11/22/2010 0:00,28076400,0,0.05,0
11/22/2010 1:00,28080000,0,0.05,0
11/22/2010 2:00,28083600,0.1,0.05,0
11/22/2010 3:00,28087200,1.3,0.05,0
11/22/2010 4:00,28090800,1.9,0.05,0
11/22/2010 5:00,28094400,1.4,0.05,0
11/22/2010 6:00,28098000,0.4,0.1,0
11/22/2010 7:00,28101600,0.1,0.1,0.1
11/22/2010 8:00,28105200,0.2,0.3,0.2
11/22/2010 9:00,28108800,0.2,0.9,1
11/22/2010 10:00,28112400,0.1,0.9,1
11/22/2010 11:00,28116000,0.1,0.9,1
11/22/2010 12:00,28119600,0.2,0.9,1
11/22/2010 13:00,28123200,0.3,0.9,0.5
11/22/2010 14:00,28126800,0.1,0.9,1
11/22/2010 15:00,28130400,0.3,0.9,1
11/22/2010 16:00,28134000,0.9,0.9,1
11/22/2010 17:00,28137600,0.2,0.9,1
11/22/2010 18:00,28141200,0,0.5,0.3
11/22/2010 19:00,28144800,0.1,0.3,0.1
11/22/2010 20:00,28148400,0.1,0.3,0.1
11/22/2010 21:00,28152000,0,0.2,0
11/22/2010 22:00,28155600,0,0.2,0
11/22/2010 23:00,28159200,0.2,0.1,0
11/23/2010 0:00,28162800,0.6,0.05,0
11/23/2010 1:00,28166400,1.2,0.05,0
11/23/2010 2:00,28170000,0.9,0.05,0
11/23/2010 3:00,28173600,0.8,0.05,0
11/23/2010 4:00,28177200,1.7,0.05,0
11/23/2010 5:00,28180800,1.1,0.05,0
11/23/2010 6:00,28184400,0.1,0.1,0
11/23/2010 7:00,28188000,0.4,0.1,0.1
11/23/2010 8:00,28191600,1,0.3,0.2
11/23/2010 9:00,28195200,0.9,0.9,1
11/23/2010 10:00,28198800,0.1,0.9,1
11/23/2010 11:00,28202400,0.1,0.9,1
11/23/2010 12:00,28206000,0,0.9,1
11/23/2010 13:00,28209600,0,0.9,0.5
11/23/2010 14:00,28213200,0.1,0.9,1
11/23/2010 15:00,28216800,0.2,0.9,1
11/23/2010 16:00,28220400,1.4,0.9,1
11/23/2010 17:00,28224000,2.8,0.9,1
11/23/2010 18:00,28227600,2.8,0.5,0.3
11/23/2010 19:00,28231200,0.6,0.3,0.1
11/23/2010 20:00,28234800,1.5,0.3,0.1
11/23/2010 21:00,28238400,2.6,0.2,0
11/23/2010 22:00,28242000,1.3,0.2,0
11/23/2010 23:00,28245600,0.5,0.1,0
11/24/2010 0:00,28249200,0,0.05,0
11/24/2010 1:00,28252800,0.6,0.05,0
11/24/2010 2:00,28256400,0.6,0.05,0
11/24/2010 3:00,28260000,2,0.05,0
11/24/2010 4:00,28263600,1.4,0.05,0
11/24/2010 5:00,28267200,0.4,0.05,0
11/24/2010 6:00,28270800,0,0.05,0
11/24/2010 7:00,28274400,0,0.1,0.1
11/24/2010 8:00,28278000,0,0.1,0.1
11/24/2010 9:00,28281600,0,0.3,0.3
11/24/2010 10:00,28285200,0,0.3,0.3
11/24/2010 11:00,28288800,0,0.3,0.3
11/24/2010 12:00,28292400,0.1,0.3,0.3
11/24/2010 13:00,28296000,0.6,0.15,0.1
11/24/2010 14:00,28299600,1.4,0.15,0.1
11/24/2010 15:00,28303200,2.2,0.15,0.1
11/24/2010 16:00,28306800,2,0.15,0.1
11/24/2010 17:00,28310400,0.7,0.15,0.1
11/24/2010 18:00,28314000,0.2,0.05,0
11/24/2010 19:00,28317600,0.6,0.05,0
11/24/2010 20:00,28321200,0.2,0.05,0
11/24/2010 21:00,28324800,0.1,0.05,0
11/24/2010 22:00,28328400,0.1,0.05,0
11/24/2010 23:00,28332000,0.2,0.05,0
11/25/2010 0:00,28335600,0.1,0.05,0
11/25/2010 1:00,28339200,0.2,0,0
11/25/2010 2:00,28342800,0.1,0,0
11/25/2010 3:00,28346400,0.1,0,0
11/25/2010 4:00,28350000,1,0,0
11/25/2010 5:00,28353600,1.1,0,0
11/25/2010 6:00,28357200,0.4,0,0
11/25/2010 7:00,28360800,1.2,0,0
11/25/2010 8:00,28364400,1.3,0,0
11/25/2010 9:00,28368000,0.4,0,0
11/25/2010 10:00,28371600,0.3,0,0
11/25/2010 11:00,28375200,0.4,0,0
11/25/2010 12:00,28378800,0.9,0,0
11/25/2010 13:00,28382400,1.1,0,0
11/25/2010 14:00,28386000,1.4,0,0
11/25/2010 15:00,28389600,0.2,0,0
11/25/2010 16:00,28393200,1.8,0,0
11/25/2010 17:00,28396800,1.4,0,0
11/25/2010 18:00,28400400,0.4,0,0
11/25/2010 19:00,28404000,0.4,0,0
11/25/2010 20:00,28407600,0.4,0,0
11/25/2010 21:00,28411200,0.5,0,0
11/25/2010 22:00,28414800,0.2,0,0
11/25/2010 23:00,28418400,0.2,0,0
11/26/2010 0:00,28422000,0.3,0,0
11/26/2010 1:00,28425600,1.1,0.05,0
11/26/2010 2:00,28429200,1.8,0.05,0
11/26/2010 3:00,28432800,0.4,0.05,0
11/26/2010 4:00,28436400,0.3,0.05,0
11/26/2010 5:00,28440000,0.5,0.05,0
11/26/2010 6:00,28443600,0.4,0.1,0
11/26/2010 7:00,28447200,0.3,0.1,0.1
11/26/2010 8:00,28450800,0.1,0.3,0.2
11/26/2010 9:00,28454400,0.1,0.9,1
11/26/2010 10:00,28458000,0.1,0.9,1
11/26/2010 11:00,28461600,0.8,0.9,1
11/26/2010 12:00,28465200,1.5,0.9,1
11/26/2010 13:00,28468800,2.5,0.9,0.5
11/26/2010 14:00,28472400,2.2,0.9,1
11/26/2010 15:00,28476000,0.9,0.9,1
11/26/2010 16:00,28479600,0.3,0.9,1
11/26/2010 17:00,28483200,0.1,0.9,1
11/26/2010 18:00,28486800,0,0.5,0.3
11/26/2010 19:00,28490400,0.1,0.3,0.1
11/26/2010 20:00,28494000,0.1,0.3,0.1
11/26/2010 21:00,28497600,0.4,0.2,0
11/26/2010 22:00,28501200,0.3,0.2,0
11/26/2010 23:00,28504800,0.2,0.1,0
11/27/2010 0:00,28508400,0.1,0.05,0
11/27/2010 1:00,28512000,0.2,0.05,0
11/27/2010 2:00,28515600,0.1,0.05,0
11/27/2010 3:00,28519200,0.8,0.05,0
11/27/2010 4:00,28522800,0.5,0.05,0
11/27/2010 5:00,28526400,0.5,0.05,0
11/27/2010 6:00,28530000,0.4,0.1,0
11/27/2010 7:00,28533600,0.2,0.1,0.1
11/27/2010 8:00,28537200,0.1,0.3,0.2
11/27/2010 9:00,28540800,0.2,0.9,1
11/27/2010 10:00,28544400,0.4,0.9,1
11/27/2010 11:00,28548000,0.9,0.9,1
11/27/2010 12:00,28551600,2,0.9,1
11/27/2010 13:00,28555200,0.6,0.9,0.5
11/27/2010 14:00,28558800,0.7,0.9,1
11/27/2010 15:00,28562400,0.8,0.9,1
11/27/2010 16:00,28566000,0.5,0.9,1
11/27/2010 17:00,28569600,0.1,0.9,1
11/27/2010 18:00,28573200,0,0.5,0.3
11/27/2010 19:00,28576800,0,0.3,0.1
11/27/2010 20:00,28580400,0,0.3,0.1
11/27/2010 21:00,28584000,0,0.2,0
11/27/2010 22:00,28587600,0.2,0.2,0
11/27/2010 23:00,28591200,0.9,0.1,0
11/28/2010 0:00,28594800,1.3,0.05,0
11/28/2010 1:00,28598400,0.7,0.05,0
11/28/2010 2:00,28602000,0.1,0.05,0
11/28/2010 3:00,28605600,1.5,0.05,0
11/28/2010 4:00,28609200,0.6,0.05,0
11/28/2010 5:00,28612800,0.4,0.05,0
11/28/2010 6:00,28616400,0.8,0.1,0
11/28/2010 7:00,28620000,1,0.1,0.1
11/28/2010 8:00,28623600,0.6,0.3,0.2
11/28/2010 9:00,28627200,0.5,0.9,1
11/28/2010 10:00,28630800,0.6,0.9,1
11/28/2010 11:00,28634400,0.6,0.9,1
11/28/2010 12:00,28638000,1,0.9,1
11/28/2010 13:00,28641600,0.1,0.9,0.5
11/28/2010 14:00,28645200,0,0.9,1
11/28/2010 15:00,28648800,0.9,0.9,1
11/28/2010 16:00,28652400,1.1,0.9,1
11/28/2010 17:00,28656000,0.6,0.9,1
11/28/2010 18:00,28659600,0.1,0.5,0.3
11/28/2010 19:00,28663200,0.6,0.3,0.1
11/28/2010 20:00,28666800,1,0.3,0.1
11/28/2010 21:00,28670400,0.9,0.2,0
11/28/2010 22:00,28674000,0.3,0.2,0
11/28/2010 23:00,28677600,0.1,0.1,0
11/29/2010 0:00,28681200,0.8,0.05,0
11/29/2010 1:00,28684800,0.9,0.05,0
11/29/2010 2:00,28688400,0.3,0.05,0
11/29/2010 3:00,28692000,0.1,0.05,0
11/29/2010 4:00,28695600,0,0.05,0
11/29/2010 5:00,28699200,0.1,0.05,0
11/29/2010 6:00,28702800,0.2,0.1,0
11/29/2010 7:00,28706400,0.1,0.1,0.1
11/29/2010 8:00,28710000,0.6,0.3,0.2
11/29/2010 9:00,28713600,0.7,0.9,1
11/29/2010 10:00,28717200,0.4,0.9,1
11/29/2010 11:00,28720800,0.4,0.9,1
11/29/2010 12:00,28724400,1.2,0.9,1
11/29/2010 13:00,28728000,0.1,0.9,0.5
11/29/2010 14:00,28731600,0,0.9,1
11/29/2010 15:00,28735200,0.2,0.9,1
11/29/2010 16:00,28738800,1.6,0.9,1
11/29/2010 17:00,28742400,4.4,0.9,1
11/29/2010 18:00,28746000,1.5,0.5,0.3
11/29/2010 19:00,28749600,0.2,0.3,0.1
11/29/2010 20:00,28753200,0.1,0.3,0.1
11/29/2010 21:00,28756800,0.1,0.2,0
11/29/2010 22:00,28760400,0.1,0.2,0
11/29/2010 23:00,28764000,0.1,0.1,0
11/30/2010 0:00,28767600,0.2,0.05,0
11/30/2010 1:00,28771200,0.3,0.05,0
11/30/2010 2:00,28774800,0.1,0.05,0
11/30/2010 3:00,28778400,0.1,0.05,0
11/30/2010 4:00,28782000,0.1,0.05,0
11/30/2010 5:00,28785600,0.2,0.05,0
11/30/2010 6:00,28789200,0.1,0.1,0
11/30/2010 7:00,28792800,0.1,0.1,0.1
11/30/2010 8:00,28796400,0.2,0.3,0.2
11/30/2010 9:00,28800000,0.1,0.9,1
11/30/2010 10:00,28803600,0.5,0.9,1
11/30/2010 11:00,28807200,0.3,0.9,1
11/30/2010 12:00,28810800,0.2,0.9,1
11/30/2010 13:00,28814400,0.2,0.9,0.5
11/30/2010 14:00,28818000,0.2,0.9,1
11/30/2010 15:00,28821600,2,0.9,1
11/30/2010 16:00,28825200,0.3,0.9,1
11/30/2010 17:00,28828800,0,0.9,1
11/30/2010 18:00,28832400,0,0.5,0.3
11/30/2010 19:00,28836000,0,0.3,0.1
11/30/2010 20:00,28839600,0,0.3,0.1
11/30/2010 21:00,28843200,0,0.2,0
11/30/2010 22:00,28846800,0.1,0.2,0
11/30/2010 23:00,28850400,0.1,0.1,0
12/1/2010 0:00,28854000,0.3,0.05,0
12/1/2019 1:00,28857600,0.3,0.05,0
12/1/2019 2:00,28861200,0.2,0.05,0
12/1/2019 3:00,28864800,0.1,0.05,0
12/1/2019 4:00,28868400,0.2,0.05,0
12/1/2019 5:00,28872000,0.3,0.05,0
12/1/2019 6:00,28875600,0.2,0.05,0
12/1/2019 7:00,28879200,0.1,0.1,0.1
12/1/2019 8:00,28882800,0.3,0.1,0.1
12/1/2019 9:00,28886400,0.2,0.3,0.3
12/1/2019 10:00,28890000,0.2,0.3,0.3
12/1/2019 11:00,28893600,0.4,0.3,0.3
12/1/2019 12:00,28897200,0.3,0.3,0.3
12/1/2019 13:00,28900800,0.7,0.15,0.1
12/1/2019 14:00,28904400,2,0.15,0.1
12/1/2019 15:00,28908000,1.2,0.15,0.1
12/1/2019 16:00,28911600,0.1,0.15,0.1
12/1/2019 17:00,28915200,0.1,0.15,0.1
12/1/2019 18:00,28918800,0.3,0.05,0
12/1/2019 19:00,28922400,0.1,0.05,0
12/1/2019 20:00,28926000,0,0.05,0
12/1/2019 21:00,28929600,0.1,0.05,0
12/1/2019 22:00,28933200,0.2,0.05,0
12/1/2019 23:00,28936800,1.3,0.05,0
12/2/2019 0:00,28940400,1.5,0.05,0
12/2/2019 1:00,28944000,0.3,0,0
12/2/2019 2:00,28947600,0.3,0,0
12/2/2019 3:00,28951200,2.5,0,0
12/2/2019 4:00,28954800,2,0,0
12/2/2019 5:00,28958400,2.6,0,0
12/2/2019 6:00,28962000,3.4,0,0
12/2/2019 7:00,28965600,3.7,0,0
12/2/2019 8:00,28969200,3.4,0,0
12/2/2019 9:00,28972800,2.9,0,0
12/2/2019 10:00,28976400,1.9,0,0
12/2/2019 11:00,28980000,1.8,0,0
12/2/2019 12:00,28983600,1.1,0,0
12/2/2019 13:00,28987200,1,0,0
12/2/2019 14:00,28990800,0.6,0,0
12/2/2019 15:00,28994400,0.9,0,0
12/2/2019 16:00,28998000,0.8,0,0
12/2/2019 17:00,29001600,0.9,0,0
12/2/2019 18:00,29005200,0.9,0,0
12/2/2019 19:00,29008800,0.9,0,0
12/2/2019 20:00,29012400,0.8,0,0
12/2/2019 21:00,29016000,0.8,0,0
12/2/2019 22:00,29019600,0.6,0,0
12/2/2019 23:00,29023200,0.6,0,0
12/3/2019 0:00,29026800,0.5,0,0
12/3/2019 1:00,29030400,0.4,0.05,0
12/3/2019 2:00,29034000,0.2,0.05,0
12/3/2019 3:00,29037600,0.2,0.05,0
12/3/2019 4:00,29041200,0.1,0.05,0
12/3/2019 5:00,29044800,0,0.05,0
12/3/2019 6:00,29048400,0,0.1,0
12/3/2019 7:00,29052000,0,0.1,0.1
12/3/2019 8:00,29055600,0,0.3,0.2
12/3/2019 9:00,29059200,0.1,0.9,1
12/3/2019 10:00,29062800,0,0.9,1
12/3/2019 11:00,29066400,0,0.9,1
12/3/2019 12:00,29070000,0,0.9,1
12/3/2019 13:00,29073600,0,0.9,0.5
12/3/2019 14:00,29077200,0.1,0.9,1
12/3/2019 15:00,29080800,0.2,0.9,1
12/3/2019 16:00,29084400,0,0.9,1
12/3/2019 17:00,29088000,0,0.9,1
12/3/2019 18:00,29091600,0,0.5,0.3
12/3/2019 19:00,29095200,0,0.3,0.1
12/3/2019 20:00,29098800,0,0.3,0.1
12/3/2019 21:00,29102400,0,0.2,0
12/3/2019 22:00,29106000,0,0.2,0
12/3/2019 23:00,29109600,0,0.1,0
12/4/2019 0:00,29113200,0,0.05,0
12/4/2019 1:00,29116800,0,0.05,0
12/4/2019 2:00,29120400,0,0.05,0
12/4/2019 3:00,29124000,0,0.05,0
12/4/2019 4:00,29127600,0.1,0.05,0
12/4/2019 5:00,29131200,0.1,0.05,0
12/4/2019 6:00,29134800,0.1,0.1,0
12/4/2019 7:00,29138400,0.1,0.1,0.1
12/4/2019 8:00,29142000,0.1,0.3,0.2
12/4/2019 9:00,29145600,0.1,0.9,1
12/4/2019 10:00,29149200,0,0.9,1
12/4/2019 11:00,29152800,0,0.9,1
12/4/2019 12:00,29156400,0,0.9,1
12/4/2019 13:00,29160000,0.1,0.9,0.5
12/4/2019 14:00,29163600,0.1,0.9,1
12/4/2019 15:00,29167200,0,0.9,1
12/4/2019 16:00,29170800,0,0.9,1
12/4/2019 17:00,29174400,0,0.9,1
12/4/2019 18:00,29178000,0,0.5,0.3
12/4/2019 19:00,29181600,0,0.3,0.1
12/4/2019 20:00,29185200,0,0.3,0.1
12/4/2019 21:00,29188800,0,0.2,0
12/4/2019 22:00,29192400,0,0.2,0
12/4/2019 23:00,29196000,0,0.1,0
12/5/2019 0:00,29199600,0,0.05,0
12/5/2019 1:00,29203200,0,0.05,0
12/5/2019 2:00,29206800,0,0.05,0
12/5/2019 3:00,29210400,0,0.05,0
12/5/2019 4:00,29214000,0,0.05,0
12/5/2019 5:00,29217600,0,0.05,0
12/5/2019 6:00,29221200,0,0.1,0
12/5/2019 7:00,29224800,0,0.1,0.1
12/5/2019 8:00,29228400,0,0.3,0.2
12/5/2019 9:00,29232000,0,0.9,1
12/5/2019 10:00,29235600,0,0.9,1
12/5/2019 11:00,29239200,0,0.9,1
12/5/2019 12:00,29242800,0.1,0.9,1
12/5/2019 13:00,29246400,0.1,0.9,0.5
12/5/2019 14:00,29250000,0.1,0.9,1
12/5/2019 15:00,29253600,0,0.9,1
12/5/2019 16:00,29257200,0.1,0.9,1
12/5/2019 17:00,29260800,0,0.9,1
12/5/2019 18:00,29264400,0,0.5,0.3
12/5/2019 19:00,29268000,0,0.3,0.1
12/5/2019 20:00,29271600,0,0.3,0.1
12/5/2019 21:00,29275200,0,0.2,0
12/5/2019 22:00,29278800,0,0.2,0
12/5/2019 23:00,29282400,0,0.1,0
12/6/2019 0:00,29286000,0,0.05,0
12/6/2019 1:00,29289600,0,0.05,0
12/6/2019 2:00,29293200,0,0.05,0
12/6/2019 3:00,29296800,0.1,0.05,0
12/6/2019 4:00,29300400,0.1,0.05,0
12/6/2019 5:00,29304000,0,0.05,0
12/6/2019 6:00,29307600,0,0.1,0
12/6/2019 7:00,29311200,0,0.1,0.1
12/6/2019 8:00,29314800,0,0.3,0.2
12/6/2019 9:00,29318400,0,0.9,1
12/6/2019 10:00,29322000,0,0.9,1
12/6/2019 11:00,29325600,0,0.9,1
12/6/2019 12:00,29329200,0.2,0.9,1
12/6/2019 13:00,29332800,1.2,0.9,0.5
12/6/2019 14:00,29336400,1.4,0.9,1
12/6/2019 15:00,29340000,0.1,0.9,1
12/6/2019 16:00,29343600,0.1,0.9,1
12/6/2019 17:00,29347200,0.1,0.9,1
12/6/2019 18:00,29350800,0,0.5,0.3
12/6/2019 19:00,29354400,0,0.3,0.1
12/6/2019 20:00,29358000,0,0.3,0.1
12/6/2019 21:00,29361600,0.1,0.2,0
12/6/2019 22:00,29365200,0.1,0.2,0
12/6/2019 23:00,29368800,0,0.1,0
12/7/2019 0:00,29372400,0,0.05,0
12/7/2019 1:00,29376000,0,0.05,0
12/7/2019 2:00,29379600,0,0.05,0
12/7/2019 3:00,29383200,0,0.05,0
12/7/2019 4:00,29386800,0,0.05,0
12/7/2019 5:00,29390400,0,0.05,0
12/7/2019 6:00,29394000,0.1,0.1,0
12/7/2019 7:00,29397600,0.5,0.1,0.1
12/7/2019 8:00,29401200,0.5,0.3,0.2
12/7/2019 9:00,29404800,0.2,0.9,1
12/7/2019 10:00,29408400,0.2,0.9,1
12/7/2019 11:00,29412000,0.2,0.9,1
12/7/2019 12:00,29415600,0.3,0.9,1
12/7/2019 13:00,29419200,0.3,0.9,0.5
12/7/2019 14:00,29422800,0.4,0.9,1
12/7/2019 15:00,29426400,0.2,0.9,1
12/7/2019 16:00,29430000,0.1,0.9,1
12/7/2019 17:00,29433600,0,0.9,1
12/7/2019 18:00,29437200,0,0.5,0.3
12/7/2019 19:00,29440800,0,0.3,0.1
12/7/2019 20:00,29444400,0,0.3,0.1
12/7/2019 21:00,29448000,0,0.2,0
12/7/2019 22:00,29451600,0,0.2,0
12/7/2019 23:00,29455200,0.1,0.1,0
12/8/2019 0:00,29458800,0.7,0.05,0
12/8/2019 1:00,29462400,1.1,0.05,0
12/8/2019 2:00,29466000,0.6,0.05,0
12/8/2019 3:00,29469600,0.6,0.05,0
12/8/2019 4:00,29473200,1.2,0.05,0
12/8/2019 5:00,29476800,1.2,0.05,0
12/8/2019 6:00,29480400,0.8,0.05,0
12/8/2019 7:00,29484000,0.3,0.1,0.1
12/8/2019 8:00,29487600,0.2,0.1,0.1
12/8/2019 9:00,29491200,0.4,0.3,0.3
12/8/2019 10:00,29494800,0.8,0.3,0.3
12/8/2019 11:00,29498400,1.4,0.3,0.3
12/8/2019 12:00,29502000,1.7,0.3,0.3
12/8/2019 13:00,29505600,1.1,0.15,0.1
12/8/2019 14:00,29509200,0.7,0.15,0.1
12/8/2019 15:00,29512800,1.2,0.15,0.1
12/8/2019 16:00,29516400,0.2,0.15,0.1
12/8/2019 17:00,29520000,0.1,0.15,0.1
12/8/2019 18:00,29523600,0.6,0.05,0
12/8/2019 19:00,29527200,0.4,0.05,0
12/8/2019 20:00,29530800,0.3,0.05,0
12/8/2019 21:00,29534400,0.6,0.05,0
12/8/2019 22:00,29538000,1.2,0.05,0
12/8/2019 23:00,29541600,1.5,0.05,0
12/9/2019 0:00,29545200,1.4,0.05,0
12/9/2019 1:00,29548800,1.1,0,0
12/9/2019 2:00,29552400,0.5,0,0
12/9/2019 3:00,29556000,0.4,0,0
12/9/2019 4:00,29559600,0.6,0,0
12/9/2019 5:00,29563200,0.4,0,0
12/9/2019 6:00,29566800,0.5,0,0
12/9/2019 7:00,29570400,0.6,0,0
12/9/2019 8:00,29574000,0.6,0,0
12/9/2019 9:00,29577600,0.7,0,0
12/9/2019 10:00,29581200,0.9,0,0
12/9/2019 11:00,29584800,1.2,0,0
12/9/2019 12:00,29588400,1.1,0,0
12/9/2019 13:00,29592000,0.9,0,0
12/9/2019 14:00,29595600,1.2,0,0
12/9/2019 15:00,29599200,7.9,0,0
12/9/2019 16:00,29602800,5.9,0,0
12/9/2019 17:00,29606400,4.4,0,0
12/9/2019 18:00,29610000,2.6,0,0
12/9/2019 19:00,29613600,0.8,0,0
12/9/2019 20:00,29617200,0.2,0,0
12/9/2019 21:00,29620800,0.1,0,0
12/9/2019 22:00,29624400,0.2,0,0
12/9/2019 23:00,29628000,0.6,0,0
12/10/2019 0:00,29631600,1.2,0,0
12/10/2019 1:00,29635200,1,0.05,0
12/10/2019 2:00,29638800,0.6,0.05,0
12/10/2019 3:00,29642400,1.6,0.05,0
12/10/2019 4:00,29646000,0.9,0.05,0
12/10/2019 5:00,29649600,0.4,0.05,0
12/10/2019 6:00,29653200,0.3,0.1,0
12/10/2019 7:00,29656800,0.2,0.1,0.1
12/10/2019 8:00,29660400,0.3,0.3,0.2
12/10/2019 9:00,29664000,0.5,0.9,1
12/10/2019 10:00,29667600,0.9,0.9,1
12/10/2019 11:00,29671200,1,0.9,1
12/10/2019 12:00,29674800,1,0.9,1
12/10/2019 13:00,29678400,0.6,0.9,0.5
12/10/2019 14:00,29682000,0.5,0.9,1
12/10/2019 15:00,29685600,2.7,0.9,1
12/10/2019 16:00,29689200,1.6,0.9,1
12/10/2019 17:00,29692800,0.6,0.9,1
12/10/2019 18:00,29696400,1.1,0.5,0.3
12/10/2019 19:00,29700000,0.3,0.3,0.1
12/10/2019 20:00,29703600,0.2,0.3,0.1
12/10/2019 21:00,29707200,0.8,0.2,0
12/10/2019 22:00,29710800,1.1,0.2,0
12/10/2019 23:00,29714400,1.2,0.1,0
12/11/2019 0:00,29718000,0.4,0.05,0
12/11/2019 1:00,29721600,0.5,0.05,0
12/11/2019 2:00,29725200,0.6,0.05,0
12/11/2019 3:00,29728800,0.6,0.05,0
12/11/2019 4:00,29732400,0.8,0.05,0
12/11/2019 5:00,29736000,1.1,0.05,0
12/11/2019 6:00,29739600,1.1,0.1,0
12/11/2019 7:00,29743200,0.8,0.1,0.1
12/11/2019 8:00,29746800,0.4,0.3,0.2
12/11/2019 9:00,29750400,0.2,0.9,1
12/11/2019 10:00,29754000,0.1,0.9,1
12/11/2019 11:00,29757600,0.1,0.9,1
12/11/2019 12:00,29761200,0.5,0.9,1
12/11/2019 13:00,29764800,1.3,0.9,0.5
12/11/2019 14:00,29768400,1.1,0.9,1
12/11/2019 15:00,29772000,1.4,0.9,1
12/11/2019 16:00,29775600,1.9,0.9,1
12/11/2019 17:00,29779200,2.1,0.9,1
12/11/2019 18:00,29782800,2.5,0.5,0.3
12/11/2019 19:00,29786400,2.4,0.3,0.1
12/11/2019 20:00,29790000,3.1,0.3,0.1
12/11/2019 21:00,29793600,2.6,0.2,0
12/11/2019 22:00,29797200,2.2,0.2,0
12/11/2019 23:00,29800800,2.5,0.1,0
12/12/2019 0:00,29804400,3.6,0.05,0
12/12/2019 1:00,29808000,3.1,0.05,0
12/12/2019 2:00,29811600,2.2,0.05,0
12/12/2019 3:00,29815200,2.2,0.05,0
12/12/2019 4:00,29818800,1.8,0.05,0
12/12/2019 5:00,29822400,1.2,0.05,0
12/12/2019 6:00,29826000,1.1,0.1,0
12/12/2019 7:00,29829600,0.8,0.1,0.1
12/12/2019 8:00,29833200,0.3,0.3,0.2
12/12/2019 9:00,29836800,0.1,0.9,1
12/12/2019 10:00,29840400,0.1,0.9,1
12/12/2019 11:00,29844000,0.3,0.9,1
12/12/2019 12:00,29847600,1.9,0.9,1
12/12/2019 13:00,29851200,1.5,0.9,0.5
12/12/2019 14:00,29854800,0.6,0.9,1
12/12/2019 15:00,29858400,0.7,0.9,1
12/12/2019 16:00,29862000,0.2,0.9,1
12/12/2019 17:00,29865600,0.1,0.9,1
12/12/2019 18:00,29869200,0,0.5,0.3
12/12/2019 19:00,29872800,0,0.3,0.1
12/12/2019 20:00,29876400,0,0.3,0.1
12/12/2019 21:00,29880000,0,0.2,0
12/12/2019 22:00,29883600,0.1,0.2,0
12/12/2019 23:00,29887200,0.3,0.1,0
12/13/2019 0:00,29890800,0.3,0.05,0
12/13/2019 1:00,29894400,0.1,0.05,0
12/13/2019 2:00,29898000,0,0.05,0
12/13/2019 3:00,29901600,0,0.05,0
12/13/2019 4:00,29905200,0,0.05,0
12/13/2019 5:00,29908800,0,0.05,0
12/13/2019 6:00,29912400,0,0.1,0
12/13/2019 7:00,29916000,0,0.1,0.1
12/13/2019 8:00,29919600,0,0.3,0.2
12/13/2019 9:00,29923200,0,0.9,1
12/13/2019 10:00,29926800,0,0.9,1
12/13/2019 11:00,29930400,0.1,0.9,1
12/13/2019 12:00,29934000,0.2,0.9,1
12/13/2019 13:00,29937600,0.7,0.9,0.5
12/13/2019 14:00,29941200,0.6,0.9,1
12/13/2019 15:00,29944800,0.8,0.9,1
12/13/2019 16:00,29948400,0.9,0.9,1
12/13/2019 17:00,29952000,0.8,0.9,1
12/13/2019 18:00,29955600,0.7,0.5,0.3
12/13/2019 19:00,29959200,0.5,0.3,0.1
12/13/2019 20:00,29962800,0.4,0.3,0.1
12/13/2019 21:00,29966400,0.2,0.2,0
12/13/2019 22:00,29970000,0.4,0.2,0
12/13/2019 23:00,29973600,1.4,0.1,0
12/14/2019 0:00,29977200,1.4,0.05,0
12/14/2019 1:00,29980800,1.5,0.05,0
12/14/2019 2:00,29984400,1.6,0.05,0
12/14/2019 3:00,29988000,4.3,0.05,0
12/14/2019 4:00,29991600,4.2,0.05,0
12/14/2019 5:00,29995200,3.3,0.05,0
12/14/2019 6:00,29998800,2.3,0.1,0
12/14/2019 7:00,30002400,1.8,0.1,0.1
12/14/2019 8:00,30006000,2,0.3,0.2
12/14/2019 9:00,30009600,2,0.9,1
12/14/2019 10:00,30013200,1.3,0.9,1
12/14/2019 11:00,30016800,0.7,0.9,1
12/14/2019 12:00,30020400,1.1,0.9,1
12/14/2019 13:00,30024000,2.7,0.9,0.5
12/14/2019 14:00,30027600,2.3,0.9,1
12/14/2019 15:00,30031200,0.4,0.9,1
12/14/2019 16:00,30034800,0.2,0.9,1
12/14/2019 17:00,30038400,0.1,0.9,1
12/14/2019 18:00,30042000,0.2,0.5,0.3
12/14/2019 19:00,30045600,0.2,0.3,0.1
12/14/2019 20:00,30049200,0.1,0.3,0.1
12/14/2019 21:00,30052800,0.1,0.2,0
12/14/2019 22:00,30056400,0.7,0.2,0
12/14/2019 23:00,30060000,1.2,0.1,0
12/15/2019 0:00,30063600,1.2,0.05,0
12/15/2019 1:00,30067200,1,0.05,0
12/15/2019 2:00,30070800,0.4,0.05,0
12/15/2019 3:00,30074400,0.4,0.05,0
12/15/2019 4:00,30078000,0.6,0.05,0
12/15/2019 5:00,30081600,0.3,0.05,0
12/15/2019 6:00,30085200,0.6,0.05,0
12/15/2019 7:00,30088800,0.8,0.1,0.1
12/15/2019 8:00,30092400,0.8,0.1,0.1
12/15/2019 9:00,30096000,0.4,0.3,0.3
12/15/2019 10:00,30099600,0.5,0.3,0.3
12/15/2019 11:00,30103200,0.7,0.3,0.3
12/15/2019 12:00,30106800,0.7,0.3,0.3
12/15/2019 13:00,30110400,1,0.15,0.1
12/15/2019 14:00,30114000,0.6,0.15,0.1
12/15/2019 15:00,30117600,1.3,0.15,0.1
12/15/2019 16:00,30121200,1,0.15,0.1
12/15/2019 17:00,30124800,0.6,0.15,0.1
12/15/2019 18:00,30128400,0.2,0.05,0
12/15/2019 19:00,30132000,0.1,0.05,0
12/15/2019 20:00,30135600,0.1,0.05,0
12/15/2019 21:00,30139200,0.4,0.05,0
12/15/2019 22:00,30142800,0.4,0.05,0
12/15/2019 23:00,30146400,1,0.05,0
12/16/2019 0:00,30150000,1.1,0.05,0
12/16/2019 1:00,30153600,1.5,0,0
12/16/2019 2:00,30157200,1.5,0,0
12/16/2019 3:00,30160800,0.7,0,0
12/16/2019 4:00,30164400,0.8,0,0
12/16/2019 5:00,30168000,0.5,0,0
12/16/2019 6:00,30171600,0.4,0,0
12/16/2019 7:00,30175200,0.2,0,0
12/16/2019 8:00,30178800,0.1,0,0
12/16/2019 9:00,30182400,0.1,0,0
12/16/2019 10:00,30186000,0.6,0,0
12/16/2019 11:00,30189600,1.5,0,0
12/16/2019 12:00,30193200,2.9,0,0
12/16/2019 13:00,30196800,3,0,0
12/16/2019 14:00,30200400,1.3,0,0
12/16/2019 15:00,30204000,0.9,0,0
12/16/2019 16:00,30207600,0.1,0,0
12/16/2019 17:00,30211200,0.1,0,0
12/16/2019 18:00,30214800,0.4,0,0
12/16/2019 19:00,30218400,0.1,0,0
12/16/2019 20:00,30222000,0,0,0
12/16/2019 21:00,30225600,0.1,0,0
12/16/2019 22:00,30229200,0.1,0,0
12/16/2019 23:00,30232800,0.6,0,0
12/17/2019 0:00,30236400,1.1,0,0
12/17/2019 1:00,30240000,1.1,0.05,0
12/17/2019 2:00,30243600,0.9,0.05,0
12/17/2019 3:00,30247200,0.2,0.05,0
12/17/2019 4:00,30250800,0.1,0.05,0
12/17/2019 5:00,30254400,0.1,0.05,0
12/17/2019 6:00,30258000,0.3,0.1,0
12/17/2019 7:00,30261600,0.6,0.1,0.1
12/17/2019 8:00,30265200,0.2,0.3,0.2
12/17/2019 9:00,30268800,0.3,0.9,1
12/17/2019 10:00,30272400,0.3,0.9,1
12/17/2019 11:00,30276000,0.2,0.9,1
12/17/2019 12:00,30279600,0.5,0.9,1
12/17/2019 13:00,30283200,1.1,0.9,0.5
12/17/2019 14:00,30286800,0.6,0.9,1
12/17/2019 15:00,30290400,0.5,0.9,1
12/17/2019 16:00,30294000,0.1,0.9,1
12/17/2019 17:00,30297600,0.1,0.9,1
12/17/2019 18:00,30301200,0.1,0.5,0.3
12/17/2019 19:00,30304800,0.6,0.3,0.1
12/17/2019 20:00,30308400,1.1,0.3,0.1
12/17/2019 21:00,30312000,1.1,0.2,0
12/17/2019 22:00,30315600,0.4,0.2,0
12/17/2019 23:00,30319200,0,0.1,0
12/18/2019 0:00,30322800,0,0.05,0
12/18/2019 1:00,30326400,0,0.05,0
12/18/2019 2:00,30330000,0,0.05,0
12/18/2019 3:00,30333600,1,0.05,0
12/18/2019 4:00,30337200,1.1,0.05,0
12/18/2019 5:00,30340800,0.4,0.05,0
12/18/2019 6:00,30344400,0.7,0.1,0
12/18/2019 7:00,30348000,1.1,0.1,0.1
12/18/2019 8:00,30351600,0.2,0.3,0.2
12/18/2019 9:00,30355200,0.2,0.9,1
12/18/2019 10:00,30358800,0.1,0.9,1
12/18/2019 11:00,30362400,0.1,0.9,1
12/18/2019 12:00,30366000,0.2,0.9,1
12/18/2019 13:00,30369600,1.6,0.9,0.5
12/18/2019 14:00,30373200,2.4,0.9,1
12/18/2019 15:00,30376800,1.9,0.9,1
12/18/2019 16:00,30380400,2.7,0.9,1
12/18/2019 17:00,30384000,2,0.9,1
12/18/2019 18:00,30387600,3,0.5,0.3
12/18/2019 19:00,30391200,1.1,0.3,0.1
12/18/2019 20:00,30394800,0.1,0.3,0.1
12/18/2019 21:00,30398400,0,0.2,0
12/18/2019 22:00,30402000,0,0.2,0
12/18/2019 23:00,30405600,0,0.1,0
12/19/2019 0:00,30409200,0,0.05,0
12/19/2019 1:00,30412800,0,0.05,0
12/19/2019 2:00,30416400,0,0.05,0
12/19/2019 3:00,30420000,0.8,0.05,0
12/19/2019 4:00,30423600,0.4,0.05,0
12/19/2019 5:00,30427200,0.7,0.05,0
12/19/2019 6:00,30430800,0.4,0.1,0
12/19/2019 7:00,30434400,0,0.1,0.1
12/19/2019 8:00,30438000,0.1,0.3,0.2
12/19/2019 9:00,30441600,0,0.9,1
12/19/2019 10:00,30445200,0,0.9,1
12/19/2019 11:00,30448800,0,0.9,1
12/19/2019 12:00,30452400,0.1,0.9,1
12/19/2019 13:00,30456000,0.1,0.9,0.5
12/19/2019 14:00,30459600,0.6,0.9,1
12/19/2019 15:00,30463200,1.6,0.9,1
12/19/2019 16:00,30466800,1.8,0.9,1
12/19/2019 17:00,30470400,0.8,0.9,1
12/19/2019 18:00,30474000,0.4,0.5,0.3
12/19/2019 19:00,30477600,0,0.3,0.1
12/19/2019 20:00,30481200,0,0.3,0.1
12/19/2019 21:00,30484800,0,0.2,0
12/19/2019 22:00,30488400,0,0.2,0
12/19/2019 23:00,30492000,0,0.1,0
12/20/2019 0:00,30495600,0.4,0.05,0
12/20/2019 1:00,30499200,0.6,0.05,0
12/20/2019 2:00,30502800,1.5,0.05,0
12/20/2019 3:00,30506400,0.2,0.05,0
12/20/2019 4:00,30510000,0.6,0.05,0
12/20/2019 5:00,30513600,0.8,0.05,0
12/20/2019 6:00,30517200,0.1,0.1,0
12/20/2019 7:00,30520800,0,0.1,0.1
12/20/2019 8:00,30524400,0.1,0.3,0.2
12/20/2019 9:00,30528000,0,0.9,1
12/20/2019 10:00,30531600,0.1,0.9,1
12/20/2019 11:00,30535200,0.1,0.9,1
12/20/2019 12:00,30538800,0.3,0.9,1
12/20/2019 13:00,30542400,0.2,0.9,0.5
12/20/2019 14:00,30546000,0.1,0.9,1
12/20/2019 15:00,30549600,0.4,0.9,1
12/20/2019 16:00,30553200,0.1,0.9,1
12/20/2019 17:00,30556800,0.1,0.9,1
12/20/2019 18:00,30560400,0.2,0.5,0.3
12/20/2019 19:00,30564000,0.1,0.3,0.1
12/20/2019 20:00,30567600,0.1,0.3,0.1
12/20/2019 21:00,30571200,0.1,0.2,0
12/20/2019 22:00,30574800,0.1,0.2,0
12/20/2019 23:00,30578400,0.2,0.1,0
12/21/2019 0:00,30582000,0.2,0.05,0
12/21/2019 1:00,30585600,0.1,0.05,0
12/21/2019 2:00,30589200,0,0.05,0
12/21/2019 3:00,30592800,0.1,0.05,0
12/21/2019 4:00,30596400,0.1,0.05,0
12/21/2019 5:00,30600000,0.1,0.05,0
12/21/2019 6:00,30603600,0,0.1,0
12/21/2019 7:00,30607200,0,0.1,0.1
12/21/2019 8:00,30610800,0.1,0.3,0.2
12/21/2019 9:00,30614400,0.1,0.9,1
12/21/2019 10:00,30618000,0.2,0.9,1
12/21/2019 11:00,30621600,0.3,0.9,1
12/21/2019 12:00,30625200,0.6,0.9,1
12/21/2019 13:00,30628800,1.9,0.9,0.5
12/21/2019 14:00,30632400,2.7,0.9,1
12/21/2019 15:00,30636000,0.6,0.9,1
12/21/2019 16:00,30639600,0.1,0.9,1
12/21/2019 17:00,30643200,0.1,0.9,1
12/21/2019 18:00,30646800,0.3,0.5,0.3
12/21/2019 19:00,30650400,0.1,0.3,0.1
12/21/2019 20:00,30654000,0.3,0.3,0.1
12/21/2019 21:00,30657600,0.3,0.2,0
12/21/2019 22:00,30661200,0.2,0.2,0
12/21/2019 23:00,30664800,0.3,0.1,0
12/22/2019 0:00,30668400,0.1,0.05,0
12/22/2019 1:00,30672000,0,0.05,0
12/22/2019 2:00,30675600,0,0.05,0
12/22/2019 3:00,30679200,0.3,0.05,0
12/22/2019 4:00,30682800,0,0.05,0
12/22/2019 5:00,30686400,0,0.05,0
12/22/2019 6:00,30690000,0.1,0.05,0
12/22/2019 7:00,30693600,0.2,0.1,0.1
12/22/2019 8:00,30697200,0.1,0.1,0.1
12/22/2019 9:00,30700800,0.1,0.3,0.3
12/22/2019 10:00,30704400,0.2,0.3,0.3
12/22/2019 11:00,30708000,0.7,0.3,0.3
12/22/2019 12:00,30711600,0.7,0.3,0.3
12/22/2019 13:00,30715200,1.5,0.15,0.1
12/22/2019 14:00,30718800,0.5,0.15,0.1
12/22/2019 15:00,30722400,0.8,0.15,0.1
12/22/2019 16:00,30726000,0.2,0.15,0.1
12/22/2019 17:00,30729600,0.1,0.15,0.1
12/22/2019 18:00,30733200,0.1,0.05,0
12/22/2019 19:00,30736800,0.3,0.05,0
12/22/2019 20:00,30740400,0.1,0.05,0
12/22/2019 21:00,30744000,0,0.05,0
12/22/2019 22:00,30747600,0,0.05,0
12/22/2019 23:00,30751200,0,0.05,0
12/23/2019 0:00,30754800,0,0.05,0
12/23/2019 1:00,30758400,0,0,0
12/23/2019 2:00,30762000,0,0,0
12/23/2019 3:00,30765600,0,0,0
12/23/2019 4:00,30769200,0,0,0
12/23/2019 5:00,30772800,0,0,0
12/23/2019 6:00,30776400,0,0,0
12/23/2019 7:00,30780000,0,0,0
12/23/2019 8:00,30783600,0,0,0
12/23/2019 9:00,30787200,0,0,0
12/23/2019 10:00,30790800,0,0,0
12/23/2019 11:00,30794400,0.1,0,0
12/23/2019 12:00,30798000,0.1,0,0
12/23/2019 13:00,30801600,0.1,0,0
12/23/2019 14:00,30805200,0.1,0,0
12/23/2019 15:00,30808800,0.3,0,0
12/23/2019 16:00,30812400,0.1,0,0
12/23/2019 17:00,30816000,0,0,0
12/23/2019 18:00,30819600,0.1,0,0
12/23/2019 19:00,30823200,0,0,0
12/23/2019 20:00,30826800,0,0,0
12/23/2019 21:00,30830400,0,0,0
12/23/2019 22:00,30834000,0,0,0
12/23/2019 23:00,30837600,0,0,0
12/24/2019 0:00,30841200,0,0,0
12/24/2019 1:00,30844800,0,0.05,0
12/24/2019 2:00,30848400,0,0.05,0
12/24/2019 3:00,30852000,0,0.05,0
12/24/2019 4:00,30855600,0,0.05,0
12/24/2019 5:00,30859200,0,0.05,0
12/24/2019 6:00,30862800,0,0.1,0
12/24/2019 7:00,30866400,0,0.1,0.1
12/24/2019 8:00,30870000,0,0.3,0.2
12/24/2019 9:00,30873600,0,0.9,1
12/24/2019 10:00,30877200,0,0.9,1
12/24/2019 11:00,30880800,0.1,0.9,1
12/24/2019 12:00,30884400,0,0.9,1
12/24/2019 13:00,30888000,0.1,0.9,0.5
12/24/2019 14:00,30891600,0.4,0.9,1
12/24/2019 15:00,30895200,0.2,0.9,1
12/24/2019 16:00,30898800,0.2,0.9,1
12/24/2019 17:00,30902400,0.1,0.9,1
12/24/2019 18:00,30906000,0.1,0.5,0.3
12/24/2019 19:00,30909600,0,0.3,0.1
12/24/2019 20:00,30913200,0,0.3,0.1
12/24/2019 21:00,30916800,0,0.2,0
12/24/2019 22:00,30920400,0,0.2,0
12/24/2019 23:00,30924000,0,0.1,0
12/25/2019 0:00,30927600,0,0.05,0
12/25/2019 1:00,30931200,0,0.05,0
12/25/2019 2:00,30934800,0,0.05,0
12/25/2019 3:00,30938400,0,0.05,0
12/25/2019 4:00,30942000,0,0.05,0
12/25/2019 5:00,30945600,0,0.05,0
12/25/2019 6:00,30949200,0,0.1,0
12/25/2019 7:00,30952800,0,0.1,0.1
12/25/2019 8:00,30956400,0,0.3,0.2
12/25/2019 9:00,30960000,0,0.9,1
12/25/2019 10:00,30963600,0,0.9,1
12/25/2019 11:00,30967200,0,0.9,1
12/25/2019 12:00,30970800,0.1,0.9,1
12/25/2019 13:00,30974400,0.2,0.9,0.5
12/25/2019 14:00,30978000,0.1,0.9,1
12/25/2019 15:00,30981600,1.2,0.9,1
12/25/2019 16:00,30985200,0.9,0.9,1
12/25/2019 17:00,30988800,0.6,0.9,1
12/25/2019 18:00,30992400,0.1,0.5,0.3
12/25/2019 19:00,30996000,0,0.3,0.1
12/25/2019 20:00,30999600,0,0.3,0.1
12/25/2019 21:00,31003200,0,0.2,0
12/25/2019 22:00,31006800,0,0.2,0
12/25/2019 23:00,31010400,0,0.1,0
12/26/2019 0:00,31014000,0,0.05,0
12/26/2019 1:00,31017600,0,0.05,0
12/26/2019 2:00,31021200,0,0.05,0
12/26/2019 3:00,31024800,0,0.05,0
12/26/2019 4:00,31028400,0,0.05,0
12/26/2019 5:00,31032000,0,0.05,0
12/26/2019 6:00,31035600,0,0.1,0
12/26/2019 7:00,31039200,0,0.1,0.1
12/26/2019 8:00,31042800,0,0.3,0.2
12/26/2019 9:00,31046400,0,0.9,1
12/26/2019 10:00,31050000,0,0.9,1
12/26/2019 11:00,31053600,0,0.9,1
12/26/2019 12:00,31057200,0,0.9,1
12/26/2019 13:00,31060800,0,0.9,0.5
12/26/2019 14:00,31064400,0,0.9,1
12/26/2019 15:00,31068000,0.2,0.9,1
12/26/2019 16:00,31071600,0.1,0.9,1
12/26/2019 17:00,31075200,0.2,0.9,1
12/26/2019 18:00,31078800,0.1,0.5,0.3
12/26/2019 19:00,31082400,0,0.3,0.1
12/26/2019 20:00,31086000,0,0.3,0.1
12/26/2019 21:00,31089600,0,0.2,0
12/26/2019 22:00,31093200,0,0.2,0
12/26/2019 23:00,31096800,0,0.1,0
12/27/2019 0:00,31100400,0,0.05,0
12/27/2019 1:00,31104000,0,0.05,0
12/27/2019 2:00,31107600,0,0.05,0
12/27/2019 3:00,31111200,0,0.05,0
12/27/2019 4:00,31114800,0,0.05,0
12/27/2019 5:00,31118400,0,0.05,0
12/27/2019 6:00,31122000,0,0.1,0
12/27/2019 7:00,31125600,0,0.1,0.1
12/27/2019 8:00,31129200,0,0.3,0.2
12/27/2019 9:00,31132800,0,0.9,1
12/27/2019 10:00,31136400,0,0.9,1
12/27/2019 11:00,31140000,0,0.9,1
12/27/2019 12:00,31143600,0,0.9,1
12/27/2019 13:00,31147200,0,0.9,0.5
12/27/2019 14:00,31150800,0,0.9,1
12/27/2019 15:00,31154400,0,0.9,1
12/27/2019 16:00,31158000,0,0.9,1
12/27/2019 17:00,31161600,0,0.9,1
12/27/2019 18:00,31165200,0,0.5,0.3
12/27/2019 19:00,31168800,0,0.3,0.1
12/27/2019 20:00,31172400,0,0.3,0.1
12/27/2019 21:00,31176000,0,0.2,0
12/27/2019 22:00,31179600,0,0.2,0
12/27/2019 23:00,31183200,0,0.1,0
12/28/2019 0:00,31186800,0,0.05,0
12/28/2019 1:00,31190400,0,0.05,0
12/28/2019 2:00,31194000,0,0.05,0
12/28/2019 3:00,31197600,0,0.05,0
12/28/2019 4:00,31201200,0,0.05,0
12/28/2019 5:00,31204800,0,0.05,0
12/28/2019 6:00,31208400,0,0.1,0
12/28/2019 7:00,31212000,0,0.1,0.1
12/28/2019 8:00,31215600,0,0.3,0.2
12/28/2019 9:00,31219200,0,0.9,1
12/28/2019 10:00,31222800,0,0.9,1
12/28/2019 11:00,31226400,0,0.9,1
12/28/2019 12:00,31230000,0,0.9,1
12/28/2019 13:00,31233600,0,0.9,0.5
12/28/2019 14:00,31237200,0,0.9,1
12/28/2019 15:00,31240800,0,0.9,1
12/28/2019 16:00,31244400,0,0.9,1
12/28/2019 17:00,31248000,0.2,0.9,1
12/28/2019 18:00,31251600,0.1,0.5,0.3
12/28/2019 19:00,31255200,0,0.3,0.1
12/28/2019 20:00,31258800,0,0.3,0.1
12/28/2019 21:00,31262400,0,0.2,0
12/28/2019 22:00,31266000,0,0.2,0
12/28/2019 23:00,31269600,0,0.1,0
12/29/2019 0:00,31273200,0,0.05,0
12/29/2019 1:00,31276800,0,0.05,0
12/29/2019 2:00,31280400,0,0.05,0
12/29/2019 3:00,31284000,0,0.05,0
12/29/2019 4:00,31287600,0,0.05,0
12/29/2019 5:00,31291200,0,0.05,0
12/29/2019 6:00,31294800,0.1,0.05,0
12/29/2019 7:00,31298400,0.1,0.1,0.1
12/29/2019 8:00,31302000,0.1,0.1,0.1
12/29/2019 9:00,31305600,0.1,0.3,0.3
12/29/2019 10:00,31309200,0.1,0.3,0.3
12/29/2019 11:00,31312800,0.1,0.3,0.3
12/29/2019 12:00,31316400,0.1,0.3,0.3
12/29/2019 13:00,31320000,0.1,0.15,0.1
12/29/2019 14:00,31323600,0.3,0.15,0.1
12/29/2019 15:00,31327200,0.1,0.15,0.1
12/29/2019 16:00,31330800,0.1,0.15,0.1
12/29/2019 17:00,31334400,0.1,0.15,0.1
12/29/2019 18:00,31338000,0,0.05,0
12/29/2019 19:00,31341600,0,0.05,0
12/29/2019 20:00,31345200,0,0.05,0
12/29/2019 21:00,31348800,0,0.05,0
12/29/2019 22:00,31352400,0,0.05,0
12/29/2019 23:00,31356000,0,0.05,0
12/30/2019 0:00,31359600,0,0.05,0
12/30/2019 1:00,31363200,0,0,0
12/30/2019 2:00,31366800,0,0,0
12/30/2019 3:00,31370400,0,0,0
12/30/2019 4:00,31374000,0,0,0
12/30/2019 5:00,31377600,0,0,0
12/30/2019 6:00,31381200,0,0,0
12/30/2019 7:00,31384800,0,0,0
12/30/2019 8:00,31388400,0,0,0
12/30/2019 9:00,31392000,0,0,0
12/30/2019 10:00,31395600,0,0,0
12/30/2019 11:00,31399200,0,0,0
12/30/2019 12:00,31402800,0,0,0
12/30/2019 13:00,31406400,0,0,0
12/30/2019 14:00,31410000,0.1,0,0
12/30/2019 15:00,31413600,0.1,0,0
12/30/2019 16:00,31417200,0,0,0
12/30/2019 17:00,31420800,0,0,0
12/30/2019 18:00,31424400,0,0,0
12/30/2019 19:00,31428000,0,0,0
12/30/2019 20:00,31431600,0,0,0
12/30/2019 21:00,31435200,0,0,0
12/30/2019 22:00,31438800,0,0,0
12/30/2019 23:00,31442400,0,0,0
12/31/2019 0:00,31446000,0,0,0
12/31/2019 1:00,31449600,0,0.05,0
12/31/2019 2:00,31453200,0,0.05,0
12/31/2019 3:00,31456800,0,0.05,0
12/31/2019 4:00,31460400,0,0.05,0
12/31/2019 5:00,31464000,0,0.05,0
12/31/2019 6:00,31467600,0,0.1,0
12/31/2019 7:00,31471200,0,0.1,0.1
12/31/2019 8:00,31474800,0,0.3,0.2
12/31/2019 9:00,31478400,0,0.9,1
12/31/2019 10:00,31482000,0,0.9,1
12/31/2019 11:00,31485600,0.1,0.9,1
12/31/2019 12:00,31489200,0.1,0.9,1
12/31/2019 13:00,31492800,0.2,0.9,0.5
12/31/2019 14:00,31496400,0.6,0.9,1
12/31/2019 15:00,31500000,0.1,0.9,1
12/31/2019 16:00,31503600,0.1,0.9,1
12/31/2019 17:00,31507200,0,0.9,1
12/31/2019 18:00,31510800,0,0.5,0.3
12/31/2019 19:00,31514400,0,0.3,0.1
12/31/2019 20:00,31518000,0,0.3,0.1
12/31/2019 21:00,31521600,0,0.2,0
12/31/2019 22:00,31525200,0,0.2,0
12/31/2019 23:00,31528800,0,0.1,0
1/1/2020 0:00,31532400,0,0.05,0
